Workbook

Sheet Raw Data
B10: C1 | C10: C2 | D10: C3 | E10: C4 | F10: C5 | G10: C6 | H10: C7 | I10: C8 | J10: C9 | K10: C10 | L10: C11 | M10: C12 | N10: C13 | O10: C14 | P10: C15 | Q10: C16 | R10: C17 | S10: C18 | T10: C19 | U10: C20 | V10: C21 | W10: C22 | X10: C23 | Y10: C24 | Z10: C25 | AA10: C26 | AB10: C27 | AC10: C28 | AD10: C29 | AE10: C30 | AF10: C31 | AG10: C32 | AH10: C33 | AI10: C34 | AJ10: C35 | AK10: C36 | AL10: C37 | AM10: C38 | AN10: C39 | AO10: C40 | AP10: C41
P11: 0 | Q11: 0 | Y11: 0 | Z11: 0 | AG11: 0 | AH11: 0 | AI11: 0 | AJ11: 0 | AP11: 0
P12: 0 | Q12: 0 | Y12: 0 | Z12: 0 | AG12: 0 | AH12: 0 | AI12: 0 | AJ12: 0 | AP12: 0
P13: 0 | Q13: 0 | Y13: 0 | Z13: 0 | AG13: 0 | AH13: 0 | AI13: 0 | AJ13: 0 | AP13: 0
P14: 0 | Q14: 0 | Y14: 0 | Z14: 0 | AG14: 0 | AH14: 0 | AI14: 0 | AJ14: 0 | AP14: 0
P15: 0 | Q15: 0 | Y15: 0 | Z15: 0 | AG15: 0 | AH15: 0 | AI15: 0 | AJ15: 0 | AP15: 0
P16: 0 | Q16: 0 | Y16: 0 | Z16: 0 | AG16: 0 | AH16: 0 | AI16: 0 | AJ16: 0 | AP16: 0
P17: 0 | Q17: 0 | Y17: 0 | Z17: 0 | AG17: 0 | AH17: 0 | AI17: 0 | AJ17: 0 | AP17: 0
P18: 0 | Q18: 0 | Y18: 0 | Z18: 0 | AG18: 0 | AH18: 0 | AI18: 0 | AJ18: 0 | AP18: 0
P19: 0 | Q19: 0 | Y19: 0 | Z19: 0 | AA19: 0 | AF19: 0 | AG19: 0 | AH19: 0 | AI19: 0 | AJ19: 0 | AP19: 0
P20: 0 | Q20: 0 | Y20: 0 | Z20: 0 | AG20: 0 | AH20: 0 | AI20: 0 | AJ20: 0 | AP20: 0
P21: 0 | Q21: 0 | Y21: 0 | Z21: 0 | AG21: 0 | AH21: 0 | AI21: 0 | AJ21: 0 | AP21: 0
P22: 0 | Q22: 0 | Y22: 0 | Z22: 0 | AG22: 0 | AH22: 0 | AI22: 0 | AJ22: 0 | AP22: 0
P23: 0 | Q23: 0 | Y23: 0 | Z23: 0 | AG23: 0 | AH23: 0 | AI23: 0 | AJ23: 0 | AP23: 0
P24: 0 | Q24: 0 | Y24: 0 | Z24: 0 | AG24: 0 | AH24: 0 | AI24: 0 | AJ24: 0 | AP24: 0
P25: 0 | Q25: 0 | Y25: 0 | Z25: 0 | AG25: 0 | AH25: 0 | AI25: 0 | AJ25: 0 | AP25: 0
P26: 0 | Q26: 0 | Y26: 0 | Z26: 0 | AG26: 0 | AH26: 0 | AI26: 0 | AJ26: 0 | AP26: 0
P27: 0 | Q27: 0 | Y27: 0 | Z27: 0 | AG27: 0 | AH27: 0 | AI27: 0 | AJ27: 0 | AP27: 0
P28: 0 | Q28: 0 | Y28: 0 | Z28: 0 | AG28: 0 | AH28: 0 | AI28: 0 | AJ28: 0 | AP28: 0
P29: 0 | Q29: 0 | Y29: 0 | Z29: 0 | AG29: 0 | AH29: 0 | AI29: 0 | AJ29: 0 | AP29: 0
P30: 0 | Q30: 0 | Y30: 0 | Z30: 0 | AG30: 0 | AH30: 0 | AI30: 0 | AJ30: 0 | AP30: 0
P31: 0 | Q31: 0 | Y31: 0 | Z31: 0 | AG31: 0 | AH31: 0 | AI31: 0 | AJ31: 0 | AP31: 0
... P42: 0 | Q42: 0 | Y42: 0 | Z42: 0 | AG42: 0 | AH42: 0 | AI42: 0 | AJ42: 0 | AP42: 0
K43: 0 | P43: 0 | Q43: 0 | Y43: 0 | Z43: 0 | AG43: 0 | AH43: 0 | AI43: 0 | AJ43: 0 | AP43: 0
K44: 0 | P44: 0 | Q44: 0 | Y44: 0 | Z44: 0 | AG44: 0 | AH44: 0 | AI44: 0 | AJ44: 0 | AP44: 0
P45: 0 | Q45: 0 | Y45: 0 | Z45: 0 | AG45: 0 | AH45: 0 | AI45: 0 | AJ45: 0 | AP45: 0
P46: 0 | Q46: 0 | Y46: 0 | Z46: 0 | AG46: 0 | AH46: 0 | AI46: 0 | AJ46: 0 | AP46: 0
P47: 0 | Q47: 0 | Y47: 0 | Z47: 0 | AG47: 0 | AH47: 0 | AI47: 0 | AJ47: 0 | AP47: 0
P48: 0 | Q48: 0 | Y48: 0 | Z48: 0 | AG48: 0 | AH48: 0 | AI48: 0 | AJ48: 0 | AP48: 0
P49: 0 | Q49: 0 | Y49: 0 | Z49: 0 | AG49: 0 | AH49: 0 | AI49: 0 | AJ49: 0 | AP49: 0
P50: 0 | Q50: 0 | Y50: 0 | Z50: 0 | AG50: 0 | AH50: 0 | AI50: 0 | AJ50: 0 | AP50: 0
P51: 0 | Q51: 0 | Y51: 0 | Z51: 0 | AG51: 0 | AH51: 0 | AI51: 0 | AJ51: 0 | AP51: 0
Q52: 0 | Y52: 0 | Z52: 0 | AG52: 0 | AH52: 0 | AI52: 0 | AJ52: 0 | AP52: 0
Q53: 0 | Y53: 0 | Z53: 0 | AG53: 0 | AH53: 0 | AI53: 0 | AJ53: 0 | AP53: 0
Q54: 0 | Y54: 0 | Z54: 0 | AG54: 0 | AH54: 0 | AI54: 0 | AJ54: 0 | AP54: 0
Q55: 0 | V55: 0 | W55: 0 | X55: 0 | Y55: 0 | Z55: 0 | AG55: 0 | AH55: 0 | AI55: 0 | AJ55: 0 | AP55: 0
Q56: 0 | V56: 0 | W56: 0 | X56: 0 | Y56: 0 | Z56: 0 | AB56: 0 | AC56: 0 | AD56: 0 | AE56: 0 | AG56: 0 | AH56: 0 | AI56: 0 | AJ56: 0 | AP56: 0
Q57: 0 | V57: 0 | W57: 0 | X57: 0 | Y57: 0 | Z57: 0 | AB57: 0 | AC57: 0 | AD57: 0 | AE57: 0 | AG57: 0 | AH57: 0 | AI57: 0 | AJ57: 0 | AP57: 0
Q58: 0 | V58: 0 | W58: 0 | X58: 0 | Y58: 0 | Z58: 0 | AB58: 0 | AC58: 0 | AD58: 0 | AE58: 0 | AG58: 0 | AH58: 0 | AI58: 0 | AJ58: 0 | AP58: 0
Q59: 0 | V59: 0 | W59: 0 | X59: 0 | Y59: 0 | Z59: 0 | AB59: 0 | AC59: 0 | AD59: 0 | AE59: 0 | AG59: 0 | AH59: 0 | AI59: 0 | AJ59: 0 | AK59: 0 | AL59: 0 | AM59: 0 | AN59: 0 | AP59: 0
N60: 0 | Q60: 0 | V60: 0 | W60: 0 | X60: 0 | Y60: 0 | Z60: 0 | AB60: 0 | AC60: 0 | AD60: 0 | AE60: 0 | AG60: 0 | AH60: 0 | AI60: 0 | AJ60: 0 | AK60: 0 | AL60: 0 | AM60: 0 | AN60: 0 | AP60: 0
J61: 0 | N61: 0 | Q61: 0 | V61: 0 | W61: 0 | X61: 0 | Y61: 0 | Z61: 0 | AB61: 0 | AC61: 0 | AD61: 0 | AE61: 0 | AG61: 0 | AH61: 0 | AI61: 0 | AJ61: 0 | AK61: 0 | AL61: 0 | AM61: 0 | AN61: 0 | AP61: 0
N62: 0 | Q62: 0 | V62: 0 | W62: 0 | X62: 0 | Y62: 0 | Z62: 0 | AB62: 0 | AC62: 0 | AD62: 0 | AE62: 0 | AG62: 0 | AH62: 0 | AI62: 0 | AJ62: 0 | AK62: 0 | AL62: 0 | AM62: 0 | AN62: 0 | AP62: 0
J63: 0 | N63: 0 | Q63: 0 | V63: 0 | W63: 0 | X63: 0 | Y63: 0 | Z63: 0 | AB63: 0 | AC63: 0 | AD63: 0 | AE63: 0 | AG63: 0 | AH63: 0 | AI63: 0 | AJ63: 0 | AK63: 0 | AL63: 0 | AM63: 0 | AN63: 0 | AP63: 0
J64: 0 | N64: 0 | Q64: 0 | V64: 0 | W64: 0 | X64: 0 | Y64: 0 | Z64: 0 | AB64: 0 | AC64: 0 | AD64: 0 | AE64: 0 | AG64: 0 | AH64: 0 | AI64: 0 | AJ64: 0 | AK64: 0 | AL64: 0 | AM64: 0 | AN64: 0 | AP64: 0
J65: 0 | N65: 0 | Q65: 0 | V65: 0 | W65: 0 | X65: 0 | Y65: 0 | Z65: 0 | AB65: 0 | AC65: 0 | AD65: 0 | AE65: 0 | AG65: 0 | AH65: 0 | AI65: 0 | AJ65: 0 | AK65: 0 | AL65: 0 | AM65: 0 | AN65: 0 | AP65: 0
B66: Grand Total | J66: 0 | K66: 0 | L66: 0 | M66: 0 | N66: 0 | P66: 0 | Q66: 0 | T66: 0 | U66: 0 | V66: 0 | W66: 0 | X66: 0 | Y66: 0 | Z66: 0 | AA66: 0 | AB66: 0 | AC66: 0 | AD66: 0 | AE66: 0 | AF66: 0 | AG66: 0 | AH66: 0 | AI66: 0 | AJ66: -2146826281 | AK66: 0 | AL66: 0 | AM66: 0 | AN66: 0 | AO66: 0 | AP66: 0

Sheet Validate_Empty
B9: FALSE | C9: FALSE | D9: FALSE | E9: FALSE | F9: FALSE | G9: FALSE | H9: FALSE | I9: FALSE | J9: FALSE | K9: FALSE | L9: FALSE | M9: FALSE | N9: FALSE | O9: FALSE | P9: FALSE | Q9: FALSE | R9: FALSE | S9: FALSE | T9: FALSE | U9: FALSE | V9: FALSE | W9: FALSE | X9: FALSE | Y9: FALSE | Z9: FALSE | AA9: FALSE | AB9: FALSE | AC9: FALSE | AD9: FALSE | AE9: FALSE | AF9: FALSE | AG9: FALSE | AH9: FALSE | AI9: FALSE | AJ9: FALSE | AK9: FALSE | AL9: FALSE | AM9: FALSE | AN9: FALSE | AO9: FALSE | AP9: FALSE
B10: C1 | C10: C2 | D10: C3 | E10: C4 | F10: C5 | G10: C6 | H10: C7 | I10: C8 | J10: C9 | K10: C10 | L10: C11 | M10: C12 | N10: C13 | O10: C14 | P10: C15 | Q10: C16 | R10: C17 | S10: C18 | T10: C19 | U10: C20 | V10: C21 | W10: C22 | X10: C23 | Y10: C24 | Z10: C25 | AA10: C26 | AB10: C27 | AC10: C28 | AD10: C29 | AE10: C30 | AF10: C31 | AG10: C32 | AH10: C33 | AI10: C34 | AJ10: C35 | AK10: C36 | AL10: C37 | AM10: C38 | AN10: C39 | AO10: C40 | AP10: C41

Sheet Validate_Value
B9: NVARCHAR(255) | C9: NVARCHAR(50) | D9: NVARCHAR(500) | E9: NVARCHAR(50) | F9: NVARCHAR(50) | G9: NVARCHAR(50) | H9: NVARCHAR(50) | I9: NVARCHAR(50) | J9: DECIMAL(13,2) | K9: DECIMAL(13,2) | L9: DECIMAL(13,2) | M9: DECIMAL(13,2) | N9: DECIMAL(13,2) | O9: DATE | P9: DECIMAL(13,2) | Q9: DECIMAL(13,2) | R9: NVARCHAR(50) | S9: NVARCHAR(50) | T9: DECIMAL(13,2) | U9: DECIMAL(13,2) | V9: DECIMAL(13,2) | W9: DECIMAL(13,2) | X9: DECIMAL(13,2) | Y9: DECIMAL(13,2) | Z9: DECIMAL(13,2) | AA9: DECIMAL(13,2) | AB9: DECIMAL(13,2) | AC9: DECIMAL(13,2) | AD9: DECIMAL(13,2) | AE9: DECIMAL(13,2) | AF9: DECIMAL(13,2) | AG9: DECIMAL(13,2) | AH9: DECIMAL(13,2) | AI9: DECIMAL(13,2) | AJ9: DECIMAL(13,2) [Percentage] | AK9: DECIMAL(13,2) | AL9: DECIMAL(13,2) | AM9: DECIMAL(13,2) | AN9: DECIMAL(13,2) | AO9: DECIMAL(13,2) | AP9: DECIMAL(13,2)
B10: C1 | C10: C2 | D10: C3 | E10: C4 | F10: C5 | G10: C6 | H10: C7 | I10: C8 | J10: C9 | K10: C10 | L10: C11 | M10: C12 | N10: C13 | O10: C14 | P10: C15 | Q10: C16 | R10: C17 | S10: C18 | T10: C19 | U10: C20 | V10: C21 | W10: C22 | X10: C23 | Y10: C24 | Z10: C25 | AA10: C26 | AB10: C27 | AC10: C28 | AD10: C29 | AE10: C30 | AF10: C31 | AG10: C32 | AH10: C33 | AI10: C34 | AJ10: C35 | AK10: C36 | AL10: C37 | AM10: C38 | AN10: C39 | AO10: C40 | AP10: C41
B11: {=IFERROR(IF(OR('Raw Data'!B11="",LEN(TRIM('Raw Data'!B11))=0),"",IF(AND(LEN('Raw Data'!B11) <= 255,LEN('Raw Data'!B11)> 0),"",_xlfn.REGEXEXTRACT(CELL("address",'Raw Data'!B11),"\$([A-Z]+)\$[0-9]+"))),_xlfn.REGEXEXTRACT(CELL("address",'Raw Data'!B11),"\$([A-Z]+)\$[0-9]+"))} | C11: {=IFERROR(IF(OR('Raw Data'!C11="",LEN(TRIM('Raw Data'!C11))=0),"",IF(AND(LEN('Raw Data'!C11) <= 50,LEN('Raw Data'!C11)> 0),"",_xlfn.REGEXEXTRACT(CELL("address",'Raw Data'!C11),"\$([A-Z]+)\$[0-9]+"))),_xlfn.REGEXEXTRACT(CELL("address",'Raw Data'!C11),"\$([A-Z]+)\$[0-9]+"))} | D11: {=IFERROR(IF(OR('Raw Data'!D11="",LEN(TRIM('Raw Data'!D11))=0),"",IF(AND(LEN('Raw Data'!D11) <= 500,LEN('Raw Data'!D11)> 0),"",_xlfn.REGEXEXTRACT(CELL("address",'Raw Data'!D11),"\$([A-Z]+)\$[0-9]+"))),_xlfn.REGEXEXTRACT(CELL("address",'Raw Data'!D11),"\$([A-Z]+)\$[0-9]+"))} | E11: {=IFERROR(IF(OR('Raw Data'!E11="",LEN(TRIM('Raw Data'!E11))=0),"",IF(AND(LEN('Raw Data'!E11) <= 50,LEN('Raw Data'!E11)> 0),"",_xlfn.REGEXEXTRACT(CELL("address",'Raw Data'!E11),"\$([A-Z]+)\$[0-9]+"))),_xlfn.REGEXEXTRACT(CELL("address",'Raw Data'!E11),"\$([A-Z]+)\$[0-9]+"))} | F11: {=IFERROR(IF(OR('Raw Data'!F11="",LEN(TRIM('Raw Data'!F11))=0),"",IF(AND(LEN('Raw Data'!F11) <= 50,LEN('Raw Data'!F11)> 0),"",_xlfn.REGEXEXTRACT(CELL("address",'Raw Data'!F11),"\$([A-Z]+)\$[0-9]+"))),_xlfn.REGEXEXTRACT(CELL("address",'Raw Data'!F11),"\$([A-Z]+)\$[0-9]+"))} | G11: {=IFERROR(IF(OR('Raw Data'!G11="",LEN(TRIM('Raw Data'!G11))=0),"",IF(AND(LEN('Raw Data'!G11) <= 50,LEN('Raw Data'!G11)> 0),"",_xlfn.REGEXEXTRACT(CELL("address",'Raw Data'!G11),"\$([A-Z]+)\$[0-9]+"))),_xlfn.REGEXEXTRACT(CELL("address",'Raw Data'!G11),"\$([A-Z]+)\$[0-9]+"))} | H11: {=IFERROR(IF(OR('Raw Data'!H11="",LEN(TRIM('Raw Data'!H11))=0),"",IF(AND(LEN('Raw Data'!H11) <= 50,LEN('Raw Data'!H11)> 0),"",_xlfn.REGEXEXTRACT(CELL("address",'Raw Data'!H11),"\$([A-Z]+)\$[0-9]+"))),_xlfn.REGEXEXTRACT(CELL("address",'Raw Data'!H11),"\$([A-Z]+)\$[0-9]+"))} | I11: {=IFERROR(IF(OR('Raw Data'!I11="",LEN(TRIM('Raw Data'!I11))=0),"",IF(AND(LEN('Raw Data'!I11) <= 50,LEN('Raw Data'!I11)> 0),"",_xlfn.REGEXEXTRACT(CELL("address",'Raw Data'!I11),"\$([A-Z]+)\$[0-9]+"))),_xlfn.REGEXEXTRACT(CELL("address",'Raw Data'!I11),"\$([A-Z]+)\$[0-9]+"))} | J11: {=IFERROR(IF(OR('Raw Data'!J11="",LEN(TRIM('Raw Data'!J11))=0),"",IF(AND(ISNUMBER('Raw Data'!J11), IFERROR('Raw Data'!J11 = ROUND('Raw Data'!J11, 2),FALSE)),"",_xlfn.REGEXEXTRACT(CELL("address",J11), "\$([A-Z]+)\$[0-9]+"))),_xlfn.REGEXEXTRACT(CELL("address",J11), "\$([A-Z]+)\$[0-9]+"))} | K11: {=IFERROR(IF(OR('Raw Data'!K11="",LEN(TRIM('Raw Data'!K11))=0),"",IF(AND(ISNUMBER('Raw Data'!K11), IFERROR('Raw Data'!K11 = ROUND('Raw Data'!K11, 2),FALSE)),"",_xlfn.REGEXEXTRACT(CELL("address",K11), "\$([A-Z]+)\$[0-9]+"))),_xlfn.REGEXEXTRACT(CELL("address",K11), "\$([A-Z]+)\$[0-9]+"))} | L11: {=IFERROR(IF(OR('Raw Data'!L11="",LEN(TRIM('Raw Data'!L11))=0),"",IF(AND(ISNUMBER('Raw Data'!L11), IFERROR('Raw Data'!L11 = ROUND('Raw Data'!L11, 2),FALSE)),"",_xlfn.REGEXEXTRACT(CELL("address",L11), "\$([A-Z]+)\$[0-9]+"))),_xlfn.REGEXEXTRACT(CELL("address",L11), "\$([A-Z]+)\$[0-9]+"))} | M11: {=IFERROR(IF(OR('Raw Data'!M11="",LEN(TRIM('Raw Data'!M11))=0),"",IF(AND(ISNUMBER('Raw Data'!M11), IFERROR('Raw Data'!M11 = ROUND('Raw Data'!M11, 2),FALSE)),"",_xlfn.REGEXEXTRACT(CELL("address",M11), "\$([A-Z]+)\$[0-9]+"))),_xlfn.REGEXEXTRACT(CELL("address",M11), "\$([A-Z]+)\$[0-9]+"))} | N11: {=IFERROR(IF(OR('Raw Data'!N11="",LEN(TRIM('Raw Data'!N11))=0),"",IF(AND(ISNUMBER('Raw Data'!N11), IFERROR('Raw Data'!N11 = ROUND('Raw Data'!N11, 2),FALSE)),"",_xlfn.REGEXEXTRACT(CELL("address",N11), "\$([A-Z]+)\$[0-9]+"))),_xlfn.REGEXEXTRACT(CELL("address",N11), "\$([A-Z]+)\$[0-9]+"))} | O11: {=IFERROR(IF(OR('Raw Data'!O11="",LEN(TRIM('Raw Data'!O11))=0),"",IF(AND(ISNUMBER('Raw Data'!O11),'Raw Data'!O11>=Configuration!$D$2),"",_xlfn.REGEXEXTRACT(CELL("address",'Raw Data'!O11),"\$([A-Z]+)\$[0-9]+"))),_xlfn.REGEXEXTRACT(CELL("address",O11), "\$([A-Z]+)\$[0-9]+"))} | P11: {=IFERROR(IF(OR('Raw Data'!P11="",LEN(TRIM('Raw Data'!P11))=0),"",IF(AND(ISNUMBER('Raw Data'!P11), IFERROR('Raw Data'!P11 = ROUND('Raw Data'!P11, 2),FALSE)),"",_xlfn.REGEXEXTRACT(CELL("address",P11), "\$([A-Z]+)\$[0-9]+"))),_xlfn.REGEXEXTRACT(CELL("address",P11), "\$([A-Z]+)\$[0-9]+"))} | Q11: {=IFERROR(IF(OR('Raw Data'!Q11="",LEN(TRIM('Raw Data'!Q11))=0),"",IF(AND(ISNUMBER('Raw Data'!Q11), IFERROR('Raw Data'!Q11 = ROUND('Raw Data'!Q11, 2),FALSE)),"",_xlfn.REGEXEXTRACT(CELL("address",Q11), "\$([A-Z]+)\$[0-9]+"))),_xlfn.REGEXEXTRACT(CELL("address",Q11), "\$([A-Z]+)\$[0-9]+"))} | R11: {=IFERROR(IF(OR('Raw Data'!R11="",LEN(TRIM('Raw Data'!R11))=0),"",IF(AND(LEN('Raw Data'!R11) <= 50,LEN('Raw Data'!R11)> 0),"",_xlfn.REGEXEXTRACT(CELL("address",'Raw Data'!R11),"\$([A-Z]+)\$[0-9]+"))),_xlfn.REGEXEXTRACT(CELL("address",'Raw Data'!R11),"\$([A-Z]+)\$[0-9]+"))} | S11: {=IFERROR(IF(OR('Raw Data'!S11="",LEN(TRIM('Raw Data'!S11))=0),"",IF(AND(LEN('Raw Data'!S11) <= 50,LEN('Raw Data'!S11)> 0),"",_xlfn.REGEXEXTRACT(CELL("address",'Raw Data'!S11),"\$([A-Z]+)\$[0-9]+"))),_xlfn.REGEXEXTRACT(CELL("address",'Raw Data'!S11),"\$([A-Z]+)\$[0-9]+"))} | T11: {=IFERROR(IF(OR('Raw Data'!T11="",LEN(TRIM('Raw Data'!T11))=0),"",IF(AND(ISNUMBER('Raw Data'!T11), IFERROR('Raw Data'!T11 = ROUND('Raw Data'!T11, 2),FALSE)),"",_xlfn.REGEXEXTRACT(CELL("address",T11), "\$([A-Z]+)\$[0-9]+"))),_xlfn.REGEXEXTRACT(CELL("address",T11), "\$([A-Z]+)\$[0-9]+"))} | U11: {=IFERROR(IF(OR('Raw Data'!U11="",LEN(TRIM('Raw Data'!U11))=0),"",IF(AND(ISNUMBER('Raw Data'!U11), IFERROR('Raw Data'!U11 = ROUND('Raw Data'!U11, 2),FALSE)),"",_xlfn.REGEXEXTRACT(CELL("address",U11), "\$([A-Z]+)\$[0-9]+"))),_xlfn.REGEXEXTRACT(CELL("address",U11), "\$([A-Z]+)\$[0-9]+"))} | V11: {=IFERROR(IF(OR('Raw Data'!V11="",LEN(TRIM('Raw Data'!V11))=0),"",IF(AND(ISNUMBER('Raw Data'!V11), IFERROR('Raw Data'!V11 = ROUND('Raw Data'!V11, 2),FALSE)),"",_xlfn.REGEXEXTRACT(CELL("address",V11), "\$([A-Z]+)\$[0-9]+"))),_xlfn.REGEXEXTRACT(CELL("address",V11), "\$([A-Z]+)\$[0-9]+"))} | W11: {=IFERROR(IF(OR('Raw Data'!W11="",LEN(TRIM('Raw Data'!W11))=0),"",IF(AND(ISNUMBER('Raw Data'!W11), IFERROR('Raw Data'!W11 = ROUND('Raw Data'!W11, 2),FALSE)),"",_xlfn.REGEXEXTRACT(CELL("address",W11), "\$([A-Z]+)\$[0-9]+"))),_xlfn.REGEXEXTRACT(CELL("address",W11), "\$([A-Z]+)\$[0-9]+"))} | X11: {=IFERROR(IF(OR('Raw Data'!X11="",LEN(TRIM('Raw Data'!X11))=0),"",IF(AND(ISNUMBER('Raw Data'!X11), IFERROR('Raw Data'!X11 = ROUND('Raw Data'!X11, 2),FALSE)),"",_xlfn.REGEXEXTRACT(CELL("address",X11), "\$([A-Z]+)\$[0-9]+"))),_xlfn.REGEXEXTRACT(CELL("address",X11), "\$([A-Z]+)\$[0-9]+"))} | Y11: {=IFERROR(IF(OR('Raw Data'!Y11="",LEN(TRIM('Raw Data'!Y11))=0),"",IF(AND(ISNUMBER('Raw Data'!Y11), IFERROR('Raw Data'!Y11 = ROUND('Raw Data'!Y11, 2),FALSE)),"",_xlfn.REGEXEXTRACT(CELL("address",Y11), "\$([A-Z]+)\$[0-9]+"))),_xlfn.REGEXEXTRACT(CELL("address",Y11), "\$([A-Z]+)\$[0-9]+"))} | Z11: {=IFERROR(IF(OR('Raw Data'!Z11="",LEN(TRIM('Raw Data'!Z11))=0),"",IF(AND(ISNUMBER('Raw Data'!Z11), IFERROR('Raw Data'!Z11 = ROUND('Raw Data'!Z11, 2),FALSE)),"",_xlfn.REGEXEXTRACT(CELL("address",Z11), "\$([A-Z]+)\$[0-9]+"))),_xlfn.REGEXEXTRACT(CELL("address",Z11), "\$([A-Z]+)\$[0-9]+"))} | AA11: {=IFERROR(IF(OR('Raw Data'!AA11="",LEN(TRIM('Raw Data'!AA11))=0),"",IF(AND(ISNUMBER('Raw Data'!AA11), IFERROR('Raw Data'!AA11 = ROUND('Raw Data'!AA11, 2),FALSE)),"",_xlfn.REGEXEXTRACT(CELL("address",AA11), "\$([A-Z]+)\$[0-9]+"))),_xlfn.REGEXEXTRACT(CELL("address",AA11), "\$([A-Z]+)\$[0-9]+"))} | ... AI11: {=IFERROR(IF(OR('Raw Data'!AI11="",LEN(TRIM('Raw Data'!AI11))=0),"",IF(AND(ISNUMBER('Raw Data'!AI11), IFERROR('Raw Data'!AI11 = ROUND('Raw Data'!AI11, 2),FALSE)),"",_xlfn.REGEXEXTRACT(CELL("address",AI11), "\$([A-Z]+)\$[0-9]+"))),_xlfn.REGEXEXTRACT(CELL("address",AI11), "\$([A-Z]+)\$[0-9]+"))} | AJ11: {=IFERROR(IF(OR('Raw Data'!AJ11="",LEN(TRIM('Raw Data'!AJ11))=0),"",IF(AND(ISNUMBER('Raw Data'!AJ11), IFERROR('Raw Data'!AJ11 = ROUND('Raw Data'!AJ11, 4),FALSE)),"",_xlfn.REGEXEXTRACT(CELL("address",AJ11), "\$([A-Z]+)\$[0-9]+"))),_xlfn.REGEXEXTRACT(CELL("address",AJ11), "\$([A-Z]+)\$[0-9]+"))} | AK11: {=IFERROR(IF(OR('Raw Data'!AK11="",LEN(TRIM('Raw Data'!AK11))=0),"",IF(AND(ISNUMBER('Raw Data'!AK11), IFERROR('Raw Data'!AK11 = ROUND('Raw Data'!AK11, 2),FALSE)),"",_xlfn.REGEXEXTRACT(CELL("address",AK11), "\$([A-Z]+)\$[0-9]+"))),_xlfn.REGEXEXTRACT(CELL("address",AK11), "\$([A-Z]+)\$[0-9]+"))} | AL11: {=IFERROR(IF(OR('Raw Data'!AL11="",LEN(TRIM('Raw Data'!AL11))=0),"",IF(AND(ISNUMBER('Raw Data'!AL11), IFERROR('Raw Data'!AL11 = ROUND('Raw Data'!AL11, 2),FALSE)),"",_xlfn.REGEXEXTRACT(CELL("address",AL11), "\$([A-Z]+)\$[0-9]+"))),_xlfn.REGEXEXTRACT(CELL("address",AL11), "\$([A-Z]+)\$[0-9]+"))} | AM11: {=IFERROR(IF(OR('Raw Data'!AM11="",LEN(TRIM('Raw Data'!AM11))=0),"",IF(AND(ISNUMBER('Raw Data'!AM11), IFERROR('Raw Data'!AM11 = ROUND('Raw Data'!AM11, 2),FALSE)),"",_xlfn.REGEXEXTRACT(CELL("address",AM11), "\$([A-Z]+)\$[0-9]+"))),_xlfn.REGEXEXTRACT(CELL("address",AM11), "\$([A-Z]+)\$[0-9]+"))} | AN11: {=IFERROR(IF(OR('Raw Data'!AN11="",LEN(TRIM('Raw Data'!AN11))=0),"",IF(AND(ISNUMBER('Raw Data'!AN11), IFERROR('Raw Data'!AN11 = ROUND('Raw Data'!AN11, 2),FALSE)),"",_xlfn.REGEXEXTRACT(CELL("address",AN11), "\$([A-Z]+)\$[0-9]+"))),_xlfn.REGEXEXTRACT(CELL("address",AN11), "\$([A-Z]+)\$[0-9]+"))} | AO11: {=IFERROR(IF(OR('Raw Data'!AO11="",LEN(TRIM('Raw Data'!AO11))=0),"",IF(AND(ISNUMBER('Raw Data'!AO11), IFERROR('Raw Data'!AO11 = ROUND('Raw Data'!AO11, 2),FALSE)),"",_xlfn.REGEXEXTRACT(CELL("address",AO11), "\$([A-Z]+)\$[0-9]+"))),_xlfn.REGEXEXTRACT(CELL("address",AO11), "\$([A-Z]+)\$[0-9]+"))} | AP11: {=IFERROR(IF(OR('Raw Data'!AP11="",LEN(TRIM('Raw Data'!AP11))=0),"",IF(AND(ISNUMBER('Raw Data'!AP11), IFERROR('Raw Data'!AP11 = ROUND('Raw Data'!AP11, 2),FALSE)),"",_xlfn.REGEXEXTRACT(CELL("address",AP11), "\$([A-Z]+)\$[0-9]+"))),_xlfn.REGEXEXTRACT(CELL("address",AP11), "\$([A-Z]+)\$[0-9]+"))}
B12: {=IFERROR(IF(OR('Raw Data'!B12="",LEN(TRIM('Raw Data'!B12))=0),"",IF(AND(LEN('Raw Data'!B12) <= 255,LEN('Raw Data'!B12)> 0),"",_xlfn.REGEXEXTRACT(CELL("address",'Raw Data'!B12),"\$([A-Z]+)\$[0-9]+"))),_xlfn.REGEXEXTRACT(CELL("address",'Raw Data'!B12),"\$([A-Z]+)\$[0-9]+"))} | C12: {=IFERROR(IF(OR('Raw Data'!C12="",LEN(TRIM('Raw Data'!C12))=0),"",IF(AND(LEN('Raw Data'!C12) <= 50,LEN('Raw Data'!C12)> 0),"",_xlfn.REGEXEXTRACT(CELL("address",'Raw Data'!C12),"\$([A-Z]+)\$[0-9]+"))),_xlfn.REGEXEXTRACT(CELL("address",'Raw Data'!C12),"\$([A-Z]+)\$[0-9]+"))} | D12: {=IFERROR(IF(OR('Raw Data'!D12="",LEN(TRIM('Raw Data'!D12))=0),"",IF(AND(LEN('Raw Data'!D12) <= 500,LEN('Raw Data'!D12)> 0),"",_xlfn.REGEXEXTRACT(CELL("address",'Raw Data'!D12),"\$([A-Z]+)\$[0-9]+"))),_xlfn.REGEXEXTRACT(CELL("address",'Raw Data'!D12),"\$([A-Z]+)\$[0-9]+"))} | E12: {=IFERROR(IF(OR('Raw Data'!E12="",LEN(TRIM('Raw Data'!E12))=0),"",IF(AND(LEN('Raw Data'!E12) <= 50,LEN('Raw Data'!E12)> 0),"",_xlfn.REGEXEXTRACT(CELL("address",'Raw Data'!E12),"\$([A-Z]+)\$[0-9]+"))),_xlfn.REGEXEXTRACT(CELL("address",'Raw Data'!E12),"\$([A-Z]+)\$[0-9]+"))} | F12: {=IFERROR(IF(OR('Raw Data'!F12="",LEN(TRIM('Raw Data'!F12))=0),"",IF(AND(LEN('Raw Data'!F12) <= 50,LEN('Raw Data'!F12)> 0),"",_xlfn.REGEXEXTRACT(CELL("address",'Raw Data'!F12),"\$([A-Z]+)\$[0-9]+"))),_xlfn.REGEXEXTRACT(CELL("address",'Raw Data'!F12),"\$([A-Z]+)\$[0-9]+"))} | G12: {=IFERROR(IF(OR('Raw Data'!G12="",LEN(TRIM('Raw Data'!G12))=0),"",IF(AND(LEN('Raw Data'!G12) <= 50,LEN('Raw Data'!G12)> 0),"",_xlfn.REGEXEXTRACT(CELL("address",'Raw Data'!G12),"\$([A-Z]+)\$[0-9]+"))),_xlfn.REGEXEXTRACT(CELL("address",'Raw Data'!G12),"\$([A-Z]+)\$[0-9]+"))} | H12: {=IFERROR(IF(OR('Raw Data'!H12="",LEN(TRIM('Raw Data'!H12))=0),"",IF(AND(LEN('Raw Data'!H12) <= 50,LEN('Raw Data'!H12)> 0),"",_xlfn.REGEXEXTRACT(CELL("address",'Raw Data'!H12),"\$([A-Z]+)\$[0-9]+"))),_xlfn.REGEXEXTRACT(CELL("address",'Raw Data'!H12),"\$([A-Z]+)\$[0-9]+"))} | I12: {=IFERROR(IF(OR('Raw Data'!I12="",LEN(TRIM('Raw Data'!I12))=0),"",IF(AND(LEN('Raw Data'!I12) <= 50,LEN('Raw Data'!I12)> 0),"",_xlfn.REGEXEXTRACT(CELL("address",'Raw Data'!I12),"\$([A-Z]+)\$[0-9]+"))),_xlfn.REGEXEXTRACT(CELL("address",'Raw Data'!I12),"\$([A-Z]+)\$[0-9]+"))} | J12: {=IFERROR(IF(OR('Raw Data'!J12="",LEN(TRIM('Raw Data'!J12))=0),"",IF(AND(ISNUMBER('Raw Data'!J12), IFERROR('Raw Data'!J12 = ROUND('Raw Data'!J12, 2),FALSE)),"",_xlfn.REGEXEXTRACT(CELL("address",J12), "\$([A-Z]+)\$[0-9]+"))),_xlfn.REGEXEXTRACT(CELL("address",J12), "\$([A-Z]+)\$[0-9]+"))} | K12: {=IFERROR(IF(OR('Raw Data'!K12="",LEN(TRIM('Raw Data'!K12))=0),"",IF(AND(ISNUMBER('Raw Data'!K12), IFERROR('Raw Data'!K12 = ROUND('Raw Data'!K12, 2),FALSE)),"",_xlfn.REGEXEXTRACT(CELL("address",K12), "\$([A-Z]+)\$[0-9]+"))),_xlfn.REGEXEXTRACT(CELL("address",K12), "\$([A-Z]+)\$[0-9]+"))} | L12: {=IFERROR(IF(OR('Raw Data'!L12="",LEN(TRIM('Raw Data'!L12))=0),"",IF(AND(ISNUMBER('Raw Data'!L12), IFERROR('Raw Data'!L12 = ROUND('Raw Data'!L12, 2),FALSE)),"",_xlfn.REGEXEXTRACT(CELL("address",L12), "\$([A-Z]+)\$[0-9]+"))),_xlfn.REGEXEXTRACT(CELL("address",L12), "\$([A-Z]+)\$[0-9]+"))} | M12: {=IFERROR(IF(OR('Raw Data'!M12="",LEN(TRIM('Raw Data'!M12))=0),"",IF(AND(ISNUMBER('Raw Data'!M12), IFERROR('Raw Data'!M12 = ROUND('Raw Data'!M12, 2),FALSE)),"",_xlfn.REGEXEXTRACT(CELL("address",M12), "\$([A-Z]+)\$[0-9]+"))),_xlfn.REGEXEXTRACT(CELL("address",M12), "\$([A-Z]+)\$[0-9]+"))} | N12: {=IFERROR(IF(OR('Raw Data'!N12="",LEN(TRIM('Raw Data'!N12))=0),"",IF(AND(ISNUMBER('Raw Data'!N12), IFERROR('Raw Data'!N12 = ROUND('Raw Data'!N12, 2),FALSE)),"",_xlfn.REGEXEXTRACT(CELL("address",N12), "\$([A-Z]+)\$[0-9]+"))),_xlfn.REGEXEXTRACT(CELL("address",N12), "\$([A-Z]+)\$[0-9]+"))} | O12: {=IFERROR(IF(OR('Raw Data'!O12="",LEN(TRIM('Raw Data'!O12))=0),"",IF(AND(ISNUMBER('Raw Data'!O12),'Raw Data'!O12>=Configuration!$D$2),"",_xlfn.REGEXEXTRACT(CELL("address",'Raw Data'!O12),"\$([A-Z]+)\$[0-9]+"))),_xlfn.REGEXEXTRACT(CELL("address",O12), "\$([A-Z]+)\$[0-9]+"))} | P12: {=IFERROR(IF(OR('Raw Data'!P12="",LEN(TRIM('Raw Data'!P12))=0),"",IF(AND(ISNUMBER('Raw Data'!P12), IFERROR('Raw Data'!P12 = ROUND('Raw Data'!P12, 2),FALSE)),"",_xlfn.REGEXEXTRACT(CELL("address",P12), "\$([A-Z]+)\$[0-9]+"))),_xlfn.REGEXEXTRACT(CELL("address",P12), "\$([A-Z]+)\$[0-9]+"))} | Q12: {=IFERROR(IF(OR('Raw Data'!Q12="",LEN(TRIM('Raw Data'!Q12))=0),"",IF(AND(ISNUMBER('Raw Data'!Q12), IFERROR('Raw Data'!Q12 = ROUND('Raw Data'!Q12, 2),FALSE)),"",_xlfn.REGEXEXTRACT(CELL("address",Q12), "\$([A-Z]+)\$[0-9]+"))),_xlfn.REGEXEXTRACT(CELL("address",Q12), "\$([A-Z]+)\$[0-9]+"))} | R12: {=IFERROR(IF(OR('Raw Data'!R12="",LEN(TRIM('Raw Data'!R12))=0),"",IF(AND(LEN('Raw Data'!R12) <= 50,LEN('Raw Data'!R12)> 0),"",_xlfn.REGEXEXTRACT(CELL("address",'Raw Data'!R12),"\$([A-Z]+)\$[0-9]+"))),_xlfn.REGEXEXTRACT(CELL("address",'Raw Data'!R12),"\$([A-Z]+)\$[0-9]+"))} | S12: {=IFERROR(IF(OR('Raw Data'!S12="",LEN(TRIM('Raw Data'!S12))=0),"",IF(AND(LEN('Raw Data'!S12) <= 50,LEN('Raw Data'!S12)> 0),"",_xlfn.REGEXEXTRACT(CELL("address",'Raw Data'!S12),"\$([A-Z]+)\$[0-9]+"))),_xlfn.REGEXEXTRACT(CELL("address",'Raw Data'!S12),"\$([A-Z]+)\$[0-9]+"))} | T12: {=IFERROR(IF(OR('Raw Data'!T12="",LEN(TRIM('Raw Data'!T12))=0),"",IF(AND(ISNUMBER('Raw Data'!T12), IFERROR('Raw Data'!T12 = ROUND('Raw Data'!T12, 2),FALSE)),"",_xlfn.REGEXEXTRACT(CELL("address",T12), "\$([A-Z]+)\$[0-9]+"))),_xlfn.REGEXEXTRACT(CELL("address",T12), "\$([A-Z]+)\$[0-9]+"))} | U12: {=IFERROR(IF(OR('Raw Data'!U12="",LEN(TRIM('Raw Data'!U12))=0),"",IF(AND(ISNUMBER('Raw Data'!U12), IFERROR('Raw Data'!U12 = ROUND('Raw Data'!U12, 2),FALSE)),"",_xlfn.REGEXEXTRACT(CELL("address",U12), "\$([A-Z]+)\$[0-9]+"))),_xlfn.REGEXEXTRACT(CELL("address",U12), "\$([A-Z]+)\$[0-9]+"))} | V12: {=IFERROR(IF(OR('Raw Data'!V12="",LEN(TRIM('Raw Data'!V12))=0),"",IF(AND(ISNUMBER('Raw Data'!V12), IFERROR('Raw Data'!V12 = ROUND('Raw Data'!V12, 2),FALSE)),"",_xlfn.REGEXEXTRACT(CELL("address",V12), "\$([A-Z]+)\$[0-9]+"))),_xlfn.REGEXEXTRACT(CELL("address",V12), "\$([A-Z]+)\$[0-9]+"))} | W12: {=IFERROR(IF(OR('Raw Data'!W12="",LEN(TRIM('Raw Data'!W12))=0),"",IF(AND(ISNUMBER('Raw Data'!W12), IFERROR('Raw Data'!W12 = ROUND('Raw Data'!W12, 2),FALSE)),"",_xlfn.REGEXEXTRACT(CELL("address",W12), "\$([A-Z]+)\$[0-9]+"))),_xlfn.REGEXEXTRACT(CELL("address",W12), "\$([A-Z]+)\$[0-9]+"))} | X12: {=IFERROR(IF(OR('Raw Data'!X12="",LEN(TRIM('Raw Data'!X12))=0),"",IF(AND(ISNUMBER('Raw Data'!X12), IFERROR('Raw Data'!X12 = ROUND('Raw Data'!X12, 2),FALSE)),"",_xlfn.REGEXEXTRACT(CELL("address",X12), "\$([A-Z]+)\$[0-9]+"))),_xlfn.REGEXEXTRACT(CELL("address",X12), "\$([A-Z]+)\$[0-9]+"))} | Y12: {=IFERROR(IF(OR('Raw Data'!Y12="",LEN(TRIM('Raw Data'!Y12))=0),"",IF(AND(ISNUMBER('Raw Data'!Y12), IFERROR('Raw Data'!Y12 = ROUND('Raw Data'!Y12, 2),FALSE)),"",_xlfn.REGEXEXTRACT(CELL("address",Y12), "\$([A-Z]+)\$[0-9]+"))),_xlfn.REGEXEXTRACT(CELL("address",Y12), "\$([A-Z]+)\$[0-9]+"))} | Z12: {=IFERROR(IF(OR('Raw Data'!Z12="",LEN(TRIM('Raw Data'!Z12))=0),"",IF(AND(ISNUMBER('Raw Data'!Z12), IFERROR('Raw Data'!Z12 = ROUND('Raw Data'!Z12, 2),FALSE)),"",_xlfn.REGEXEXTRACT(CELL("address",Z12), "\$([A-Z]+)\$[0-9]+"))),_xlfn.REGEXEXTRACT(CELL("address",Z12), "\$([A-Z]+)\$[0-9]+"))} | AA12: {=IFERROR(IF(OR('Raw Data'!AA12="",LEN(TRIM('Raw Data'!AA12))=0),"",IF(AND(ISNUMBER('Raw Data'!AA12), IFERROR('Raw Data'!AA12 = ROUND('Raw Data'!AA12, 2),FALSE)),"",_xlfn.REGEXEXTRACT(CELL("address",AA12), "\$([A-Z]+)\$[0-9]+"))),_xlfn.REGEXEXTRACT(CELL("address",AA12), "\$([A-Z]+)\$[0-9]+"))} | ... AI12: {=IFERROR(IF(OR('Raw Data'!AI12="",LEN(TRIM('Raw Data'!AI12))=0),"",IF(AND(ISNUMBER('Raw Data'!AI12), IFERROR('Raw Data'!AI12 = ROUND('Raw Data'!AI12, 2),FALSE)),"",_xlfn.REGEXEXTRACT(CELL("address",AI12), "\$([A-Z]+)\$[0-9]+"))),_xlfn.REGEXEXTRACT(CELL("address",AI12), "\$([A-Z]+)\$[0-9]+"))} | AJ12: {=IFERROR(IF(OR('Raw Data'!AJ12="",LEN(TRIM('Raw Data'!AJ12))=0),"",IF(AND(ISNUMBER('Raw Data'!AJ12), IFERROR('Raw Data'!AJ12 = ROUND('Raw Data'!AJ12, 4),FALSE)),"",_xlfn.REGEXEXTRACT(CELL("address",AJ12), "\$([A-Z]+)\$[0-9]+"))),_xlfn.REGEXEXTRACT(CELL("address",AJ12), "\$([A-Z]+)\$[0-9]+"))} | AK12: {=IFERROR(IF(OR('Raw Data'!AK12="",LEN(TRIM('Raw Data'!AK12))=0),"",IF(AND(ISNUMBER('Raw Data'!AK12), IFERROR('Raw Data'!AK12 = ROUND('Raw Data'!AK12, 2),FALSE)),"",_xlfn.REGEXEXTRACT(CELL("address",AK12), "\$([A-Z]+)\$[0-9]+"))),_xlfn.REGEXEXTRACT(CELL("address",AK12), "\$([A-Z]+)\$[0-9]+"))} | AL12: {=IFERROR(IF(OR('Raw Data'!AL12="",LEN(TRIM('Raw Data'!AL12))=0),"",IF(AND(ISNUMBER('Raw Data'!AL12), IFERROR('Raw Data'!AL12 = ROUND('Raw Data'!AL12, 2),FALSE)),"",_xlfn.REGEXEXTRACT(CELL("address",AL12), "\$([A-Z]+)\$[0-9]+"))),_xlfn.REGEXEXTRACT(CELL("address",AL12), "\$([A-Z]+)\$[0-9]+"))} | AM12: {=IFERROR(IF(OR('Raw Data'!AM12="",LEN(TRIM('Raw Data'!AM12))=0),"",IF(AND(ISNUMBER('Raw Data'!AM12), IFERROR('Raw Data'!AM12 = ROUND('Raw Data'!AM12, 2),FALSE)),"",_xlfn.REGEXEXTRACT(CELL("address",AM12), "\$([A-Z]+)\$[0-9]+"))),_xlfn.REGEXEXTRACT(CELL("address",AM12), "\$([A-Z]+)\$[0-9]+"))} | AN12: {=IFERROR(IF(OR('Raw Data'!AN12="",LEN(TRIM('Raw Data'!AN12))=0),"",IF(AND(ISNUMBER('Raw Data'!AN12), IFERROR('Raw Data'!AN12 = ROUND('Raw Data'!AN12, 2),FALSE)),"",_xlfn.REGEXEXTRACT(CELL("address",AN12), "\$([A-Z]+)\$[0-9]+"))),_xlfn.REGEXEXTRACT(CELL("address",AN12), "\$([A-Z]+)\$[0-9]+"))} | AO12: {=IFERROR(IF(OR('Raw Data'!AO12="",LEN(TRIM('Raw Data'!AO12))=0),"",IF(AND(ISNUMBER('Raw Data'!AO12), IFERROR('Raw Data'!AO12 = ROUND('Raw Data'!AO12, 2),FALSE)),"",_xlfn.REGEXEXTRACT(CELL("address",AO12), "\$([A-Z]+)\$[0-9]+"))),_xlfn.REGEXEXTRACT(CELL("address",AO12), "\$([A-Z]+)\$[0-9]+"))} | AP12: {=IFERROR(IF(OR('Raw Data'!AP12="",LEN(TRIM('Raw Data'!AP12))=0),"",IF(AND(ISNUMBER('Raw Data'!AP12), IFERROR('Raw Data'!AP12 = ROUND('Raw Data'!AP12, 2),FALSE)),"",_xlfn.REGEXEXTRACT(CELL("address",AP12), "\$([A-Z]+)\$[0-9]+"))),_xlfn.REGEXEXTRACT(CELL("address",AP12), "\$([A-Z]+)\$[0-9]+"))}
B13: {=IFERROR(IF(OR('Raw Data'!B13="",LEN(TRIM('Raw Data'!B13))=0),"",IF(AND(LEN('Raw Data'!B13) <= 255,LEN('Raw Data'!B13)> 0),"",_xlfn.REGEXEXTRACT(CELL("address",'Raw Data'!B13),"\$([A-Z]+)\$[0-9]+"))),_xlfn.REGEXEXTRACT(CELL("address",'Raw Data'!B13),"\$([A-Z]+)\$[0-9]+"))} | C13: {=IFERROR(IF(OR('Raw Data'!C13="",LEN(TRIM('Raw Data'!C13))=0),"",IF(AND(LEN('Raw Data'!C13) <= 50,LEN('Raw Data'!C13)> 0),"",_xlfn.REGEXEXTRACT(CELL("address",'Raw Data'!C13),"\$([A-Z]+)\$[0-9]+"))),_xlfn.REGEXEXTRACT(CELL("address",'Raw Data'!C13),"\$([A-Z]+)\$[0-9]+"))} | D13: {=IFERROR(IF(OR('Raw Data'!D13="",LEN(TRIM('Raw Data'!D13))=0),"",IF(AND(LEN('Raw Data'!D13) <= 500,LEN('Raw Data'!D13)> 0),"",_xlfn.REGEXEXTRACT(CELL("address",'Raw Data'!D13),"\$([A-Z]+)\$[0-9]+"))),_xlfn.REGEXEXTRACT(CELL("address",'Raw Data'!D13),"\$([A-Z]+)\$[0-9]+"))} | E13: {=IFERROR(IF(OR('Raw Data'!E13="",LEN(TRIM('Raw Data'!E13))=0),"",IF(AND(LEN('Raw Data'!E13) <= 50,LEN('Raw Data'!E13)> 0),"",_xlfn.REGEXEXTRACT(CELL("address",'Raw Data'!E13),"\$([A-Z]+)\$[0-9]+"))),_xlfn.REGEXEXTRACT(CELL("address",'Raw Data'!E13),"\$([A-Z]+)\$[0-9]+"))} | F13: {=IFERROR(IF(OR('Raw Data'!F13="",LEN(TRIM('Raw Data'!F13))=0),"",IF(AND(LEN('Raw Data'!F13) <= 50,LEN('Raw Data'!F13)> 0),"",_xlfn.REGEXEXTRACT(CELL("address",'Raw Data'!F13),"\$([A-Z]+)\$[0-9]+"))),_xlfn.REGEXEXTRACT(CELL("address",'Raw Data'!F13),"\$([A-Z]+)\$[0-9]+"))} | G13: {=IFERROR(IF(OR('Raw Data'!G13="",LEN(TRIM('Raw Data'!G13))=0),"",IF(AND(LEN('Raw Data'!G13) <= 50,LEN('Raw Data'!G13)> 0),"",_xlfn.REGEXEXTRACT(CELL("address",'Raw Data'!G13),"\$([A-Z]+)\$[0-9]+"))),_xlfn.REGEXEXTRACT(CELL("address",'Raw Data'!G13),"\$([A-Z]+)\$[0-9]+"))} | H13: {=IFERROR(IF(OR('Raw Data'!H13="",LEN(TRIM('Raw Data'!H13))=0),"",IF(AND(LEN('Raw Data'!H13) <= 50,LEN('Raw Data'!H13)> 0),"",_xlfn.REGEXEXTRACT(CELL("address",'Raw Data'!H13),"\$([A-Z]+)\$[0-9]+"))),_xlfn.REGEXEXTRACT(CELL("address",'Raw Data'!H13),"\$([A-Z]+)\$[0-9]+"))} | I13: {=IFERROR(IF(OR('Raw Data'!I13="",LEN(TRIM('Raw Data'!I13))=0),"",IF(AND(LEN('Raw Data'!I13) <= 50,LEN('Raw Data'!I13)> 0),"",_xlfn.REGEXEXTRACT(CELL("address",'Raw Data'!I13),"\$([A-Z]+)\$[0-9]+"))),_xlfn.REGEXEXTRACT(CELL("address",'Raw Data'!I13),"\$([A-Z]+)\$[0-9]+"))} | J13: {=IFERROR(IF(OR('Raw Data'!J13="",LEN(TRIM('Raw Data'!J13))=0),"",IF(AND(ISNUMBER('Raw Data'!J13), IFERROR('Raw Data'!J13 = ROUND('Raw Data'!J13, 2),FALSE)),"",_xlfn.REGEXEXTRACT(CELL("address",J13), "\$([A-Z]+)\$[0-9]+"))),_xlfn.REGEXEXTRACT(CELL("address",J13), "\$([A-Z]+)\$[0-9]+"))} | K13: {=IFERROR(IF(OR('Raw Data'!K13="",LEN(TRIM('Raw Data'!K13))=0),"",IF(AND(ISNUMBER('Raw Data'!K13), IFERROR('Raw Data'!K13 = ROUND('Raw Data'!K13, 2),FALSE)),"",_xlfn.REGEXEXTRACT(CELL("address",K13), "\$([A-Z]+)\$[0-9]+"))),_xlfn.REGEXEXTRACT(CELL("address",K13), "\$([A-Z]+)\$[0-9]+"))} | L13: {=IFERROR(IF(OR('Raw Data'!L13="",LEN(TRIM('Raw Data'!L13))=0),"",IF(AND(ISNUMBER('Raw Data'!L13), IFERROR('Raw Data'!L13 = ROUND('Raw Data'!L13, 2),FALSE)),"",_xlfn.REGEXEXTRACT(CELL("address",L13), "\$([A-Z]+)\$[0-9]+"))),_xlfn.REGEXEXTRACT(CELL("address",L13), "\$([A-Z]+)\$[0-9]+"))} | M13: {=IFERROR(IF(OR('Raw Data'!M13="",LEN(TRIM('Raw Data'!M13))=0),"",IF(AND(ISNUMBER('Raw Data'!M13), IFERROR('Raw Data'!M13 = ROUND('Raw Data'!M13, 2),FALSE)),"",_xlfn.REGEXEXTRACT(CELL("address",M13), "\$([A-Z]+)\$[0-9]+"))),_xlfn.REGEXEXTRACT(CELL("address",M13), "\$([A-Z]+)\$[0-9]+"))} | N13: {=IFERROR(IF(OR('Raw Data'!N13="",LEN(TRIM('Raw Data'!N13))=0),"",IF(AND(ISNUMBER('Raw Data'!N13), IFERROR('Raw Data'!N13 = ROUND('Raw Data'!N13, 2),FALSE)),"",_xlfn.REGEXEXTRACT(CELL("address",N13), "\$([A-Z]+)\$[0-9]+"))),_xlfn.REGEXEXTRACT(CELL("address",N13), "\$([A-Z]+)\$[0-9]+"))} | O13: {=IFERROR(IF(OR('Raw Data'!O13="",LEN(TRIM('Raw Data'!O13))=0),"",IF(AND(ISNUMBER('Raw Data'!O13),'Raw Data'!O13>=Configuration!$D$2),"",_xlfn.REGEXEXTRACT(CELL("address",'Raw Data'!O13),"\$([A-Z]+)\$[0-9]+"))),_xlfn.REGEXEXTRACT(CELL("address",O13), "\$([A-Z]+)\$[0-9]+"))} | P13: {=IFERROR(IF(OR('Raw Data'!P13="",LEN(TRIM('Raw Data'!P13))=0),"",IF(AND(ISNUMBER('Raw Data'!P13), IFERROR('Raw Data'!P13 = ROUND('Raw Data'!P13, 2),FALSE)),"",_xlfn.REGEXEXTRACT(CELL("address",P13), "\$([A-Z]+)\$[0-9]+"))),_xlfn.REGEXEXTRACT(CELL("address",P13), "\$([A-Z]+)\$[0-9]+"))} | Q13: {=IFERROR(IF(OR('Raw Data'!Q13="",LEN(TRIM('Raw Data'!Q13))=0),"",IF(AND(ISNUMBER('Raw Data'!Q13), IFERROR('Raw Data'!Q13 = ROUND('Raw Data'!Q13, 2),FALSE)),"",_xlfn.REGEXEXTRACT(CELL("address",Q13), "\$([A-Z]+)\$[0-9]+"))),_xlfn.REGEXEXTRACT(CELL("address",Q13), "\$([A-Z]+)\$[0-9]+"))} | R13: {=IFERROR(IF(OR('Raw Data'!R13="",LEN(TRIM('Raw Data'!R13))=0),"",IF(AND(LEN('Raw Data'!R13) <= 50,LEN('Raw Data'!R13)> 0),"",_xlfn.REGEXEXTRACT(CELL("address",'Raw Data'!R13),"\$([A-Z]+)\$[0-9]+"))),_xlfn.REGEXEXTRACT(CELL("address",'Raw Data'!R13),"\$([A-Z]+)\$[0-9]+"))} | S13: {=IFERROR(IF(OR('Raw Data'!S13="",LEN(TRIM('Raw Data'!S13))=0),"",IF(AND(LEN('Raw Data'!S13) <= 50,LEN('Raw Data'!S13)> 0),"",_xlfn.REGEXEXTRACT(CELL("address",'Raw Data'!S13),"\$([A-Z]+)\$[0-9]+"))),_xlfn.REGEXEXTRACT(CELL("address",'Raw Data'!S13),"\$([A-Z]+)\$[0-9]+"))} | T13: {=IFERROR(IF(OR('Raw Data'!T13="",LEN(TRIM('Raw Data'!T13))=0),"",IF(AND(ISNUMBER('Raw Data'!T13), IFERROR('Raw Data'!T13 = ROUND('Raw Data'!T13, 2),FALSE)),"",_xlfn.REGEXEXTRACT(CELL("address",T13), "\$([A-Z]+)\$[0-9]+"))),_xlfn.REGEXEXTRACT(CELL("address",T13), "\$([A-Z]+)\$[0-9]+"))} | U13: {=IFERROR(IF(OR('Raw Data'!U13="",LEN(TRIM('Raw Data'!U13))=0),"",IF(AND(ISNUMBER('Raw Data'!U13), IFERROR('Raw Data'!U13 = ROUND('Raw Data'!U13, 2),FALSE)),"",_xlfn.REGEXEXTRACT(CELL("address",U13), "\$([A-Z]+)\$[0-9]+"))),_xlfn.REGEXEXTRACT(CELL("address",U13), "\$([A-Z]+)\$[0-9]+"))} | V13: {=IFERROR(IF(OR('Raw Data'!V13="",LEN(TRIM('Raw Data'!V13))=0),"",IF(AND(ISNUMBER('Raw Data'!V13), IFERROR('Raw Data'!V13 = ROUND('Raw Data'!V13, 2),FALSE)),"",_xlfn.REGEXEXTRACT(CELL("address",V13), "\$([A-Z]+)\$[0-9]+"))),_xlfn.REGEXEXTRACT(CELL("address",V13), "\$([A-Z]+)\$[0-9]+"))} | W13: {=IFERROR(IF(OR('Raw Data'!W13="",LEN(TRIM('Raw Data'!W13))=0),"",IF(AND(ISNUMBER('Raw Data'!W13), IFERROR('Raw Data'!W13 = ROUND('Raw Data'!W13, 2),FALSE)),"",_xlfn.REGEXEXTRACT(CELL("address",W13), "\$([A-Z]+)\$[0-9]+"))),_xlfn.REGEXEXTRACT(CELL("address",W13), "\$([A-Z]+)\$[0-9]+"))} | X13: {=IFERROR(IF(OR('Raw Data'!X13="",LEN(TRIM('Raw Data'!X13))=0),"",IF(AND(ISNUMBER('Raw Data'!X13), IFERROR('Raw Data'!X13 = ROUND('Raw Data'!X13, 2),FALSE)),"",_xlfn.REGEXEXTRACT(CELL("address",X13), "\$([A-Z]+)\$[0-9]+"))),_xlfn.REGEXEXTRACT(CELL("address",X13), "\$([A-Z]+)\$[0-9]+"))} | Y13: {=IFERROR(IF(OR('Raw Data'!Y13="",LEN(TRIM('Raw Data'!Y13))=0),"",IF(AND(ISNUMBER('Raw Data'!Y13), IFERROR('Raw Data'!Y13 = ROUND('Raw Data'!Y13, 2),FALSE)),"",_xlfn.REGEXEXTRACT(CELL("address",Y13), "\$([A-Z]+)\$[0-9]+"))),_xlfn.REGEXEXTRACT(CELL("address",Y13), "\$([A-Z]+)\$[0-9]+"))} | Z13: {=IFERROR(IF(OR('Raw Data'!Z13="",LEN(TRIM('Raw Data'!Z13))=0),"",IF(AND(ISNUMBER('Raw Data'!Z13), IFERROR('Raw Data'!Z13 = ROUND('Raw Data'!Z13, 2),FALSE)),"",_xlfn.REGEXEXTRACT(CELL("address",Z13), "\$([A-Z]+)\$[0-9]+"))),_xlfn.REGEXEXTRACT(CELL("address",Z13), "\$([A-Z]+)\$[0-9]+"))} | AA13: {=IFERROR(IF(OR('Raw Data'!AA13="",LEN(TRIM('Raw Data'!AA13))=0),"",IF(AND(ISNUMBER('Raw Data'!AA13), IFERROR('Raw Data'!AA13 = ROUND('Raw Data'!AA13, 2),FALSE)),"",_xlfn.REGEXEXTRACT(CELL("address",AA13), "\$([A-Z]+)\$[0-9]+"))),_xlfn.REGEXEXTRACT(CELL("address",AA13), "\$([A-Z]+)\$[0-9]+"))} | ... AI13: {=IFERROR(IF(OR('Raw Data'!AI13="",LEN(TRIM('Raw Data'!AI13))=0),"",IF(AND(ISNUMBER('Raw Data'!AI13), IFERROR('Raw Data'!AI13 = ROUND('Raw Data'!AI13, 2),FALSE)),"",_xlfn.REGEXEXTRACT(CELL("address",AI13), "\$([A-Z]+)\$[0-9]+"))),_xlfn.REGEXEXTRACT(CELL("address",AI13), "\$([A-Z]+)\$[0-9]+"))} | AJ13: {=IFERROR(IF(OR('Raw Data'!AJ13="",LEN(TRIM('Raw Data'!AJ13))=0),"",IF(AND(ISNUMBER('Raw Data'!AJ13), IFERROR('Raw Data'!AJ13 = ROUND('Raw Data'!AJ13, 4),FALSE)),"",_xlfn.REGEXEXTRACT(CELL("address",AJ13), "\$([A-Z]+)\$[0-9]+"))),_xlfn.REGEXEXTRACT(CELL("address",AJ13), "\$([A-Z]+)\$[0-9]+"))} | AK13: {=IFERROR(IF(OR('Raw Data'!AK13="",LEN(TRIM('Raw Data'!AK13))=0),"",IF(AND(ISNUMBER('Raw Data'!AK13), IFERROR('Raw Data'!AK13 = ROUND('Raw Data'!AK13, 2),FALSE)),"",_xlfn.REGEXEXTRACT(CELL("address",AK13), "\$([A-Z]+)\$[0-9]+"))),_xlfn.REGEXEXTRACT(CELL("address",AK13), "\$([A-Z]+)\$[0-9]+"))} | AL13: {=IFERROR(IF(OR('Raw Data'!AL13="",LEN(TRIM('Raw Data'!AL13))=0),"",IF(AND(ISNUMBER('Raw Data'!AL13), IFERROR('Raw Data'!AL13 = ROUND('Raw Data'!AL13, 2),FALSE)),"",_xlfn.REGEXEXTRACT(CELL("address",AL13), "\$([A-Z]+)\$[0-9]+"))),_xlfn.REGEXEXTRACT(CELL("address",AL13), "\$([A-Z]+)\$[0-9]+"))} | AM13: {=IFERROR(IF(OR('Raw Data'!AM13="",LEN(TRIM('Raw Data'!AM13))=0),"",IF(AND(ISNUMBER('Raw Data'!AM13), IFERROR('Raw Data'!AM13 = ROUND('Raw Data'!AM13, 2),FALSE)),"",_xlfn.REGEXEXTRACT(CELL("address",AM13), "\$([A-Z]+)\$[0-9]+"))),_xlfn.REGEXEXTRACT(CELL("address",AM13), "\$([A-Z]+)\$[0-9]+"))} | AN13: {=IFERROR(IF(OR('Raw Data'!AN13="",LEN(TRIM('Raw Data'!AN13))=0),"",IF(AND(ISNUMBER('Raw Data'!AN13), IFERROR('Raw Data'!AN13 = ROUND('Raw Data'!AN13, 2),FALSE)),"",_xlfn.REGEXEXTRACT(CELL("address",AN13), "\$([A-Z]+)\$[0-9]+"))),_xlfn.REGEXEXTRACT(CELL("address",AN13), "\$([A-Z]+)\$[0-9]+"))} | AO13: {=IFERROR(IF(OR('Raw Data'!AO13="",LEN(TRIM('Raw Data'!AO13))=0),"",IF(AND(ISNUMBER('Raw Data'!AO13), IFERROR('Raw Data'!AO13 = ROUND('Raw Data'!AO13, 2),FALSE)),"",_xlfn.REGEXEXTRACT(CELL("address",AO13), "\$([A-Z]+)\$[0-9]+"))),_xlfn.REGEXEXTRACT(CELL("address",AO13), "\$([A-Z]+)\$[0-9]+"))} | AP13: {=IFERROR(IF(OR('Raw Data'!AP13="",LEN(TRIM('Raw Data'!AP13))=0),"",IF(AND(ISNUMBER('Raw Data'!AP13), IFERROR('Raw Data'!AP13 = ROUND('Raw Data'!AP13, 2),FALSE)),"",_xlfn.REGEXEXTRACT(CELL("address",AP13), "\$([A-Z]+)\$[0-9]+"))),_xlfn.REGEXEXTRACT(CELL("address",AP13), "\$([A-Z]+)\$[0-9]+"))}
B14: {=IFERROR(IF(OR('Raw Data'!B14="",LEN(TRIM('Raw Data'!B14))=0),"",IF(AND(LEN('Raw Data'!B14) <= 255,LEN('Raw Data'!B14)> 0),"",_xlfn.REGEXEXTRACT(CELL("address",'Raw Data'!B14),"\$([A-Z]+)\$[0-9]+"))),_xlfn.REGEXEXTRACT(CELL("address",'Raw Data'!B14),"\$([A-Z]+)\$[0-9]+"))} | C14: {=IFERROR(IF(OR('Raw Data'!C14="",LEN(TRIM('Raw Data'!C14))=0),"",IF(AND(LEN('Raw Data'!C14) <= 50,LEN('Raw Data'!C14)> 0),"",_xlfn.REGEXEXTRACT(CELL("address",'Raw Data'!C14),"\$([A-Z]+)\$[0-9]+"))),_xlfn.REGEXEXTRACT(CELL("address",'Raw Data'!C14),"\$([A-Z]+)\$[0-9]+"))} | D14: {=IFERROR(IF(OR('Raw Data'!D14="",LEN(TRIM('Raw Data'!D14))=0),"",IF(AND(LEN('Raw Data'!D14) <= 500,LEN('Raw Data'!D14)> 0),"",_xlfn.REGEXEXTRACT(CELL("address",'Raw Data'!D14),"\$([A-Z]+)\$[0-9]+"))),_xlfn.REGEXEXTRACT(CELL("address",'Raw Data'!D14),"\$([A-Z]+)\$[0-9]+"))} | E14: {=IFERROR(IF(OR('Raw Data'!E14="",LEN(TRIM('Raw Data'!E14))=0),"",IF(AND(LEN('Raw Data'!E14) <= 50,LEN('Raw Data'!E14)> 0),"",_xlfn.REGEXEXTRACT(CELL("address",'Raw Data'!E14),"\$([A-Z]+)\$[0-9]+"))),_xlfn.REGEXEXTRACT(CELL("address",'Raw Data'!E14),"\$([A-Z]+)\$[0-9]+"))} | F14: {=IFERROR(IF(OR('Raw Data'!F14="",LEN(TRIM('Raw Data'!F14))=0),"",IF(AND(LEN('Raw Data'!F14) <= 50,LEN('Raw Data'!F14)> 0),"",_xlfn.REGEXEXTRACT(CELL("address",'Raw Data'!F14),"\$([A-Z]+)\$[0-9]+"))),_xlfn.REGEXEXTRACT(CELL("address",'Raw Data'!F14),"\$([A-Z]+)\$[0-9]+"))} | G14: {=IFERROR(IF(OR('Raw Data'!G14="",LEN(TRIM('Raw Data'!G14))=0),"",IF(AND(LEN('Raw Data'!G14) <= 50,LEN('Raw Data'!G14)> 0),"",_xlfn.REGEXEXTRACT(CELL("address",'Raw Data'!G14),"\$([A-Z]+)\$[0-9]+"))),_xlfn.REGEXEXTRACT(CELL("address",'Raw Data'!G14),"\$([A-Z]+)\$[0-9]+"))} | H14: {=IFERROR(IF(OR('Raw Data'!H14="",LEN(TRIM('Raw Data'!H14))=0),"",IF(AND(LEN('Raw Data'!H14) <= 50,LEN('Raw Data'!H14)> 0),"",_xlfn.REGEXEXTRACT(CELL("address",'Raw Data'!H14),"\$([A-Z]+)\$[0-9]+"))),_xlfn.REGEXEXTRACT(CELL("address",'Raw Data'!H14),"\$([A-Z]+)\$[0-9]+"))} | I14: {=IFERROR(IF(OR('Raw Data'!I14="",LEN(TRIM('Raw Data'!I14))=0),"",IF(AND(LEN('Raw Data'!I14) <= 50,LEN('Raw Data'!I14)> 0),"",_xlfn.REGEXEXTRACT(CELL("address",'Raw Data'!I14),"\$([A-Z]+)\$[0-9]+"))),_xlfn.REGEXEXTRACT(CELL("address",'Raw Data'!I14),"\$([A-Z]+)\$[0-9]+"))} | J14: {=IFERROR(IF(OR('Raw Data'!J14="",LEN(TRIM('Raw Data'!J14))=0),"",IF(AND(ISNUMBER('Raw Data'!J14), IFERROR('Raw Data'!J14 = ROUND('Raw Data'!J14, 2),FALSE)),"",_xlfn.REGEXEXTRACT(CELL("address",J14), "\$([A-Z]+)\$[0-9]+"))),_xlfn.REGEXEXTRACT(CELL("address",J14), "\$([A-Z]+)\$[0-9]+"))} | K14: {=IFERROR(IF(OR('Raw Data'!K14="",LEN(TRIM('Raw Data'!K14))=0),"",IF(AND(ISNUMBER('Raw Data'!K14), IFERROR('Raw Data'!K14 = ROUND('Raw Data'!K14, 2),FALSE)),"",_xlfn.REGEXEXTRACT(CELL("address",K14), "\$([A-Z]+)\$[0-9]+"))),_xlfn.REGEXEXTRACT(CELL("address",K14), "\$([A-Z]+)\$[0-9]+"))} | L14: {=IFERROR(IF(OR('Raw Data'!L14="",LEN(TRIM('Raw Data'!L14))=0),"",IF(AND(ISNUMBER('Raw Data'!L14), IFERROR('Raw Data'!L14 = ROUND('Raw Data'!L14, 2),FALSE)),"",_xlfn.REGEXEXTRACT(CELL("address",L14), "\$([A-Z]+)\$[0-9]+"))),_xlfn.REGEXEXTRACT(CELL("address",L14), "\$([A-Z]+)\$[0-9]+"))} | M14: {=IFERROR(IF(OR('Raw Data'!M14="",LEN(TRIM('Raw Data'!M14))=0),"",IF(AND(ISNUMBER('Raw Data'!M14), IFERROR('Raw Data'!M14 = ROUND('Raw Data'!M14, 2),FALSE)),"",_xlfn.REGEXEXTRACT(CELL("address",M14), "\$([A-Z]+)\$[0-9]+"))),_xlfn.REGEXEXTRACT(CELL("address",M14), "\$([A-Z]+)\$[0-9]+"))} | N14: {=IFERROR(IF(OR('Raw Data'!N14="",LEN(TRIM('Raw Data'!N14))=0),"",IF(AND(ISNUMBER('Raw Data'!N14), IFERROR('Raw Data'!N14 = ROUND('Raw Data'!N14, 2),FALSE)),"",_xlfn.REGEXEXTRACT(CELL("address",N14), "\$([A-Z]+)\$[0-9]+"))),_xlfn.REGEXEXTRACT(CELL("address",N14), "\$([A-Z]+)\$[0-9]+"))} | O14: {=IFERROR(IF(OR('Raw Data'!O14="",LEN(TRIM('Raw Data'!O14))=0),"",IF(AND(ISNUMBER('Raw Data'!O14),'Raw Data'!O14>=Configuration!$D$2),"",_xlfn.REGEXEXTRACT(CELL("address",'Raw Data'!O14),"\$([A-Z]+)\$[0-9]+"))),_xlfn.REGEXEXTRACT(CELL("address",O14), "\$([A-Z]+)\$[0-9]+"))} | P14: {=IFERROR(IF(OR('Raw Data'!P14="",LEN(TRIM('Raw Data'!P14))=0),"",IF(AND(ISNUMBER('Raw Data'!P14), IFERROR('Raw Data'!P14 = ROUND('Raw Data'!P14, 2),FALSE)),"",_xlfn.REGEXEXTRACT(CELL("address",P14), "\$([A-Z]+)\$[0-9]+"))),_xlfn.REGEXEXTRACT(CELL("address",P14), "\$([A-Z]+)\$[0-9]+"))} | Q14: {=IFERROR(IF(OR('Raw Data'!Q14="",LEN(TRIM('Raw Data'!Q14))=0),"",IF(AND(ISNUMBER('Raw Data'!Q14), IFERROR('Raw Data'!Q14 = ROUND('Raw Data'!Q14, 2),FALSE)),"",_xlfn.REGEXEXTRACT(CELL("address",Q14), "\$([A-Z]+)\$[0-9]+"))),_xlfn.REGEXEXTRACT(CELL("address",Q14), "\$([A-Z]+)\$[0-9]+"))} | R14: {=IFERROR(IF(OR('Raw Data'!R14="",LEN(TRIM('Raw Data'!R14))=0),"",IF(AND(LEN('Raw Data'!R14) <= 50,LEN('Raw Data'!R14)> 0),"",_xlfn.REGEXEXTRACT(CELL("address",'Raw Data'!R14),"\$([A-Z]+)\$[0-9]+"))),_xlfn.REGEXEXTRACT(CELL("address",'Raw Data'!R14),"\$([A-Z]+)\$[0-9]+"))} | S14: {=IFERROR(IF(OR('Raw Data'!S14="",LEN(TRIM('Raw Data'!S14))=0),"",IF(AND(LEN('Raw Data'!S14) <= 50,LEN('Raw Data'!S14)> 0),"",_xlfn.REGEXEXTRACT(CELL("address",'Raw Data'!S14),"\$([A-Z]+)\$[0-9]+"))),_xlfn.REGEXEXTRACT(CELL("address",'Raw Data'!S14),"\$([A-Z]+)\$[0-9]+"))} | T14: {=IFERROR(IF(OR('Raw Data'!T14="",LEN(TRIM('Raw Data'!T14))=0),"",IF(AND(ISNUMBER('Raw Data'!T14), IFERROR('Raw Data'!T14 = ROUND('Raw Data'!T14, 2),FALSE)),"",_xlfn.REGEXEXTRACT(CELL("address",T14), "\$([A-Z]+)\$[0-9]+"))),_xlfn.REGEXEXTRACT(CELL("address",T14), "\$([A-Z]+)\$[0-9]+"))} | U14: {=IFERROR(IF(OR('Raw Data'!U14="",LEN(TRIM('Raw Data'!U14))=0),"",IF(AND(ISNUMBER('Raw Data'!U14), IFERROR('Raw Data'!U14 = ROUND('Raw Data'!U14, 2),FALSE)),"",_xlfn.REGEXEXTRACT(CELL("address",U14), "\$([A-Z]+)\$[0-9]+"))),_xlfn.REGEXEXTRACT(CELL("address",U14), "\$([A-Z]+)\$[0-9]+"))} | V14: {=IFERROR(IF(OR('Raw Data'!V14="",LEN(TRIM('Raw Data'!V14))=0),"",IF(AND(ISNUMBER('Raw Data'!V14), IFERROR('Raw Data'!V14 = ROUND('Raw Data'!V14, 2),FALSE)),"",_xlfn.REGEXEXTRACT(CELL("address",V14), "\$([A-Z]+)\$[0-9]+"))),_xlfn.REGEXEXTRACT(CELL("address",V14), "\$([A-Z]+)\$[0-9]+"))} | W14: {=IFERROR(IF(OR('Raw Data'!W14="",LEN(TRIM('Raw Data'!W14))=0),"",IF(AND(ISNUMBER('Raw Data'!W14), IFERROR('Raw Data'!W14 = ROUND('Raw Data'!W14, 2),FALSE)),"",_xlfn.REGEXEXTRACT(CELL("address",W14), "\$([A-Z]+)\$[0-9]+"))),_xlfn.REGEXEXTRACT(CELL("address",W14), "\$([A-Z]+)\$[0-9]+"))} | X14: {=IFERROR(IF(OR('Raw Data'!X14="",LEN(TRIM('Raw Data'!X14))=0),"",IF(AND(ISNUMBER('Raw Data'!X14), IFERROR('Raw Data'!X14 = ROUND('Raw Data'!X14, 2),FALSE)),"",_xlfn.REGEXEXTRACT(CELL("address",X14), "\$([A-Z]+)\$[0-9]+"))),_xlfn.REGEXEXTRACT(CELL("address",X14), "\$([A-Z]+)\$[0-9]+"))} | Y14: {=IFERROR(IF(OR('Raw Data'!Y14="",LEN(TRIM('Raw Data'!Y14))=0),"",IF(AND(ISNUMBER('Raw Data'!Y14), IFERROR('Raw Data'!Y14 = ROUND('Raw Data'!Y14, 2),FALSE)),"",_xlfn.REGEXEXTRACT(CELL("address",Y14), "\$([A-Z]+)\$[0-9]+"))),_xlfn.REGEXEXTRACT(CELL("address",Y14), "\$([A-Z]+)\$[0-9]+"))} | Z14: {=IFERROR(IF(OR('Raw Data'!Z14="",LEN(TRIM('Raw Data'!Z14))=0),"",IF(AND(ISNUMBER('Raw Data'!Z14), IFERROR('Raw Data'!Z14 = ROUND('Raw Data'!Z14, 2),FALSE)),"",_xlfn.REGEXEXTRACT(CELL("address",Z14), "\$([A-Z]+)\$[0-9]+"))),_xlfn.REGEXEXTRACT(CELL("address",Z14), "\$([A-Z]+)\$[0-9]+"))} | AA14: {=IFERROR(IF(OR('Raw Data'!AA14="",LEN(TRIM('Raw Data'!AA14))=0),"",IF(AND(ISNUMBER('Raw Data'!AA14), IFERROR('Raw Data'!AA14 = ROUND('Raw Data'!AA14, 2),FALSE)),"",_xlfn.REGEXEXTRACT(CELL("address",AA14), "\$([A-Z]+)\$[0-9]+"))),_xlfn.REGEXEXTRACT(CELL("address",AA14), "\$([A-Z]+)\$[0-9]+"))} | ... AI14: {=IFERROR(IF(OR('Raw Data'!AI14="",LEN(TRIM('Raw Data'!AI14))=0),"",IF(AND(ISNUMBER('Raw Data'!AI14), IFERROR('Raw Data'!AI14 = ROUND('Raw Data'!AI14, 2),FALSE)),"",_xlfn.REGEXEXTRACT(CELL("address",AI14), "\$([A-Z]+)\$[0-9]+"))),_xlfn.REGEXEXTRACT(CELL("address",AI14), "\$([A-Z]+)\$[0-9]+"))} | AJ14: {=IFERROR(IF(OR('Raw Data'!AJ14="",LEN(TRIM('Raw Data'!AJ14))=0),"",IF(AND(ISNUMBER('Raw Data'!AJ14), IFERROR('Raw Data'!AJ14 = ROUND('Raw Data'!AJ14, 4),FALSE)),"",_xlfn.REGEXEXTRACT(CELL("address",AJ14), "\$([A-Z]+)\$[0-9]+"))),_xlfn.REGEXEXTRACT(CELL("address",AJ14), "\$([A-Z]+)\$[0-9]+"))} | AK14: {=IFERROR(IF(OR('Raw Data'!AK14="",LEN(TRIM('Raw Data'!AK14))=0),"",IF(AND(ISNUMBER('Raw Data'!AK14), IFERROR('Raw Data'!AK14 = ROUND('Raw Data'!AK14, 2),FALSE)),"",_xlfn.REGEXEXTRACT(CELL("address",AK14), "\$([A-Z]+)\$[0-9]+"))),_xlfn.REGEXEXTRACT(CELL("address",AK14), "\$([A-Z]+)\$[0-9]+"))} | AL14: {=IFERROR(IF(OR('Raw Data'!AL14="",LEN(TRIM('Raw Data'!AL14))=0),"",IF(AND(ISNUMBER('Raw Data'!AL14), IFERROR('Raw Data'!AL14 = ROUND('Raw Data'!AL14, 2),FALSE)),"",_xlfn.REGEXEXTRACT(CELL("address",AL14), "\$([A-Z]+)\$[0-9]+"))),_xlfn.REGEXEXTRACT(CELL("address",AL14), "\$([A-Z]+)\$[0-9]+"))} | AM14: {=IFERROR(IF(OR('Raw Data'!AM14="",LEN(TRIM('Raw Data'!AM14))=0),"",IF(AND(ISNUMBER('Raw Data'!AM14), IFERROR('Raw Data'!AM14 = ROUND('Raw Data'!AM14, 2),FALSE)),"",_xlfn.REGEXEXTRACT(CELL("address",AM14), "\$([A-Z]+)\$[0-9]+"))),_xlfn.REGEXEXTRACT(CELL("address",AM14), "\$([A-Z]+)\$[0-9]+"))} | AN14: {=IFERROR(IF(OR('Raw Data'!AN14="",LEN(TRIM('Raw Data'!AN14))=0),"",IF(AND(ISNUMBER('Raw Data'!AN14), IFERROR('Raw Data'!AN14 = ROUND('Raw Data'!AN14, 2),FALSE)),"",_xlfn.REGEXEXTRACT(CELL("address",AN14), "\$([A-Z]+)\$[0-9]+"))),_xlfn.REGEXEXTRACT(CELL("address",AN14), "\$([A-Z]+)\$[0-9]+"))} | AO14: {=IFERROR(IF(OR('Raw Data'!AO14="",LEN(TRIM('Raw Data'!AO14))=0),"",IF(AND(ISNUMBER('Raw Data'!AO14), IFERROR('Raw Data'!AO14 = ROUND('Raw Data'!AO14, 2),FALSE)),"",_xlfn.REGEXEXTRACT(CELL("address",AO14), "\$([A-Z]+)\$[0-9]+"))),_xlfn.REGEXEXTRACT(CELL("address",AO14), "\$([A-Z]+)\$[0-9]+"))} | AP14: {=IFERROR(IF(OR('Raw Data'!AP14="",LEN(TRIM('Raw Data'!AP14))=0),"",IF(AND(ISNUMBER('Raw Data'!AP14), IFERROR('Raw Data'!AP14 = ROUND('Raw Data'!AP14, 2),FALSE)),"",_xlfn.REGEXEXTRACT(CELL("address",AP14), "\$([A-Z]+)\$[0-9]+"))),_xlfn.REGEXEXTRACT(CELL("address",AP14), "\$([A-Z]+)\$[0-9]+"))}
B15: {=IFERROR(IF(OR('Raw Data'!B15="",LEN(TRIM('Raw Data'!B15))=0),"",IF(AND(LEN('Raw Data'!B15) <= 255,LEN('Raw Data'!B15)> 0),"",_xlfn.REGEXEXTRACT(CELL("address",'Raw Data'!B15),"\$([A-Z]+)\$[0-9]+"))),_xlfn.REGEXEXTRACT(CELL("address",'Raw Data'!B15),"\$([A-Z]+)\$[0-9]+"))} | C15: {=IFERROR(IF(OR('Raw Data'!C15="",LEN(TRIM('Raw Data'!C15))=0),"",IF(AND(LEN('Raw Data'!C15) <= 50,LEN('Raw Data'!C15)> 0),"",_xlfn.REGEXEXTRACT(CELL("address",'Raw Data'!C15),"\$([A-Z]+)\$[0-9]+"))),_xlfn.REGEXEXTRACT(CELL("address",'Raw Data'!C15),"\$([A-Z]+)\$[0-9]+"))} | D15: {=IFERROR(IF(OR('Raw Data'!D15="",LEN(TRIM('Raw Data'!D15))=0),"",IF(AND(LEN('Raw Data'!D15) <= 500,LEN('Raw Data'!D15)> 0),"",_xlfn.REGEXEXTRACT(CELL("address",'Raw Data'!D15),"\$([A-Z]+)\$[0-9]+"))),_xlfn.REGEXEXTRACT(CELL("address",'Raw Data'!D15),"\$([A-Z]+)\$[0-9]+"))} | E15: {=IFERROR(IF(OR('Raw Data'!E15="",LEN(TRIM('Raw Data'!E15))=0),"",IF(AND(LEN('Raw Data'!E15) <= 50,LEN('Raw Data'!E15)> 0),"",_xlfn.REGEXEXTRACT(CELL("address",'Raw Data'!E15),"\$([A-Z]+)\$[0-9]+"))),_xlfn.REGEXEXTRACT(CELL("address",'Raw Data'!E15),"\$([A-Z]+)\$[0-9]+"))} | F15: {=IFERROR(IF(OR('Raw Data'!F15="",LEN(TRIM('Raw Data'!F15))=0),"",IF(AND(LEN('Raw Data'!F15) <= 50,LEN('Raw Data'!F15)> 0),"",_xlfn.REGEXEXTRACT(CELL("address",'Raw Data'!F15),"\$([A-Z]+)\$[0-9]+"))),_xlfn.REGEXEXTRACT(CELL("address",'Raw Data'!F15),"\$([A-Z]+)\$[0-9]+"))} | G15: {=IFERROR(IF(OR('Raw Data'!G15="",LEN(TRIM('Raw Data'!G15))=0),"",IF(AND(LEN('Raw Data'!G15) <= 50,LEN('Raw Data'!G15)> 0),"",_xlfn.REGEXEXTRACT(CELL("address",'Raw Data'!G15),"\$([A-Z]+)\$[0-9]+"))),_xlfn.REGEXEXTRACT(CELL("address",'Raw Data'!G15),"\$([A-Z]+)\$[0-9]+"))} | H15: {=IFERROR(IF(OR('Raw Data'!H15="",LEN(TRIM('Raw Data'!H15))=0),"",IF(AND(LEN('Raw Data'!H15) <= 50,LEN('Raw Data'!H15)> 0),"",_xlfn.REGEXEXTRACT(CELL("address",'Raw Data'!H15),"\$([A-Z]+)\$[0-9]+"))),_xlfn.REGEXEXTRACT(CELL("address",'Raw Data'!H15),"\$([A-Z]+)\$[0-9]+"))} | I15: {=IFERROR(IF(OR('Raw Data'!I15="",LEN(TRIM('Raw Data'!I15))=0),"",IF(AND(LEN('Raw Data'!I15) <= 50,LEN('Raw Data'!I15)> 0),"",_xlfn.REGEXEXTRACT(CELL("address",'Raw Data'!I15),"\$([A-Z]+)\$[0-9]+"))),_xlfn.REGEXEXTRACT(CELL("address",'Raw Data'!I15),"\$([A-Z]+)\$[0-9]+"))} | J15: {=IFERROR(IF(OR('Raw Data'!J15="",LEN(TRIM('Raw Data'!J15))=0),"",IF(AND(ISNUMBER('Raw Data'!J15), IFERROR('Raw Data'!J15 = ROUND('Raw Data'!J15, 2),FALSE)),"",_xlfn.REGEXEXTRACT(CELL("address",J15), "\$([A-Z]+)\$[0-9]+"))),_xlfn.REGEXEXTRACT(CELL("address",J15), "\$([A-Z]+)\$[0-9]+"))} | K15: {=IFERROR(IF(OR('Raw Data'!K15="",LEN(TRIM('Raw Data'!K15))=0),"",IF(AND(ISNUMBER('Raw Data'!K15), IFERROR('Raw Data'!K15 = ROUND('Raw Data'!K15, 2),FALSE)),"",_xlfn.REGEXEXTRACT(CELL("address",K15), "\$([A-Z]+)\$[0-9]+"))),_xlfn.REGEXEXTRACT(CELL("address",K15), "\$([A-Z]+)\$[0-9]+"))} | L15: {=IFERROR(IF(OR('Raw Data'!L15="",LEN(TRIM('Raw Data'!L15))=0),"",IF(AND(ISNUMBER('Raw Data'!L15), IFERROR('Raw Data'!L15 = ROUND('Raw Data'!L15, 2),FALSE)),"",_xlfn.REGEXEXTRACT(CELL("address",L15), "\$([A-Z]+)\$[0-9]+"))),_xlfn.REGEXEXTRACT(CELL("address",L15), "\$([A-Z]+)\$[0-9]+"))} | M15: {=IFERROR(IF(OR('Raw Data'!M15="",LEN(TRIM('Raw Data'!M15))=0),"",IF(AND(ISNUMBER('Raw Data'!M15), IFERROR('Raw Data'!M15 = ROUND('Raw Data'!M15, 2),FALSE)),"",_xlfn.REGEXEXTRACT(CELL("address",M15), "\$([A-Z]+)\$[0-9]+"))),_xlfn.REGEXEXTRACT(CELL("address",M15), "\$([A-Z]+)\$[0-9]+"))} | N15: {=IFERROR(IF(OR('Raw Data'!N15="",LEN(TRIM('Raw Data'!N15))=0),"",IF(AND(ISNUMBER('Raw Data'!N15), IFERROR('Raw Data'!N15 = ROUND('Raw Data'!N15, 2),FALSE)),"",_xlfn.REGEXEXTRACT(CELL("address",N15), "\$([A-Z]+)\$[0-9]+"))),_xlfn.REGEXEXTRACT(CELL("address",N15), "\$([A-Z]+)\$[0-9]+"))} | O15: {=IFERROR(IF(OR('Raw Data'!O15="",LEN(TRIM('Raw Data'!O15))=0),"",IF(AND(ISNUMBER('Raw Data'!O15),'Raw Data'!O15>=Configuration!$D$2),"",_xlfn.REGEXEXTRACT(CELL("address",'Raw Data'!O15),"\$([A-Z]+)\$[0-9]+"))),_xlfn.REGEXEXTRACT(CELL("address",O15), "\$([A-Z]+)\$[0-9]+"))} | P15: {=IFERROR(IF(OR('Raw Data'!P15="",LEN(TRIM('Raw Data'!P15))=0),"",IF(AND(ISNUMBER('Raw Data'!P15), IFERROR('Raw Data'!P15 = ROUND('Raw Data'!P15, 2),FALSE)),"",_xlfn.REGEXEXTRACT(CELL("address",P15), "\$([A-Z]+)\$[0-9]+"))),_xlfn.REGEXEXTRACT(CELL("address",P15), "\$([A-Z]+)\$[0-9]+"))} | Q15: {=IFERROR(IF(OR('Raw Data'!Q15="",LEN(TRIM('Raw Data'!Q15))=0),"",IF(AND(ISNUMBER('Raw Data'!Q15), IFERROR('Raw Data'!Q15 = ROUND('Raw Data'!Q15, 2),FALSE)),"",_xlfn.REGEXEXTRACT(CELL("address",Q15), "\$([A-Z]+)\$[0-9]+"))),_xlfn.REGEXEXTRACT(CELL("address",Q15), "\$([A-Z]+)\$[0-9]+"))} | R15: {=IFERROR(IF(OR('Raw Data'!R15="",LEN(TRIM('Raw Data'!R15))=0),"",IF(AND(LEN('Raw Data'!R15) <= 50,LEN('Raw Data'!R15)> 0),"",_xlfn.REGEXEXTRACT(CELL("address",'Raw Data'!R15),"\$([A-Z]+)\$[0-9]+"))),_xlfn.REGEXEXTRACT(CELL("address",'Raw Data'!R15),"\$([A-Z]+)\$[0-9]+"))} | S15: {=IFERROR(IF(OR('Raw Data'!S15="",LEN(TRIM('Raw Data'!S15))=0),"",IF(AND(LEN('Raw Data'!S15) <= 50,LEN('Raw Data'!S15)> 0),"",_xlfn.REGEXEXTRACT(CELL("address",'Raw Data'!S15),"\$([A-Z]+)\$[0-9]+"))),_xlfn.REGEXEXTRACT(CELL("address",'Raw Data'!S15),"\$([A-Z]+)\$[0-9]+"))} | T15: {=IFERROR(IF(OR('Raw Data'!T15="",LEN(TRIM('Raw Data'!T15))=0),"",IF(AND(ISNUMBER('Raw Data'!T15), IFERROR('Raw Data'!T15 = ROUND('Raw Data'!T15, 2),FALSE)),"",_xlfn.REGEXEXTRACT(CELL("address",T15), "\$([A-Z]+)\$[0-9]+"))),_xlfn.REGEXEXTRACT(CELL("address",T15), "\$([A-Z]+)\$[0-9]+"))} | U15: {=IFERROR(IF(OR('Raw Data'!U15="",LEN(TRIM('Raw Data'!U15))=0),"",IF(AND(ISNUMBER('Raw Data'!U15), IFERROR('Raw Data'!U15 = ROUND('Raw Data'!U15, 2),FALSE)),"",_xlfn.REGEXEXTRACT(CELL("address",U15), "\$([A-Z]+)\$[0-9]+"))),_xlfn.REGEXEXTRACT(CELL("address",U15), "\$([A-Z]+)\$[0-9]+"))} | V15: {=IFERROR(IF(OR('Raw Data'!V15="",LEN(TRIM('Raw Data'!V15))=0),"",IF(AND(ISNUMBER('Raw Data'!V15), IFERROR('Raw Data'!V15 = ROUND('Raw Data'!V15, 2),FALSE)),"",_xlfn.REGEXEXTRACT(CELL("address",V15), "\$([A-Z]+)\$[0-9]+"))),_xlfn.REGEXEXTRACT(CELL("address",V15), "\$([A-Z]+)\$[0-9]+"))} | W15: {=IFERROR(IF(OR('Raw Data'!W15="",LEN(TRIM('Raw Data'!W15))=0),"",IF(AND(ISNUMBER('Raw Data'!W15), IFERROR('Raw Data'!W15 = ROUND('Raw Data'!W15, 2),FALSE)),"",_xlfn.REGEXEXTRACT(CELL("address",W15), "\$([A-Z]+)\$[0-9]+"))),_xlfn.REGEXEXTRACT(CELL("address",W15), "\$([A-Z]+)\$[0-9]+"))} | X15: {=IFERROR(IF(OR('Raw Data'!X15="",LEN(TRIM('Raw Data'!X15))=0),"",IF(AND(ISNUMBER('Raw Data'!X15), IFERROR('Raw Data'!X15 = ROUND('Raw Data'!X15, 2),FALSE)),"",_xlfn.REGEXEXTRACT(CELL("address",X15), "\$([A-Z]+)\$[0-9]+"))),_xlfn.REGEXEXTRACT(CELL("address",X15), "\$([A-Z]+)\$[0-9]+"))} | Y15: {=IFERROR(IF(OR('Raw Data'!Y15="",LEN(TRIM('Raw Data'!Y15))=0),"",IF(AND(ISNUMBER('Raw Data'!Y15), IFERROR('Raw Data'!Y15 = ROUND('Raw Data'!Y15, 2),FALSE)),"",_xlfn.REGEXEXTRACT(CELL("address",Y15), "\$([A-Z]+)\$[0-9]+"))),_xlfn.REGEXEXTRACT(CELL("address",Y15), "\$([A-Z]+)\$[0-9]+"))} | Z15: {=IFERROR(IF(OR('Raw Data'!Z15="",LEN(TRIM('Raw Data'!Z15))=0),"",IF(AND(ISNUMBER('Raw Data'!Z15), IFERROR('Raw Data'!Z15 = ROUND('Raw Data'!Z15, 2),FALSE)),"",_xlfn.REGEXEXTRACT(CELL("address",Z15), "\$([A-Z]+)\$[0-9]+"))),_xlfn.REGEXEXTRACT(CELL("address",Z15), "\$([A-Z]+)\$[0-9]+"))} | AA15: {=IFERROR(IF(OR('Raw Data'!AA15="",LEN(TRIM('Raw Data'!AA15))=0),"",IF(AND(ISNUMBER('Raw Data'!AA15), IFERROR('Raw Data'!AA15 = ROUND('Raw Data'!AA15, 2),FALSE)),"",_xlfn.REGEXEXTRACT(CELL("address",AA15), "\$([A-Z]+)\$[0-9]+"))),_xlfn.REGEXEXTRACT(CELL("address",AA15), "\$([A-Z]+)\$[0-9]+"))} | ... AI15: {=IFERROR(IF(OR('Raw Data'!AI15="",LEN(TRIM('Raw Data'!AI15))=0),"",IF(AND(ISNUMBER('Raw Data'!AI15), IFERROR('Raw Data'!AI15 = ROUND('Raw Data'!AI15, 2),FALSE)),"",_xlfn.REGEXEXTRACT(CELL("address",AI15), "\$([A-Z]+)\$[0-9]+"))),_xlfn.REGEXEXTRACT(CELL("address",AI15), "\$([A-Z]+)\$[0-9]+"))} | AJ15: {=IFERROR(IF(OR('Raw Data'!AJ15="",LEN(TRIM('Raw Data'!AJ15))=0),"",IF(AND(ISNUMBER('Raw Data'!AJ15), IFERROR('Raw Data'!AJ15 = ROUND('Raw Data'!AJ15, 4),FALSE)),"",_xlfn.REGEXEXTRACT(CELL("address",AJ15), "\$([A-Z]+)\$[0-9]+"))),_xlfn.REGEXEXTRACT(CELL("address",AJ15), "\$([A-Z]+)\$[0-9]+"))} | AK15: {=IFERROR(IF(OR('Raw Data'!AK15="",LEN(TRIM('Raw Data'!AK15))=0),"",IF(AND(ISNUMBER('Raw Data'!AK15), IFERROR('Raw Data'!AK15 = ROUND('Raw Data'!AK15, 2),FALSE)),"",_xlfn.REGEXEXTRACT(CELL("address",AK15), "\$([A-Z]+)\$[0-9]+"))),_xlfn.REGEXEXTRACT(CELL("address",AK15), "\$([A-Z]+)\$[0-9]+"))} | AL15: {=IFERROR(IF(OR('Raw Data'!AL15="",LEN(TRIM('Raw Data'!AL15))=0),"",IF(AND(ISNUMBER('Raw Data'!AL15), IFERROR('Raw Data'!AL15 = ROUND('Raw Data'!AL15, 2),FALSE)),"",_xlfn.REGEXEXTRACT(CELL("address",AL15), "\$([A-Z]+)\$[0-9]+"))),_xlfn.REGEXEXTRACT(CELL("address",AL15), "\$([A-Z]+)\$[0-9]+"))} | AM15: {=IFERROR(IF(OR('Raw Data'!AM15="",LEN(TRIM('Raw Data'!AM15))=0),"",IF(AND(ISNUMBER('Raw Data'!AM15), IFERROR('Raw Data'!AM15 = ROUND('Raw Data'!AM15, 2),FALSE)),"",_xlfn.REGEXEXTRACT(CELL("address",AM15), "\$([A-Z]+)\$[0-9]+"))),_xlfn.REGEXEXTRACT(CELL("address",AM15), "\$([A-Z]+)\$[0-9]+"))} | AN15: {=IFERROR(IF(OR('Raw Data'!AN15="",LEN(TRIM('Raw Data'!AN15))=0),"",IF(AND(ISNUMBER('Raw Data'!AN15), IFERROR('Raw Data'!AN15 = ROUND('Raw Data'!AN15, 2),FALSE)),"",_xlfn.REGEXEXTRACT(CELL("address",AN15), "\$([A-Z]+)\$[0-9]+"))),_xlfn.REGEXEXTRACT(CELL("address",AN15), "\$([A-Z]+)\$[0-9]+"))} | AO15: {=IFERROR(IF(OR('Raw Data'!AO15="",LEN(TRIM('Raw Data'!AO15))=0),"",IF(AND(ISNUMBER('Raw Data'!AO15), IFERROR('Raw Data'!AO15 = ROUND('Raw Data'!AO15, 2),FALSE)),"",_xlfn.REGEXEXTRACT(CELL("address",AO15), "\$([A-Z]+)\$[0-9]+"))),_xlfn.REGEXEXTRACT(CELL("address",AO15), "\$([A-Z]+)\$[0-9]+"))} | AP15: {=IFERROR(IF(OR('Raw Data'!AP15="",LEN(TRIM('Raw Data'!AP15))=0),"",IF(AND(ISNUMBER('Raw Data'!AP15), IFERROR('Raw Data'!AP15 = ROUND('Raw Data'!AP15, 2),FALSE)),"",_xlfn.REGEXEXTRACT(CELL("address",AP15), "\$([A-Z]+)\$[0-9]+"))),_xlfn.REGEXEXTRACT(CELL("address",AP15), "\$([A-Z]+)\$[0-9]+"))}
B16: {=IFERROR(IF(OR('Raw Data'!B16="",LEN(TRIM('Raw Data'!B16))=0),"",IF(AND(LEN('Raw Data'!B16) <= 255,LEN('Raw Data'!B16)> 0),"",_xlfn.REGEXEXTRACT(CELL("address",'Raw Data'!B16),"\$([A-Z]+)\$[0-9]+"))),_xlfn.REGEXEXTRACT(CELL("address",'Raw Data'!B16),"\$([A-Z]+)\$[0-9]+"))} | C16: {=IFERROR(IF(OR('Raw Data'!C16="",LEN(TRIM('Raw Data'!C16))=0),"",IF(AND(LEN('Raw Data'!C16) <= 50,LEN('Raw Data'!C16)> 0),"",_xlfn.REGEXEXTRACT(CELL("address",'Raw Data'!C16),"\$([A-Z]+)\$[0-9]+"))),_xlfn.REGEXEXTRACT(CELL("address",'Raw Data'!C16),"\$([A-Z]+)\$[0-9]+"))} | D16: {=IFERROR(IF(OR('Raw Data'!D16="",LEN(TRIM('Raw Data'!D16))=0),"",IF(AND(LEN('Raw Data'!D16) <= 500,LEN('Raw Data'!D16)> 0),"",_xlfn.REGEXEXTRACT(CELL("address",'Raw Data'!D16),"\$([A-Z]+)\$[0-9]+"))),_xlfn.REGEXEXTRACT(CELL("address",'Raw Data'!D16),"\$([A-Z]+)\$[0-9]+"))} | E16: {=IFERROR(IF(OR('Raw Data'!E16="",LEN(TRIM('Raw Data'!E16))=0),"",IF(AND(LEN('Raw Data'!E16) <= 50,LEN('Raw Data'!E16)> 0),"",_xlfn.REGEXEXTRACT(CELL("address",'Raw Data'!E16),"\$([A-Z]+)\$[0-9]+"))),_xlfn.REGEXEXTRACT(CELL("address",'Raw Data'!E16),"\$([A-Z]+)\$[0-9]+"))} | F16: {=IFERROR(IF(OR('Raw Data'!F16="",LEN(TRIM('Raw Data'!F16))=0),"",IF(AND(LEN('Raw Data'!F16) <= 50,LEN('Raw Data'!F16)> 0),"",_xlfn.REGEXEXTRACT(CELL("address",'Raw Data'!F16),"\$([A-Z]+)\$[0-9]+"))),_xlfn.REGEXEXTRACT(CELL("address",'Raw Data'!F16),"\$([A-Z]+)\$[0-9]+"))} | G16: {=IFERROR(IF(OR('Raw Data'!G16="",LEN(TRIM('Raw Data'!G16))=0),"",IF(AND(LEN('Raw Data'!G16) <= 50,LEN('Raw Data'!G16)> 0),"",_xlfn.REGEXEXTRACT(CELL("address",'Raw Data'!G16),"\$([A-Z]+)\$[0-9]+"))),_xlfn.REGEXEXTRACT(CELL("address",'Raw Data'!G16),"\$([A-Z]+)\$[0-9]+"))} | H16: {=IFERROR(IF(OR('Raw Data'!H16="",LEN(TRIM('Raw Data'!H16))=0),"",IF(AND(LEN('Raw Data'!H16) <= 50,LEN('Raw Data'!H16)> 0),"",_xlfn.REGEXEXTRACT(CELL("address",'Raw Data'!H16),"\$([A-Z]+)\$[0-9]+"))),_xlfn.REGEXEXTRACT(CELL("address",'Raw Data'!H16),"\$([A-Z]+)\$[0-9]+"))} | I16: {=IFERROR(IF(OR('Raw Data'!I16="",LEN(TRIM('Raw Data'!I16))=0),"",IF(AND(LEN('Raw Data'!I16) <= 50,LEN('Raw Data'!I16)> 0),"",_xlfn.REGEXEXTRACT(CELL("address",'Raw Data'!I16),"\$([A-Z]+)\$[0-9]+"))),_xlfn.REGEXEXTRACT(CELL("address",'Raw Data'!I16),"\$([A-Z]+)\$[0-9]+"))} | J16: {=IFERROR(IF(OR('Raw Data'!J16="",LEN(TRIM('Raw Data'!J16))=0),"",IF(AND(ISNUMBER('Raw Data'!J16), IFERROR('Raw Data'!J16 = ROUND('Raw Data'!J16, 2),FALSE)),"",_xlfn.REGEXEXTRACT(CELL("address",J16), "\$([A-Z]+)\$[0-9]+"))),_xlfn.REGEXEXTRACT(CELL("address",J16), "\$([A-Z]+)\$[0-9]+"))} | K16: {=IFERROR(IF(OR('Raw Data'!K16="",LEN(TRIM('Raw Data'!K16))=0),"",IF(AND(ISNUMBER('Raw Data'!K16), IFERROR('Raw Data'!K16 = ROUND('Raw Data'!K16, 2),FALSE)),"",_xlfn.REGEXEXTRACT(CELL("address",K16), "\$([A-Z]+)\$[0-9]+"))),_xlfn.REGEXEXTRACT(CELL("address",K16), "\$([A-Z]+)\$[0-9]+"))} | L16: {=IFERROR(IF(OR('Raw Data'!L16="",LEN(TRIM('Raw Data'!L16))=0),"",IF(AND(ISNUMBER('Raw Data'!L16), IFERROR('Raw Data'!L16 = ROUND('Raw Data'!L16, 2),FALSE)),"",_xlfn.REGEXEXTRACT(CELL("address",L16), "\$([A-Z]+)\$[0-9]+"))),_xlfn.REGEXEXTRACT(CELL("address",L16), "\$([A-Z]+)\$[0-9]+"))} | M16: {=IFERROR(IF(OR('Raw Data'!M16="",LEN(TRIM('Raw Data'!M16))=0),"",IF(AND(ISNUMBER('Raw Data'!M16), IFERROR('Raw Data'!M16 = ROUND('Raw Data'!M16, 2),FALSE)),"",_xlfn.REGEXEXTRACT(CELL("address",M16), "\$([A-Z]+)\$[0-9]+"))),_xlfn.REGEXEXTRACT(CELL("address",M16), "\$([A-Z]+)\$[0-9]+"))} | N16: {=IFERROR(IF(OR('Raw Data'!N16="",LEN(TRIM('Raw Data'!N16))=0),"",IF(AND(ISNUMBER('Raw Data'!N16), IFERROR('Raw Data'!N16 = ROUND('Raw Data'!N16, 2),FALSE)),"",_xlfn.REGEXEXTRACT(CELL("address",N16), "\$([A-Z]+)\$[0-9]+"))),_xlfn.REGEXEXTRACT(CELL("address",N16), "\$([A-Z]+)\$[0-9]+"))} | O16: {=IFERROR(IF(OR('Raw Data'!O16="",LEN(TRIM('Raw Data'!O16))=0),"",IF(AND(ISNUMBER('Raw Data'!O16),'Raw Data'!O16>=Configuration!$D$2),"",_xlfn.REGEXEXTRACT(CELL("address",'Raw Data'!O16),"\$([A-Z]+)\$[0-9]+"))),_xlfn.REGEXEXTRACT(CELL("address",O16), "\$([A-Z]+)\$[0-9]+"))} | P16: {=IFERROR(IF(OR('Raw Data'!P16="",LEN(TRIM('Raw Data'!P16))=0),"",IF(AND(ISNUMBER('Raw Data'!P16), IFERROR('Raw Data'!P16 = ROUND('Raw Data'!P16, 2),FALSE)),"",_xlfn.REGEXEXTRACT(CELL("address",P16), "\$([A-Z]+)\$[0-9]+"))),_xlfn.REGEXEXTRACT(CELL("address",P16), "\$([A-Z]+)\$[0-9]+"))} | Q16: {=IFERROR(IF(OR('Raw Data'!Q16="",LEN(TRIM('Raw Data'!Q16))=0),"",IF(AND(ISNUMBER('Raw Data'!Q16), IFERROR('Raw Data'!Q16 = ROUND('Raw Data'!Q16, 2),FALSE)),"",_xlfn.REGEXEXTRACT(CELL("address",Q16), "\$([A-Z]+)\$[0-9]+"))),_xlfn.REGEXEXTRACT(CELL("address",Q16), "\$([A-Z]+)\$[0-9]+"))} | R16: {=IFERROR(IF(OR('Raw Data'!R16="",LEN(TRIM('Raw Data'!R16))=0),"",IF(AND(LEN('Raw Data'!R16) <= 50,LEN('Raw Data'!R16)> 0),"",_xlfn.REGEXEXTRACT(CELL("address",'Raw Data'!R16),"\$([A-Z]+)\$[0-9]+"))),_xlfn.REGEXEXTRACT(CELL("address",'Raw Data'!R16),"\$([A-Z]+)\$[0-9]+"))} | S16: {=IFERROR(IF(OR('Raw Data'!S16="",LEN(TRIM('Raw Data'!S16))=0),"",IF(AND(LEN('Raw Data'!S16) <= 50,LEN('Raw Data'!S16)> 0),"",_xlfn.REGEXEXTRACT(CELL("address",'Raw Data'!S16),"\$([A-Z]+)\$[0-9]+"))),_xlfn.REGEXEXTRACT(CELL("address",'Raw Data'!S16),"\$([A-Z]+)\$[0-9]+"))} | T16: {=IFERROR(IF(OR('Raw Data'!T16="",LEN(TRIM('Raw Data'!T16))=0),"",IF(AND(ISNUMBER('Raw Data'!T16), IFERROR('Raw Data'!T16 = ROUND('Raw Data'!T16, 2),FALSE)),"",_xlfn.REGEXEXTRACT(CELL("address",T16), "\$([A-Z]+)\$[0-9]+"))),_xlfn.REGEXEXTRACT(CELL("address",T16), "\$([A-Z]+)\$[0-9]+"))} | U16: {=IFERROR(IF(OR('Raw Data'!U16="",LEN(TRIM('Raw Data'!U16))=0),"",IF(AND(ISNUMBER('Raw Data'!U16), IFERROR('Raw Data'!U16 = ROUND('Raw Data'!U16, 2),FALSE)),"",_xlfn.REGEXEXTRACT(CELL("address",U16), "\$([A-Z]+)\$[0-9]+"))),_xlfn.REGEXEXTRACT(CELL("address",U16), "\$([A-Z]+)\$[0-9]+"))} | V16: {=IFERROR(IF(OR('Raw Data'!V16="",LEN(TRIM('Raw Data'!V16))=0),"",IF(AND(ISNUMBER('Raw Data'!V16), IFERROR('Raw Data'!V16 = ROUND('Raw Data'!V16, 2),FALSE)),"",_xlfn.REGEXEXTRACT(CELL("address",V16), "\$([A-Z]+)\$[0-9]+"))),_xlfn.REGEXEXTRACT(CELL("address",V16), "\$([A-Z]+)\$[0-9]+"))} | W16: {=IFERROR(IF(OR('Raw Data'!W16="",LEN(TRIM('Raw Data'!W16))=0),"",IF(AND(ISNUMBER('Raw Data'!W16), IFERROR('Raw Data'!W16 = ROUND('Raw Data'!W16, 2),FALSE)),"",_xlfn.REGEXEXTRACT(CELL("address",W16), "\$([A-Z]+)\$[0-9]+"))),_xlfn.REGEXEXTRACT(CELL("address",W16), "\$([A-Z]+)\$[0-9]+"))} | X16: {=IFERROR(IF(OR('Raw Data'!X16="",LEN(TRIM('Raw Data'!X16))=0),"",IF(AND(ISNUMBER('Raw Data'!X16), IFERROR('Raw Data'!X16 = ROUND('Raw Data'!X16, 2),FALSE)),"",_xlfn.REGEXEXTRACT(CELL("address",X16), "\$([A-Z]+)\$[0-9]+"))),_xlfn.REGEXEXTRACT(CELL("address",X16), "\$([A-Z]+)\$[0-9]+"))} | Y16: {=IFERROR(IF(OR('Raw Data'!Y16="",LEN(TRIM('Raw Data'!Y16))=0),"",IF(AND(ISNUMBER('Raw Data'!Y16), IFERROR('Raw Data'!Y16 = ROUND('Raw Data'!Y16, 2),FALSE)),"",_xlfn.REGEXEXTRACT(CELL("address",Y16), "\$([A-Z]+)\$[0-9]+"))),_xlfn.REGEXEXTRACT(CELL("address",Y16), "\$([A-Z]+)\$[0-9]+"))} | Z16: {=IFERROR(IF(OR('Raw Data'!Z16="",LEN(TRIM('Raw Data'!Z16))=0),"",IF(AND(ISNUMBER('Raw Data'!Z16), IFERROR('Raw Data'!Z16 = ROUND('Raw Data'!Z16, 2),FALSE)),"",_xlfn.REGEXEXTRACT(CELL("address",Z16), "\$([A-Z]+)\$[0-9]+"))),_xlfn.REGEXEXTRACT(CELL("address",Z16), "\$([A-Z]+)\$[0-9]+"))} | AA16: {=IFERROR(IF(OR('Raw Data'!AA16="",LEN(TRIM('Raw Data'!AA16))=0),"",IF(AND(ISNUMBER('Raw Data'!AA16), IFERROR('Raw Data'!AA16 = ROUND('Raw Data'!AA16, 2),FALSE)),"",_xlfn.REGEXEXTRACT(CELL("address",AA16), "\$([A-Z]+)\$[0-9]+"))),_xlfn.REGEXEXTRACT(CELL("address",AA16), "\$([A-Z]+)\$[0-9]+"))} | ... AI16: {=IFERROR(IF(OR('Raw Data'!AI16="",LEN(TRIM('Raw Data'!AI16))=0),"",IF(AND(ISNUMBER('Raw Data'!AI16), IFERROR('Raw Data'!AI16 = ROUND('Raw Data'!AI16, 2),FALSE)),"",_xlfn.REGEXEXTRACT(CELL("address",AI16), "\$([A-Z]+)\$[0-9]+"))),_xlfn.REGEXEXTRACT(CELL("address",AI16), "\$([A-Z]+)\$[0-9]+"))} | AJ16: {=IFERROR(IF(OR('Raw Data'!AJ16="",LEN(TRIM('Raw Data'!AJ16))=0),"",IF(AND(ISNUMBER('Raw Data'!AJ16), IFERROR('Raw Data'!AJ16 = ROUND('Raw Data'!AJ16, 4),FALSE)),"",_xlfn.REGEXEXTRACT(CELL("address",AJ16), "\$([A-Z]+)\$[0-9]+"))),_xlfn.REGEXEXTRACT(CELL("address",AJ16), "\$([A-Z]+)\$[0-9]+"))} | AK16: {=IFERROR(IF(OR('Raw Data'!AK16="",LEN(TRIM('Raw Data'!AK16))=0),"",IF(AND(ISNUMBER('Raw Data'!AK16), IFERROR('Raw Data'!AK16 = ROUND('Raw Data'!AK16, 2),FALSE)),"",_xlfn.REGEXEXTRACT(CELL("address",AK16), "\$([A-Z]+)\$[0-9]+"))),_xlfn.REGEXEXTRACT(CELL("address",AK16), "\$([A-Z]+)\$[0-9]+"))} | AL16: {=IFERROR(IF(OR('Raw Data'!AL16="",LEN(TRIM('Raw Data'!AL16))=0),"",IF(AND(ISNUMBER('Raw Data'!AL16), IFERROR('Raw Data'!AL16 = ROUND('Raw Data'!AL16, 2),FALSE)),"",_xlfn.REGEXEXTRACT(CELL("address",AL16), "\$([A-Z]+)\$[0-9]+"))),_xlfn.REGEXEXTRACT(CELL("address",AL16), "\$([A-Z]+)\$[0-9]+"))} | AM16: {=IFERROR(IF(OR('Raw Data'!AM16="",LEN(TRIM('Raw Data'!AM16))=0),"",IF(AND(ISNUMBER('Raw Data'!AM16), IFERROR('Raw Data'!AM16 = ROUND('Raw Data'!AM16, 2),FALSE)),"",_xlfn.REGEXEXTRACT(CELL("address",AM16), "\$([A-Z]+)\$[0-9]+"))),_xlfn.REGEXEXTRACT(CELL("address",AM16), "\$([A-Z]+)\$[0-9]+"))} | AN16: {=IFERROR(IF(OR('Raw Data'!AN16="",LEN(TRIM('Raw Data'!AN16))=0),"",IF(AND(ISNUMBER('Raw Data'!AN16), IFERROR('Raw Data'!AN16 = ROUND('Raw Data'!AN16, 2),FALSE)),"",_xlfn.REGEXEXTRACT(CELL("address",AN16), "\$([A-Z]+)\$[0-9]+"))),_xlfn.REGEXEXTRACT(CELL("address",AN16), "\$([A-Z]+)\$[0-9]+"))} | AO16: {=IFERROR(IF(OR('Raw Data'!AO16="",LEN(TRIM('Raw Data'!AO16))=0),"",IF(AND(ISNUMBER('Raw Data'!AO16), IFERROR('Raw Data'!AO16 = ROUND('Raw Data'!AO16, 2),FALSE)),"",_xlfn.REGEXEXTRACT(CELL("address",AO16), "\$([A-Z]+)\$[0-9]+"))),_xlfn.REGEXEXTRACT(CELL("address",AO16), "\$([A-Z]+)\$[0-9]+"))} | AP16: {=IFERROR(IF(OR('Raw Data'!AP16="",LEN(TRIM('Raw Data'!AP16))=0),"",IF(AND(ISNUMBER('Raw Data'!AP16), IFERROR('Raw Data'!AP16 = ROUND('Raw Data'!AP16, 2),FALSE)),"",_xlfn.REGEXEXTRACT(CELL("address",AP16), "\$([A-Z]+)\$[0-9]+"))),_xlfn.REGEXEXTRACT(CELL("address",AP16), "\$([A-Z]+)\$[0-9]+"))}
B17: {=IFERROR(IF(OR('Raw Data'!B17="",LEN(TRIM('Raw Data'!B17))=0),"",IF(AND(LEN('Raw Data'!B17) <= 255,LEN('Raw Data'!B17)> 0),"",_xlfn.REGEXEXTRACT(CELL("address",'Raw Data'!B17),"\$([A-Z]+)\$[0-9]+"))),_xlfn.REGEXEXTRACT(CELL("address",'Raw Data'!B17),"\$([A-Z]+)\$[0-9]+"))} | C17: {=IFERROR(IF(OR('Raw Data'!C17="",LEN(TRIM('Raw Data'!C17))=0),"",IF(AND(LEN('Raw Data'!C17) <= 50,LEN('Raw Data'!C17)> 0),"",_xlfn.REGEXEXTRACT(CELL("address",'Raw Data'!C17),"\$([A-Z]+)\$[0-9]+"))),_xlfn.REGEXEXTRACT(CELL("address",'Raw Data'!C17),"\$([A-Z]+)\$[0-9]+"))} | D17: {=IFERROR(IF(OR('Raw Data'!D17="",LEN(TRIM('Raw Data'!D17))=0),"",IF(AND(LEN('Raw Data'!D17) <= 500,LEN('Raw Data'!D17)> 0),"",_xlfn.REGEXEXTRACT(CELL("address",'Raw Data'!D17),"\$([A-Z]+)\$[0-9]+"))),_xlfn.REGEXEXTRACT(CELL("address",'Raw Data'!D17),"\$([A-Z]+)\$[0-9]+"))} | E17: {=IFERROR(IF(OR('Raw Data'!E17="",LEN(TRIM('Raw Data'!E17))=0),"",IF(AND(LEN('Raw Data'!E17) <= 50,LEN('Raw Data'!E17)> 0),"",_xlfn.REGEXEXTRACT(CELL("address",'Raw Data'!E17),"\$([A-Z]+)\$[0-9]+"))),_xlfn.REGEXEXTRACT(CELL("address",'Raw Data'!E17),"\$([A-Z]+)\$[0-9]+"))} | F17: {=IFERROR(IF(OR('Raw Data'!F17="",LEN(TRIM('Raw Data'!F17))=0),"",IF(AND(LEN('Raw Data'!F17) <= 50,LEN('Raw Data'!F17)> 0),"",_xlfn.REGEXEXTRACT(CELL("address",'Raw Data'!F17),"\$([A-Z]+)\$[0-9]+"))),_xlfn.REGEXEXTRACT(CELL("address",'Raw Data'!F17),"\$([A-Z]+)\$[0-9]+"))} | G17: {=IFERROR(IF(OR('Raw Data'!G17="",LEN(TRIM('Raw Data'!G17))=0),"",IF(AND(LEN('Raw Data'!G17) <= 50,LEN('Raw Data'!G17)> 0),"",_xlfn.REGEXEXTRACT(CELL("address",'Raw Data'!G17),"\$([A-Z]+)\$[0-9]+"))),_xlfn.REGEXEXTRACT(CELL("address",'Raw Data'!G17),"\$([A-Z]+)\$[0-9]+"))} | H17: {=IFERROR(IF(OR('Raw Data'!H17="",LEN(TRIM('Raw Data'!H17))=0),"",IF(AND(LEN('Raw Data'!H17) <= 50,LEN('Raw Data'!H17)> 0),"",_xlfn.REGEXEXTRACT(CELL("address",'Raw Data'!H17),"\$([A-Z]+)\$[0-9]+"))),_xlfn.REGEXEXTRACT(CELL("address",'Raw Data'!H17),"\$([A-Z]+)\$[0-9]+"))} | I17: {=IFERROR(IF(OR('Raw Data'!I17="",LEN(TRIM('Raw Data'!I17))=0),"",IF(AND(LEN('Raw Data'!I17) <= 50,LEN('Raw Data'!I17)> 0),"",_xlfn.REGEXEXTRACT(CELL("address",'Raw Data'!I17),"\$([A-Z]+)\$[0-9]+"))),_xlfn.REGEXEXTRACT(CELL("address",'Raw Data'!I17),"\$([A-Z]+)\$[0-9]+"))} | J17: {=IFERROR(IF(OR('Raw Data'!J17="",LEN(TRIM('Raw Data'!J17))=0),"",IF(AND(ISNUMBER('Raw Data'!J17), IFERROR('Raw Data'!J17 = ROUND('Raw Data'!J17, 2),FALSE)),"",_xlfn.REGEXEXTRACT(CELL("address",J17), "\$([A-Z]+)\$[0-9]+"))),_xlfn.REGEXEXTRACT(CELL("address",J17), "\$([A-Z]+)\$[0-9]+"))} | K17: {=IFERROR(IF(OR('Raw Data'!K17="",LEN(TRIM('Raw Data'!K17))=0),"",IF(AND(ISNUMBER('Raw Data'!K17), IFERROR('Raw Data'!K17 = ROUND('Raw Data'!K17, 2),FALSE)),"",_xlfn.REGEXEXTRACT(CELL("address",K17), "\$([A-Z]+)\$[0-9]+"))),_xlfn.REGEXEXTRACT(CELL("address",K17), "\$([A-Z]+)\$[0-9]+"))} | L17: {=IFERROR(IF(OR('Raw Data'!L17="",LEN(TRIM('Raw Data'!L17))=0),"",IF(AND(ISNUMBER('Raw Data'!L17), IFERROR('Raw Data'!L17 = ROUND('Raw Data'!L17, 2),FALSE)),"",_xlfn.REGEXEXTRACT(CELL("address",L17), "\$([A-Z]+)\$[0-9]+"))),_xlfn.REGEXEXTRACT(CELL("address",L17), "\$([A-Z]+)\$[0-9]+"))} | M17: {=IFERROR(IF(OR('Raw Data'!M17="",LEN(TRIM('Raw Data'!M17))=0),"",IF(AND(ISNUMBER('Raw Data'!M17), IFERROR('Raw Data'!M17 = ROUND('Raw Data'!M17, 2),FALSE)),"",_xlfn.REGEXEXTRACT(CELL("address",M17), "\$([A-Z]+)\$[0-9]+"))),_xlfn.REGEXEXTRACT(CELL("address",M17), "\$([A-Z]+)\$[0-9]+"))} | N17: {=IFERROR(IF(OR('Raw Data'!N17="",LEN(TRIM('Raw Data'!N17))=0),"",IF(AND(ISNUMBER('Raw Data'!N17), IFERROR('Raw Data'!N17 = ROUND('Raw Data'!N17, 2),FALSE)),"",_xlfn.REGEXEXTRACT(CELL("address",N17), "\$([A-Z]+)\$[0-9]+"))),_xlfn.REGEXEXTRACT(CELL("address",N17), "\$([A-Z]+)\$[0-9]+"))} | O17: {=IFERROR(IF(OR('Raw Data'!O17="",LEN(TRIM('Raw Data'!O17))=0),"",IF(AND(ISNUMBER('Raw Data'!O17),'Raw Data'!O17>=Configuration!$D$2),"",_xlfn.REGEXEXTRACT(CELL("address",'Raw Data'!O17),"\$([A-Z]+)\$[0-9]+"))),_xlfn.REGEXEXTRACT(CELL("address",O17), "\$([A-Z]+)\$[0-9]+"))} | P17: {=IFERROR(IF(OR('Raw Data'!P17="",LEN(TRIM('Raw Data'!P17))=0),"",IF(AND(ISNUMBER('Raw Data'!P17), IFERROR('Raw Data'!P17 = ROUND('Raw Data'!P17, 2),FALSE)),"",_xlfn.REGEXEXTRACT(CELL("address",P17), "\$([A-Z]+)\$[0-9]+"))),_xlfn.REGEXEXTRACT(CELL("address",P17), "\$([A-Z]+)\$[0-9]+"))} | Q17: {=IFERROR(IF(OR('Raw Data'!Q17="",LEN(TRIM('Raw Data'!Q17))=0),"",IF(AND(ISNUMBER('Raw Data'!Q17), IFERROR('Raw Data'!Q17 = ROUND('Raw Data'!Q17, 2),FALSE)),"",_xlfn.REGEXEXTRACT(CELL("address",Q17), "\$([A-Z]+)\$[0-9]+"))),_xlfn.REGEXEXTRACT(CELL("address",Q17), "\$([A-Z]+)\$[0-9]+"))} | R17: {=IFERROR(IF(OR('Raw Data'!R17="",LEN(TRIM('Raw Data'!R17))=0),"",IF(AND(LEN('Raw Data'!R17) <= 50,LEN('Raw Data'!R17)> 0),"",_xlfn.REGEXEXTRACT(CELL("address",'Raw Data'!R17),"\$([A-Z]+)\$[0-9]+"))),_xlfn.REGEXEXTRACT(CELL("address",'Raw Data'!R17),"\$([A-Z]+)\$[0-9]+"))} | S17: {=IFERROR(IF(OR('Raw Data'!S17="",LEN(TRIM('Raw Data'!S17))=0),"",IF(AND(LEN('Raw Data'!S17) <= 50,LEN('Raw Data'!S17)> 0),"",_xlfn.REGEXEXTRACT(CELL("address",'Raw Data'!S17),"\$([A-Z]+)\$[0-9]+"))),_xlfn.REGEXEXTRACT(CELL("address",'Raw Data'!S17),"\$([A-Z]+)\$[0-9]+"))} | T17: {=IFERROR(IF(OR('Raw Data'!T17="",LEN(TRIM('Raw Data'!T17))=0),"",IF(AND(ISNUMBER('Raw Data'!T17), IFERROR('Raw Data'!T17 = ROUND('Raw Data'!T17, 2),FALSE)),"",_xlfn.REGEXEXTRACT(CELL("address",T17), "\$([A-Z]+)\$[0-9]+"))),_xlfn.REGEXEXTRACT(CELL("address",T17), "\$([A-Z]+)\$[0-9]+"))} | U17: {=IFERROR(IF(OR('Raw Data'!U17="",LEN(TRIM('Raw Data'!U17))=0),"",IF(AND(ISNUMBER('Raw Data'!U17), IFERROR('Raw Data'!U17 = ROUND('Raw Data'!U17, 2),FALSE)),"",_xlfn.REGEXEXTRACT(CELL("address",U17), "\$([A-Z]+)\$[0-9]+"))),_xlfn.REGEXEXTRACT(CELL("address",U17), "\$([A-Z]+)\$[0-9]+"))} | V17: {=IFERROR(IF(OR('Raw Data'!V17="",LEN(TRIM('Raw Data'!V17))=0),"",IF(AND(ISNUMBER('Raw Data'!V17), IFERROR('Raw Data'!V17 = ROUND('Raw Data'!V17, 2),FALSE)),"",_xlfn.REGEXEXTRACT(CELL("address",V17), "\$([A-Z]+)\$[0-9]+"))),_xlfn.REGEXEXTRACT(CELL("address",V17), "\$([A-Z]+)\$[0-9]+"))} | W17: {=IFERROR(IF(OR('Raw Data'!W17="",LEN(TRIM('Raw Data'!W17))=0),"",IF(AND(ISNUMBER('Raw Data'!W17), IFERROR('Raw Data'!W17 = ROUND('Raw Data'!W17, 2),FALSE)),"",_xlfn.REGEXEXTRACT(CELL("address",W17), "\$([A-Z]+)\$[0-9]+"))),_xlfn.REGEXEXTRACT(CELL("address",W17), "\$([A-Z]+)\$[0-9]+"))} | X17: {=IFERROR(IF(OR('Raw Data'!X17="",LEN(TRIM('Raw Data'!X17))=0),"",IF(AND(ISNUMBER('Raw Data'!X17), IFERROR('Raw Data'!X17 = ROUND('Raw Data'!X17, 2),FALSE)),"",_xlfn.REGEXEXTRACT(CELL("address",X17), "\$([A-Z]+)\$[0-9]+"))),_xlfn.REGEXEXTRACT(CELL("address",X17), "\$([A-Z]+)\$[0-9]+"))} | Y17: {=IFERROR(IF(OR('Raw Data'!Y17="",LEN(TRIM('Raw Data'!Y17))=0),"",IF(AND(ISNUMBER('Raw Data'!Y17), IFERROR('Raw Data'!Y17 = ROUND('Raw Data'!Y17, 2),FALSE)),"",_xlfn.REGEXEXTRACT(CELL("address",Y17), "\$([A-Z]+)\$[0-9]+"))),_xlfn.REGEXEXTRACT(CELL("address",Y17), "\$([A-Z]+)\$[0-9]+"))} | Z17: {=IFERROR(IF(OR('Raw Data'!Z17="",LEN(TRIM('Raw Data'!Z17))=0),"",IF(AND(ISNUMBER('Raw Data'!Z17), IFERROR('Raw Data'!Z17 = ROUND('Raw Data'!Z17, 2),FALSE)),"",_xlfn.REGEXEXTRACT(CELL("address",Z17), "\$([A-Z]+)\$[0-9]+"))),_xlfn.REGEXEXTRACT(CELL("address",Z17), "\$([A-Z]+)\$[0-9]+"))} | AA17: {=IFERROR(IF(OR('Raw Data'!AA17="",LEN(TRIM('Raw Data'!AA17))=0),"",IF(AND(ISNUMBER('Raw Data'!AA17), IFERROR('Raw Data'!AA17 = ROUND('Raw Data'!AA17, 2),FALSE)),"",_xlfn.REGEXEXTRACT(CELL("address",AA17), "\$([A-Z]+)\$[0-9]+"))),_xlfn.REGEXEXTRACT(CELL("address",AA17), "\$([A-Z]+)\$[0-9]+"))} | ... AI17: {=IFERROR(IF(OR('Raw Data'!AI17="",LEN(TRIM('Raw Data'!AI17))=0),"",IF(AND(ISNUMBER('Raw Data'!AI17), IFERROR('Raw Data'!AI17 = ROUND('Raw Data'!AI17, 2),FALSE)),"",_xlfn.REGEXEXTRACT(CELL("address",AI17), "\$([A-Z]+)\$[0-9]+"))),_xlfn.REGEXEXTRACT(CELL("address",AI17), "\$([A-Z]+)\$[0-9]+"))} | AJ17: {=IFERROR(IF(OR('Raw Data'!AJ17="",LEN(TRIM('Raw Data'!AJ17))=0),"",IF(AND(ISNUMBER('Raw Data'!AJ17), IFERROR('Raw Data'!AJ17 = ROUND('Raw Data'!AJ17, 4),FALSE)),"",_xlfn.REGEXEXTRACT(CELL("address",AJ17), "\$([A-Z]+)\$[0-9]+"))),_xlfn.REGEXEXTRACT(CELL("address",AJ17), "\$([A-Z]+)\$[0-9]+"))} | AK17: {=IFERROR(IF(OR('Raw Data'!AK17="",LEN(TRIM('Raw Data'!AK17))=0),"",IF(AND(ISNUMBER('Raw Data'!AK17), IFERROR('Raw Data'!AK17 = ROUND('Raw Data'!AK17, 2),FALSE)),"",_xlfn.REGEXEXTRACT(CELL("address",AK17), "\$([A-Z]+)\$[0-9]+"))),_xlfn.REGEXEXTRACT(CELL("address",AK17), "\$([A-Z]+)\$[0-9]+"))} | AL17: {=IFERROR(IF(OR('Raw Data'!AL17="",LEN(TRIM('Raw Data'!AL17))=0),"",IF(AND(ISNUMBER('Raw Data'!AL17), IFERROR('Raw Data'!AL17 = ROUND('Raw Data'!AL17, 2),FALSE)),"",_xlfn.REGEXEXTRACT(CELL("address",AL17), "\$([A-Z]+)\$[0-9]+"))),_xlfn.REGEXEXTRACT(CELL("address",AL17), "\$([A-Z]+)\$[0-9]+"))} | AM17: {=IFERROR(IF(OR('Raw Data'!AM17="",LEN(TRIM('Raw Data'!AM17))=0),"",IF(AND(ISNUMBER('Raw Data'!AM17), IFERROR('Raw Data'!AM17 = ROUND('Raw Data'!AM17, 2),FALSE)),"",_xlfn.REGEXEXTRACT(CELL("address",AM17), "\$([A-Z]+)\$[0-9]+"))),_xlfn.REGEXEXTRACT(CELL("address",AM17), "\$([A-Z]+)\$[0-9]+"))} | AN17: {=IFERROR(IF(OR('Raw Data'!AN17="",LEN(TRIM('Raw Data'!AN17))=0),"",IF(AND(ISNUMBER('Raw Data'!AN17), IFERROR('Raw Data'!AN17 = ROUND('Raw Data'!AN17, 2),FALSE)),"",_xlfn.REGEXEXTRACT(CELL("address",AN17), "\$([A-Z]+)\$[0-9]+"))),_xlfn.REGEXEXTRACT(CELL("address",AN17), "\$([A-Z]+)\$[0-9]+"))} | AO17: {=IFERROR(IF(OR('Raw Data'!AO17="",LEN(TRIM('Raw Data'!AO17))=0),"",IF(AND(ISNUMBER('Raw Data'!AO17), IFERROR('Raw Data'!AO17 = ROUND('Raw Data'!AO17, 2),FALSE)),"",_xlfn.REGEXEXTRACT(CELL("address",AO17), "\$([A-Z]+)\$[0-9]+"))),_xlfn.REGEXEXTRACT(CELL("address",AO17), "\$([A-Z]+)\$[0-9]+"))} | AP17: {=IFERROR(IF(OR('Raw Data'!AP17="",LEN(TRIM('Raw Data'!AP17))=0),"",IF(AND(ISNUMBER('Raw Data'!AP17), IFERROR('Raw Data'!AP17 = ROUND('Raw Data'!AP17, 2),FALSE)),"",_xlfn.REGEXEXTRACT(CELL("address",AP17), "\$([A-Z]+)\$[0-9]+"))),_xlfn.REGEXEXTRACT(CELL("address",AP17), "\$([A-Z]+)\$[0-9]+"))}
B18: {=IFERROR(IF(OR('Raw Data'!B18="",LEN(TRIM('Raw Data'!B18))=0),"",IF(AND(LEN('Raw Data'!B18) <= 255,LEN('Raw Data'!B18)> 0),"",_xlfn.REGEXEXTRACT(CELL("address",'Raw Data'!B18),"\$([A-Z]+)\$[0-9]+"))),_xlfn.REGEXEXTRACT(CELL("address",'Raw Data'!B18),"\$([A-Z]+)\$[0-9]+"))} | C18: {=IFERROR(IF(OR('Raw Data'!C18="",LEN(TRIM('Raw Data'!C18))=0),"",IF(AND(LEN('Raw Data'!C18) <= 50,LEN('Raw Data'!C18)> 0),"",_xlfn.REGEXEXTRACT(CELL("address",'Raw Data'!C18),"\$([A-Z]+)\$[0-9]+"))),_xlfn.REGEXEXTRACT(CELL("address",'Raw Data'!C18),"\$([A-Z]+)\$[0-9]+"))} | D18: {=IFERROR(IF(OR('Raw Data'!D18="",LEN(TRIM('Raw Data'!D18))=0),"",IF(AND(LEN('Raw Data'!D18) <= 500,LEN('Raw Data'!D18)> 0),"",_xlfn.REGEXEXTRACT(CELL("address",'Raw Data'!D18),"\$([A-Z]+)\$[0-9]+"))),_xlfn.REGEXEXTRACT(CELL("address",'Raw Data'!D18),"\$([A-Z]+)\$[0-9]+"))} | E18: {=IFERROR(IF(OR('Raw Data'!E18="",LEN(TRIM('Raw Data'!E18))=0),"",IF(AND(LEN('Raw Data'!E18) <= 50,LEN('Raw Data'!E18)> 0),"",_xlfn.REGEXEXTRACT(CELL("address",'Raw Data'!E18),"\$([A-Z]+)\$[0-9]+"))),_xlfn.REGEXEXTRACT(CELL("address",'Raw Data'!E18),"\$([A-Z]+)\$[0-9]+"))} | F18: {=IFERROR(IF(OR('Raw Data'!F18="",LEN(TRIM('Raw Data'!F18))=0),"",IF(AND(LEN('Raw Data'!F18) <= 50,LEN('Raw Data'!F18)> 0),"",_xlfn.REGEXEXTRACT(CELL("address",'Raw Data'!F18),"\$([A-Z]+)\$[0-9]+"))),_xlfn.REGEXEXTRACT(CELL("address",'Raw Data'!F18),"\$([A-Z]+)\$[0-9]+"))} | G18: {=IFERROR(IF(OR('Raw Data'!G18="",LEN(TRIM('Raw Data'!G18))=0),"",IF(AND(LEN('Raw Data'!G18) <= 50,LEN('Raw Data'!G18)> 0),"",_xlfn.REGEXEXTRACT(CELL("address",'Raw Data'!G18),"\$([A-Z]+)\$[0-9]+"))),_xlfn.REGEXEXTRACT(CELL("address",'Raw Data'!G18),"\$([A-Z]+)\$[0-9]+"))} | H18: {=IFERROR(IF(OR('Raw Data'!H18="",LEN(TRIM('Raw Data'!H18))=0),"",IF(AND(LEN('Raw Data'!H18) <= 50,LEN('Raw Data'!H18)> 0),"",_xlfn.REGEXEXTRACT(CELL("address",'Raw Data'!H18),"\$([A-Z]+)\$[0-9]+"))),_xlfn.REGEXEXTRACT(CELL("address",'Raw Data'!H18),"\$([A-Z]+)\$[0-9]+"))} | I18: {=IFERROR(IF(OR('Raw Data'!I18="",LEN(TRIM('Raw Data'!I18))=0),"",IF(AND(LEN('Raw Data'!I18) <= 50,LEN('Raw Data'!I18)> 0),"",_xlfn.REGEXEXTRACT(CELL("address",'Raw Data'!I18),"\$([A-Z]+)\$[0-9]+"))),_xlfn.REGEXEXTRACT(CELL("address",'Raw Data'!I18),"\$([A-Z]+)\$[0-9]+"))} | J18: {=IFERROR(IF(OR('Raw Data'!J18="",LEN(TRIM('Raw Data'!J18))=0),"",IF(AND(ISNUMBER('Raw Data'!J18), IFERROR('Raw Data'!J18 = ROUND('Raw Data'!J18, 2),FALSE)),"",_xlfn.REGEXEXTRACT(CELL("address",J18), "\$([A-Z]+)\$[0-9]+"))),_xlfn.REGEXEXTRACT(CELL("address",J18), "\$([A-Z]+)\$[0-9]+"))} | K18: {=IFERROR(IF(OR('Raw Data'!K18="",LEN(TRIM('Raw Data'!K18))=0),"",IF(AND(ISNUMBER('Raw Data'!K18), IFERROR('Raw Data'!K18 = ROUND('Raw Data'!K18, 2),FALSE)),"",_xlfn.REGEXEXTRACT(CELL("address",K18), "\$([A-Z]+)\$[0-9]+"))),_xlfn.REGEXEXTRACT(CELL("address",K18), "\$([A-Z]+)\$[0-9]+"))} | L18: {=IFERROR(IF(OR('Raw Data'!L18="",LEN(TRIM('Raw Data'!L18))=0),"",IF(AND(ISNUMBER('Raw Data'!L18), IFERROR('Raw Data'!L18 = ROUND('Raw Data'!L18, 2),FALSE)),"",_xlfn.REGEXEXTRACT(CELL("address",L18), "\$([A-Z]+)\$[0-9]+"))),_xlfn.REGEXEXTRACT(CELL("address",L18), "\$([A-Z]+)\$[0-9]+"))} | M18: {=IFERROR(IF(OR('Raw Data'!M18="",LEN(TRIM('Raw Data'!M18))=0),"",IF(AND(ISNUMBER('Raw Data'!M18), IFERROR('Raw Data'!M18 = ROUND('Raw Data'!M18, 2),FALSE)),"",_xlfn.REGEXEXTRACT(CELL("address",M18), "\$([A-Z]+)\$[0-9]+"))),_xlfn.REGEXEXTRACT(CELL("address",M18), "\$([A-Z]+)\$[0-9]+"))} | N18: {=IFERROR(IF(OR('Raw Data'!N18="",LEN(TRIM('Raw Data'!N18))=0),"",IF(AND(ISNUMBER('Raw Data'!N18), IFERROR('Raw Data'!N18 = ROUND('Raw Data'!N18, 2),FALSE)),"",_xlfn.REGEXEXTRACT(CELL("address",N18), "\$([A-Z]+)\$[0-9]+"))),_xlfn.REGEXEXTRACT(CELL("address",N18), "\$([A-Z]+)\$[0-9]+"))} | O18: {=IFERROR(IF(OR('Raw Data'!O18="",LEN(TRIM('Raw Data'!O18))=0),"",IF(AND(ISNUMBER('Raw Data'!O18),'Raw Data'!O18>=Configuration!$D$2),"",_xlfn.REGEXEXTRACT(CELL("address",'Raw Data'!O18),"\$([A-Z]+)\$[0-9]+"))),_xlfn.REGEXEXTRACT(CELL("address",O18), "\$([A-Z]+)\$[0-9]+"))} | P18: {=IFERROR(IF(OR('Raw Data'!P18="",LEN(TRIM('Raw Data'!P18))=0),"",IF(AND(ISNUMBER('Raw Data'!P18), IFERROR('Raw Data'!P18 = ROUND('Raw Data'!P18, 2),FALSE)),"",_xlfn.REGEXEXTRACT(CELL("address",P18), "\$([A-Z]+)\$[0-9]+"))),_xlfn.REGEXEXTRACT(CELL("address",P18), "\$([A-Z]+)\$[0-9]+"))} | Q18: {=IFERROR(IF(OR('Raw Data'!Q18="",LEN(TRIM('Raw Data'!Q18))=0),"",IF(AND(ISNUMBER('Raw Data'!Q18), IFERROR('Raw Data'!Q18 = ROUND('Raw Data'!Q18, 2),FALSE)),"",_xlfn.REGEXEXTRACT(CELL("address",Q18), "\$([A-Z]+)\$[0-9]+"))),_xlfn.REGEXEXTRACT(CELL("address",Q18), "\$([A-Z]+)\$[0-9]+"))} | R18: {=IFERROR(IF(OR('Raw Data'!R18="",LEN(TRIM('Raw Data'!R18))=0),"",IF(AND(LEN('Raw Data'!R18) <= 50,LEN('Raw Data'!R18)> 0),"",_xlfn.REGEXEXTRACT(CELL("address",'Raw Data'!R18),"\$([A-Z]+)\$[0-9]+"))),_xlfn.REGEXEXTRACT(CELL("address",'Raw Data'!R18),"\$([A-Z]+)\$[0-9]+"))} | S18: {=IFERROR(IF(OR('Raw Data'!S18="",LEN(TRIM('Raw Data'!S18))=0),"",IF(AND(LEN('Raw Data'!S18) <= 50,LEN('Raw Data'!S18)> 0),"",_xlfn.REGEXEXTRACT(CELL("address",'Raw Data'!S18),"\$([A-Z]+)\$[0-9]+"))),_xlfn.REGEXEXTRACT(CELL("address",'Raw Data'!S18),"\$([A-Z]+)\$[0-9]+"))} | T18: {=IFERROR(IF(OR('Raw Data'!T18="",LEN(TRIM('Raw Data'!T18))=0),"",IF(AND(ISNUMBER('Raw Data'!T18), IFERROR('Raw Data'!T18 = ROUND('Raw Data'!T18, 2),FALSE)),"",_xlfn.REGEXEXTRACT(CELL("address",T18), "\$([A-Z]+)\$[0-9]+"))),_xlfn.REGEXEXTRACT(CELL("address",T18), "\$([A-Z]+)\$[0-9]+"))} | U18: {=IFERROR(IF(OR('Raw Data'!U18="",LEN(TRIM('Raw Data'!U18))=0),"",IF(AND(ISNUMBER('Raw Data'!U18), IFERROR('Raw Data'!U18 = ROUND('Raw Data'!U18, 2),FALSE)),"",_xlfn.REGEXEXTRACT(CELL("address",U18), "\$([A-Z]+)\$[0-9]+"))),_xlfn.REGEXEXTRACT(CELL("address",U18), "\$([A-Z]+)\$[0-9]+"))} | V18: {=IFERROR(IF(OR('Raw Data'!V18="",LEN(TRIM('Raw Data'!V18))=0),"",IF(AND(ISNUMBER('Raw Data'!V18), IFERROR('Raw Data'!V18 = ROUND('Raw Data'!V18, 2),FALSE)),"",_xlfn.REGEXEXTRACT(CELL("address",V18), "\$([A-Z]+)\$[0-9]+"))),_xlfn.REGEXEXTRACT(CELL("address",V18), "\$([A-Z]+)\$[0-9]+"))} | W18: {=IFERROR(IF(OR('Raw Data'!W18="",LEN(TRIM('Raw Data'!W18))=0),"",IF(AND(ISNUMBER('Raw Data'!W18), IFERROR('Raw Data'!W18 = ROUND('Raw Data'!W18, 2),FALSE)),"",_xlfn.REGEXEXTRACT(CELL("address",W18), "\$([A-Z]+)\$[0-9]+"))),_xlfn.REGEXEXTRACT(CELL("address",W18), "\$([A-Z]+)\$[0-9]+"))} | X18: {=IFERROR(IF(OR('Raw Data'!X18="",LEN(TRIM('Raw Data'!X18))=0),"",IF(AND(ISNUMBER('Raw Data'!X18), IFERROR('Raw Data'!X18 = ROUND('Raw Data'!X18, 2),FALSE)),"",_xlfn.REGEXEXTRACT(CELL("address",X18), "\$([A-Z]+)\$[0-9]+"))),_xlfn.REGEXEXTRACT(CELL("address",X18), "\$([A-Z]+)\$[0-9]+"))} | Y18: {=IFERROR(IF(OR('Raw Data'!Y18="",LEN(TRIM('Raw Data'!Y18))=0),"",IF(AND(ISNUMBER('Raw Data'!Y18), IFERROR('Raw Data'!Y18 = ROUND('Raw Data'!Y18, 2),FALSE)),"",_xlfn.REGEXEXTRACT(CELL("address",Y18), "\$([A-Z]+)\$[0-9]+"))),_xlfn.REGEXEXTRACT(CELL("address",Y18), "\$([A-Z]+)\$[0-9]+"))} | Z18: {=IFERROR(IF(OR('Raw Data'!Z18="",LEN(TRIM('Raw Data'!Z18))=0),"",IF(AND(ISNUMBER('Raw Data'!Z18), IFERROR('Raw Data'!Z18 = ROUND('Raw Data'!Z18, 2),FALSE)),"",_xlfn.REGEXEXTRACT(CELL("address",Z18), "\$([A-Z]+)\$[0-9]+"))),_xlfn.REGEXEXTRACT(CELL("address",Z18), "\$([A-Z]+)\$[0-9]+"))} | AA18: {=IFERROR(IF(OR('Raw Data'!AA18="",LEN(TRIM('Raw Data'!AA18))=0),"",IF(AND(ISNUMBER('Raw Data'!AA18), IFERROR('Raw Data'!AA18 = ROUND('Raw Data'!AA18, 2),FALSE)),"",_xlfn.REGEXEXTRACT(CELL("address",AA18), "\$([A-Z]+)\$[0-9]+"))),_xlfn.REGEXEXTRACT(CELL("address",AA18), "\$([A-Z]+)\$[0-9]+"))} | ... AI18: {=IFERROR(IF(OR('Raw Data'!AI18="",LEN(TRIM('Raw Data'!AI18))=0),"",IF(AND(ISNUMBER('Raw Data'!AI18), IFERROR('Raw Data'!AI18 = ROUND('Raw Data'!AI18, 2),FALSE)),"",_xlfn.REGEXEXTRACT(CELL("address",AI18), "\$([A-Z]+)\$[0-9]+"))),_xlfn.REGEXEXTRACT(CELL("address",AI18), "\$([A-Z]+)\$[0-9]+"))} | AJ18: {=IFERROR(IF(OR('Raw Data'!AJ18="",LEN(TRIM('Raw Data'!AJ18))=0),"",IF(AND(ISNUMBER('Raw Data'!AJ18), IFERROR('Raw Data'!AJ18 = ROUND('Raw Data'!AJ18, 4),FALSE)),"",_xlfn.REGEXEXTRACT(CELL("address",AJ18), "\$([A-Z]+)\$[0-9]+"))),_xlfn.REGEXEXTRACT(CELL("address",AJ18), "\$([A-Z]+)\$[0-9]+"))} | AK18: {=IFERROR(IF(OR('Raw Data'!AK18="",LEN(TRIM('Raw Data'!AK18))=0),"",IF(AND(ISNUMBER('Raw Data'!AK18), IFERROR('Raw Data'!AK18 = ROUND('Raw Data'!AK18, 2),FALSE)),"",_xlfn.REGEXEXTRACT(CELL("address",AK18), "\$([A-Z]+)\$[0-9]+"))),_xlfn.REGEXEXTRACT(CELL("address",AK18), "\$([A-Z]+)\$[0-9]+"))} | AL18: {=IFERROR(IF(OR('Raw Data'!AL18="",LEN(TRIM('Raw Data'!AL18))=0),"",IF(AND(ISNUMBER('Raw Data'!AL18), IFERROR('Raw Data'!AL18 = ROUND('Raw Data'!AL18, 2),FALSE)),"",_xlfn.REGEXEXTRACT(CELL("address",AL18), "\$([A-Z]+)\$[0-9]+"))),_xlfn.REGEXEXTRACT(CELL("address",AL18), "\$([A-Z]+)\$[0-9]+"))} | AM18: {=IFERROR(IF(OR('Raw Data'!AM18="",LEN(TRIM('Raw Data'!AM18))=0),"",IF(AND(ISNUMBER('Raw Data'!AM18), IFERROR('Raw Data'!AM18 = ROUND('Raw Data'!AM18, 2),FALSE)),"",_xlfn.REGEXEXTRACT(CELL("address",AM18), "\$([A-Z]+)\$[0-9]+"))),_xlfn.REGEXEXTRACT(CELL("address",AM18), "\$([A-Z]+)\$[0-9]+"))} | AN18: {=IFERROR(IF(OR('Raw Data'!AN18="",LEN(TRIM('Raw Data'!AN18))=0),"",IF(AND(ISNUMBER('Raw Data'!AN18), IFERROR('Raw Data'!AN18 = ROUND('Raw Data'!AN18, 2),FALSE)),"",_xlfn.REGEXEXTRACT(CELL("address",AN18), "\$([A-Z]+)\$[0-9]+"))),_xlfn.REGEXEXTRACT(CELL("address",AN18), "\$([A-Z]+)\$[0-9]+"))} | AO18: {=IFERROR(IF(OR('Raw Data'!AO18="",LEN(TRIM('Raw Data'!AO18))=0),"",IF(AND(ISNUMBER('Raw Data'!AO18), IFERROR('Raw Data'!AO18 = ROUND('Raw Data'!AO18, 2),FALSE)),"",_xlfn.REGEXEXTRACT(CELL("address",AO18), "\$([A-Z]+)\$[0-9]+"))),_xlfn.REGEXEXTRACT(CELL("address",AO18), "\$([A-Z]+)\$[0-9]+"))} | AP18: {=IFERROR(IF(OR('Raw Data'!AP18="",LEN(TRIM('Raw Data'!AP18))=0),"",IF(AND(ISNUMBER('Raw Data'!AP18), IFERROR('Raw Data'!AP18 = ROUND('Raw Data'!AP18, 2),FALSE)),"",_xlfn.REGEXEXTRACT(CELL("address",AP18), "\$([A-Z]+)\$[0-9]+"))),_xlfn.REGEXEXTRACT(CELL("address",AP18), "\$([A-Z]+)\$[0-9]+"))}
B19: {=IFERROR(IF(OR('Raw Data'!B19="",LEN(TRIM('Raw Data'!B19))=0),"",IF(AND(LEN('Raw Data'!B19) <= 255,LEN('Raw Data'!B19)> 0),"",_xlfn.REGEXEXTRACT(CELL("address",'Raw Data'!B19),"\$([A-Z]+)\$[0-9]+"))),_xlfn.REGEXEXTRACT(CELL("address",'Raw Data'!B19),"\$([A-Z]+)\$[0-9]+"))} | C19: {=IFERROR(IF(OR('Raw Data'!C19="",LEN(TRIM('Raw Data'!C19))=0),"",IF(AND(LEN('Raw Data'!C19) <= 50,LEN('Raw Data'!C19)> 0),"",_xlfn.REGEXEXTRACT(CELL("address",'Raw Data'!C19),"\$([A-Z]+)\$[0-9]+"))),_xlfn.REGEXEXTRACT(CELL("address",'Raw Data'!C19),"\$([A-Z]+)\$[0-9]+"))} | D19: {=IFERROR(IF(OR('Raw Data'!D19="",LEN(TRIM('Raw Data'!D19))=0),"",IF(AND(LEN('Raw Data'!D19) <= 500,LEN('Raw Data'!D19)> 0),"",_xlfn.REGEXEXTRACT(CELL("address",'Raw Data'!D19),"\$([A-Z]+)\$[0-9]+"))),_xlfn.REGEXEXTRACT(CELL("address",'Raw Data'!D19),"\$([A-Z]+)\$[0-9]+"))} | E19: {=IFERROR(IF(OR('Raw Data'!E19="",LEN(TRIM('Raw Data'!E19))=0),"",IF(AND(LEN('Raw Data'!E19) <= 50,LEN('Raw Data'!E19)> 0),"",_xlfn.REGEXEXTRACT(CELL("address",'Raw Data'!E19),"\$([A-Z]+)\$[0-9]+"))),_xlfn.REGEXEXTRACT(CELL("address",'Raw Data'!E19),"\$([A-Z]+)\$[0-9]+"))} | F19: {=IFERROR(IF(OR('Raw Data'!F19="",LEN(TRIM('Raw Data'!F19))=0),"",IF(AND(LEN('Raw Data'!F19) <= 50,LEN('Raw Data'!F19)> 0),"",_xlfn.REGEXEXTRACT(CELL("address",'Raw Data'!F19),"\$([A-Z]+)\$[0-9]+"))),_xlfn.REGEXEXTRACT(CELL("address",'Raw Data'!F19),"\$([A-Z]+)\$[0-9]+"))} | G19: {=IFERROR(IF(OR('Raw Data'!G19="",LEN(TRIM('Raw Data'!G19))=0),"",IF(AND(LEN('Raw Data'!G19) <= 50,LEN('Raw Data'!G19)> 0),"",_xlfn.REGEXEXTRACT(CELL("address",'Raw Data'!G19),"\$([A-Z]+)\$[0-9]+"))),_xlfn.REGEXEXTRACT(CELL("address",'Raw Data'!G19),"\$([A-Z]+)\$[0-9]+"))} | H19: {=IFERROR(IF(OR('Raw Data'!H19="",LEN(TRIM('Raw Data'!H19))=0),"",IF(AND(LEN('Raw Data'!H19) <= 50,LEN('Raw Data'!H19)> 0),"",_xlfn.REGEXEXTRACT(CELL("address",'Raw Data'!H19),"\$([A-Z]+)\$[0-9]+"))),_xlfn.REGEXEXTRACT(CELL("address",'Raw Data'!H19),"\$([A-Z]+)\$[0-9]+"))} | I19: {=IFERROR(IF(OR('Raw Data'!I19="",LEN(TRIM('Raw Data'!I19))=0),"",IF(AND(LEN('Raw Data'!I19) <= 50,LEN('Raw Data'!I19)> 0),"",_xlfn.REGEXEXTRACT(CELL("address",'Raw Data'!I19),"\$([A-Z]+)\$[0-9]+"))),_xlfn.REGEXEXTRACT(CELL("address",'Raw Data'!I19),"\$([A-Z]+)\$[0-9]+"))} | J19: {=IFERROR(IF(OR('Raw Data'!J19="",LEN(TRIM('Raw Data'!J19))=0),"",IF(AND(ISNUMBER('Raw Data'!J19), IFERROR('Raw Data'!J19 = ROUND('Raw Data'!J19, 2),FALSE)),"",_xlfn.REGEXEXTRACT(CELL("address",J19), "\$([A-Z]+)\$[0-9]+"))),_xlfn.REGEXEXTRACT(CELL("address",J19), "\$([A-Z]+)\$[0-9]+"))} | K19: {=IFERROR(IF(OR('Raw Data'!K19="",LEN(TRIM('Raw Data'!K19))=0),"",IF(AND(ISNUMBER('Raw Data'!K19), IFERROR('Raw Data'!K19 = ROUND('Raw Data'!K19, 2),FALSE)),"",_xlfn.REGEXEXTRACT(CELL("address",K19), "\$([A-Z]+)\$[0-9]+"))),_xlfn.REGEXEXTRACT(CELL("address",K19), "\$([A-Z]+)\$[0-9]+"))} | L19: {=IFERROR(IF(OR('Raw Data'!L19="",LEN(TRIM('Raw Data'!L19))=0),"",IF(AND(ISNUMBER('Raw Data'!L19), IFERROR('Raw Data'!L19 = ROUND('Raw Data'!L19, 2),FALSE)),"",_xlfn.REGEXEXTRACT(CELL("address",L19), "\$([A-Z]+)\$[0-9]+"))),_xlfn.REGEXEXTRACT(CELL("address",L19), "\$([A-Z]+)\$[0-9]+"))} | M19: {=IFERROR(IF(OR('Raw Data'!M19="",LEN(TRIM('Raw Data'!M19))=0),"",IF(AND(ISNUMBER('Raw Data'!M19), IFERROR('Raw Data'!M19 = ROUND('Raw Data'!M19, 2),FALSE)),"",_xlfn.REGEXEXTRACT(CELL("address",M19), "\$([A-Z]+)\$[0-9]+"))),_xlfn.REGEXEXTRACT(CELL("address",M19), "\$([A-Z]+)\$[0-9]+"))} | N19: {=IFERROR(IF(OR('Raw Data'!N19="",LEN(TRIM('Raw Data'!N19))=0),"",IF(AND(ISNUMBER('Raw Data'!N19), IFERROR('Raw Data'!N19 = ROUND('Raw Data'!N19, 2),FALSE)),"",_xlfn.REGEXEXTRACT(CELL("address",N19), "\$([A-Z]+)\$[0-9]+"))),_xlfn.REGEXEXTRACT(CELL("address",N19), "\$([A-Z]+)\$[0-9]+"))} | O19: {=IFERROR(IF(OR('Raw Data'!O19="",LEN(TRIM('Raw Data'!O19))=0),"",IF(AND(ISNUMBER('Raw Data'!O19),'Raw Data'!O19>=Configuration!$D$2),"",_xlfn.REGEXEXTRACT(CELL("address",'Raw Data'!O19),"\$([A-Z]+)\$[0-9]+"))),_xlfn.REGEXEXTRACT(CELL("address",O19), "\$([A-Z]+)\$[0-9]+"))} | P19: {=IFERROR(IF(OR('Raw Data'!P19="",LEN(TRIM('Raw Data'!P19))=0),"",IF(AND(ISNUMBER('Raw Data'!P19), IFERROR('Raw Data'!P19 = ROUND('Raw Data'!P19, 2),FALSE)),"",_xlfn.REGEXEXTRACT(CELL("address",P19), "\$([A-Z]+)\$[0-9]+"))),_xlfn.REGEXEXTRACT(CELL("address",P19), "\$([A-Z]+)\$[0-9]+"))} | Q19: {=IFERROR(IF(OR('Raw Data'!Q19="",LEN(TRIM('Raw Data'!Q19))=0),"",IF(AND(ISNUMBER('Raw Data'!Q19), IFERROR('Raw Data'!Q19 = ROUND('Raw Data'!Q19, 2),FALSE)),"",_xlfn.REGEXEXTRACT(CELL("address",Q19), "\$([A-Z]+)\$[0-9]+"))),_xlfn.REGEXEXTRACT(CELL("address",Q19), "\$([A-Z]+)\$[0-9]+"))} | R19: {=IFERROR(IF(OR('Raw Data'!R19="",LEN(TRIM('Raw Data'!R19))=0),"",IF(AND(LEN('Raw Data'!R19) <= 50,LEN('Raw Data'!R19)> 0),"",_xlfn.REGEXEXTRACT(CELL("address",'Raw Data'!R19),"\$([A-Z]+)\$[0-9]+"))),_xlfn.REGEXEXTRACT(CELL("address",'Raw Data'!R19),"\$([A-Z]+)\$[0-9]+"))} | S19: {=IFERROR(IF(OR('Raw Data'!S19="",LEN(TRIM('Raw Data'!S19))=0),"",IF(AND(LEN('Raw Data'!S19) <= 50,LEN('Raw Data'!S19)> 0),"",_xlfn.REGEXEXTRACT(CELL("address",'Raw Data'!S19),"\$([A-Z]+)\$[0-9]+"))),_xlfn.REGEXEXTRACT(CELL("address",'Raw Data'!S19),"\$([A-Z]+)\$[0-9]+"))} | T19: {=IFERROR(IF(OR('Raw Data'!T19="",LEN(TRIM('Raw Data'!T19))=0),"",IF(AND(ISNUMBER('Raw Data'!T19), IFERROR('Raw Data'!T19 = ROUND('Raw Data'!T19, 2),FALSE)),"",_xlfn.REGEXEXTRACT(CELL("address",T19), "\$([A-Z]+)\$[0-9]+"))),_xlfn.REGEXEXTRACT(CELL("address",T19), "\$([A-Z]+)\$[0-9]+"))} | U19: {=IFERROR(IF(OR('Raw Data'!U19="",LEN(TRIM('Raw Data'!U19))=0),"",IF(AND(ISNUMBER('Raw Data'!U19), IFERROR('Raw Data'!U19 = ROUND('Raw Data'!U19, 2),FALSE)),"",_xlfn.REGEXEXTRACT(CELL("address",U19), "\$([A-Z]+)\$[0-9]+"))),_xlfn.REGEXEXTRACT(CELL("address",U19), "\$([A-Z]+)\$[0-9]+"))} | V19: {=IFERROR(IF(OR('Raw Data'!V19="",LEN(TRIM('Raw Data'!V19))=0),"",IF(AND(ISNUMBER('Raw Data'!V19), IFERROR('Raw Data'!V19 = ROUND('Raw Data'!V19, 2),FALSE)),"",_xlfn.REGEXEXTRACT(CELL("address",V19), "\$([A-Z]+)\$[0-9]+"))),_xlfn.REGEXEXTRACT(CELL("address",V19), "\$([A-Z]+)\$[0-9]+"))} | W19: {=IFERROR(IF(OR('Raw Data'!W19="",LEN(TRIM('Raw Data'!W19))=0),"",IF(AND(ISNUMBER('Raw Data'!W19), IFERROR('Raw Data'!W19 = ROUND('Raw Data'!W19, 2),FALSE)),"",_xlfn.REGEXEXTRACT(CELL("address",W19), "\$([A-Z]+)\$[0-9]+"))),_xlfn.REGEXEXTRACT(CELL("address",W19), "\$([A-Z]+)\$[0-9]+"))} | X19: {=IFERROR(IF(OR('Raw Data'!X19="",LEN(TRIM('Raw Data'!X19))=0),"",IF(AND(ISNUMBER('Raw Data'!X19), IFERROR('Raw Data'!X19 = ROUND('Raw Data'!X19, 2),FALSE)),"",_xlfn.REGEXEXTRACT(CELL("address",X19), "\$([A-Z]+)\$[0-9]+"))),_xlfn.REGEXEXTRACT(CELL("address",X19), "\$([A-Z]+)\$[0-9]+"))} | Y19: {=IFERROR(IF(OR('Raw Data'!Y19="",LEN(TRIM('Raw Data'!Y19))=0),"",IF(AND(ISNUMBER('Raw Data'!Y19), IFERROR('Raw Data'!Y19 = ROUND('Raw Data'!Y19, 2),FALSE)),"",_xlfn.REGEXEXTRACT(CELL("address",Y19), "\$([A-Z]+)\$[0-9]+"))),_xlfn.REGEXEXTRACT(CELL("address",Y19), "\$([A-Z]+)\$[0-9]+"))} | Z19: {=IFERROR(IF(OR('Raw Data'!Z19="",LEN(TRIM('Raw Data'!Z19))=0),"",IF(AND(ISNUMBER('Raw Data'!Z19), IFERROR('Raw Data'!Z19 = ROUND('Raw Data'!Z19, 2),FALSE)),"",_xlfn.REGEXEXTRACT(CELL("address",Z19), "\$([A-Z]+)\$[0-9]+"))),_xlfn.REGEXEXTRACT(CELL("address",Z19), "\$([A-Z]+)\$[0-9]+"))} | AA19: {=IFERROR(IF(OR('Raw Data'!AA19="",LEN(TRIM('Raw Data'!AA19))=0),"",IF(AND(ISNUMBER('Raw Data'!AA19), IFERROR('Raw Data'!AA19 = ROUND('Raw Data'!AA19, 2),FALSE)),"",_xlfn.REGEXEXTRACT(CELL("address",AA19), "\$([A-Z]+)\$[0-9]+"))),_xlfn.REGEXEXTRACT(CELL("address",AA19), "\$([A-Z]+)\$[0-9]+"))} | ... AI19: {=IFERROR(IF(OR('Raw Data'!AI19="",LEN(TRIM('Raw Data'!AI19))=0),"",IF(AND(ISNUMBER('Raw Data'!AI19), IFERROR('Raw Data'!AI19 = ROUND('Raw Data'!AI19, 2),FALSE)),"",_xlfn.REGEXEXTRACT(CELL("address",AI19), "\$([A-Z]+)\$[0-9]+"))),_xlfn.REGEXEXTRACT(CELL("address",AI19), "\$([A-Z]+)\$[0-9]+"))} | AJ19: {=IFERROR(IF(OR('Raw Data'!AJ19="",LEN(TRIM('Raw Data'!AJ19))=0),"",IF(AND(ISNUMBER('Raw Data'!AJ19), IFERROR('Raw Data'!AJ19 = ROUND('Raw Data'!AJ19, 4),FALSE)),"",_xlfn.REGEXEXTRACT(CELL("address",AJ19), "\$([A-Z]+)\$[0-9]+"))),_xlfn.REGEXEXTRACT(CELL("address",AJ19), "\$([A-Z]+)\$[0-9]+"))} | AK19: {=IFERROR(IF(OR('Raw Data'!AK19="",LEN(TRIM('Raw Data'!AK19))=0),"",IF(AND(ISNUMBER('Raw Data'!AK19), IFERROR('Raw Data'!AK19 = ROUND('Raw Data'!AK19, 2),FALSE)),"",_xlfn.REGEXEXTRACT(CELL("address",AK19), "\$([A-Z]+)\$[0-9]+"))),_xlfn.REGEXEXTRACT(CELL("address",AK19), "\$([A-Z]+)\$[0-9]+"))} | AL19: {=IFERROR(IF(OR('Raw Data'!AL19="",LEN(TRIM('Raw Data'!AL19))=0),"",IF(AND(ISNUMBER('Raw Data'!AL19), IFERROR('Raw Data'!AL19 = ROUND('Raw Data'!AL19, 2),FALSE)),"",_xlfn.REGEXEXTRACT(CELL("address",AL19), "\$([A-Z]+)\$[0-9]+"))),_xlfn.REGEXEXTRACT(CELL("address",AL19), "\$([A-Z]+)\$[0-9]+"))} | AM19: {=IFERROR(IF(OR('Raw Data'!AM19="",LEN(TRIM('Raw Data'!AM19))=0),"",IF(AND(ISNUMBER('Raw Data'!AM19), IFERROR('Raw Data'!AM19 = ROUND('Raw Data'!AM19, 2),FALSE)),"",_xlfn.REGEXEXTRACT(CELL("address",AM19), "\$([A-Z]+)\$[0-9]+"))),_xlfn.REGEXEXTRACT(CELL("address",AM19), "\$([A-Z]+)\$[0-9]+"))} | AN19: {=IFERROR(IF(OR('Raw Data'!AN19="",LEN(TRIM('Raw Data'!AN19))=0),"",IF(AND(ISNUMBER('Raw Data'!AN19), IFERROR('Raw Data'!AN19 = ROUND('Raw Data'!AN19, 2),FALSE)),"",_xlfn.REGEXEXTRACT(CELL("address",AN19), "\$([A-Z]+)\$[0-9]+"))),_xlfn.REGEXEXTRACT(CELL("address",AN19), "\$([A-Z]+)\$[0-9]+"))} | AO19: {=IFERROR(IF(OR('Raw Data'!AO19="",LEN(TRIM('Raw Data'!AO19))=0),"",IF(AND(ISNUMBER('Raw Data'!AO19), IFERROR('Raw Data'!AO19 = ROUND('Raw Data'!AO19, 2),FALSE)),"",_xlfn.REGEXEXTRACT(CELL("address",AO19), "\$([A-Z]+)\$[0-9]+"))),_xlfn.REGEXEXTRACT(CELL("address",AO19), "\$([A-Z]+)\$[0-9]+"))} | AP19: {=IFERROR(IF(OR('Raw Data'!AP19="",LEN(TRIM('Raw Data'!AP19))=0),"",IF(AND(ISNUMBER('Raw Data'!AP19), IFERROR('Raw Data'!AP19 = ROUND('Raw Data'!AP19, 2),FALSE)),"",_xlfn.REGEXEXTRACT(CELL("address",AP19), "\$([A-Z]+)\$[0-9]+"))),_xlfn.REGEXEXTRACT(CELL("address",AP19), "\$([A-Z]+)\$[0-9]+"))}
B20: {=IFERROR(IF(OR('Raw Data'!B20="",LEN(TRIM('Raw Data'!B20))=0),"",IF(AND(LEN('Raw Data'!B20) <= 255,LEN('Raw Data'!B20)> 0),"",_xlfn.REGEXEXTRACT(CELL("address",'Raw Data'!B20),"\$([A-Z]+)\$[0-9]+"))),_xlfn.REGEXEXTRACT(CELL("address",'Raw Data'!B20),"\$([A-Z]+)\$[0-9]+"))} | C20: {=IFERROR(IF(OR('Raw Data'!C20="",LEN(TRIM('Raw Data'!C20))=0),"",IF(AND(LEN('Raw Data'!C20) <= 50,LEN('Raw Data'!C20)> 0),"",_xlfn.REGEXEXTRACT(CELL("address",'Raw Data'!C20),"\$([A-Z]+)\$[0-9]+"))),_xlfn.REGEXEXTRACT(CELL("address",'Raw Data'!C20),"\$([A-Z]+)\$[0-9]+"))} | D20: {=IFERROR(IF(OR('Raw Data'!D20="",LEN(TRIM('Raw Data'!D20))=0),"",IF(AND(LEN('Raw Data'!D20) <= 500,LEN('Raw Data'!D20)> 0),"",_xlfn.REGEXEXTRACT(CELL("address",'Raw Data'!D20),"\$([A-Z]+)\$[0-9]+"))),_xlfn.REGEXEXTRACT(CELL("address",'Raw Data'!D20),"\$([A-Z]+)\$[0-9]+"))} | E20: {=IFERROR(IF(OR('Raw Data'!E20="",LEN(TRIM('Raw Data'!E20))=0),"",IF(AND(LEN('Raw Data'!E20) <= 50,LEN('Raw Data'!E20)> 0),"",_xlfn.REGEXEXTRACT(CELL("address",'Raw Data'!E20),"\$([A-Z]+)\$[0-9]+"))),_xlfn.REGEXEXTRACT(CELL("address",'Raw Data'!E20),"\$([A-Z]+)\$[0-9]+"))} | F20: {=IFERROR(IF(OR('Raw Data'!F20="",LEN(TRIM('Raw Data'!F20))=0),"",IF(AND(LEN('Raw Data'!F20) <= 50,LEN('Raw Data'!F20)> 0),"",_xlfn.REGEXEXTRACT(CELL("address",'Raw Data'!F20),"\$([A-Z]+)\$[0-9]+"))),_xlfn.REGEXEXTRACT(CELL("address",'Raw Data'!F20),"\$([A-Z]+)\$[0-9]+"))} | G20: {=IFERROR(IF(OR('Raw Data'!G20="",LEN(TRIM('Raw Data'!G20))=0),"",IF(AND(LEN('Raw Data'!G20) <= 50,LEN('Raw Data'!G20)> 0),"",_xlfn.REGEXEXTRACT(CELL("address",'Raw Data'!G20),"\$([A-Z]+)\$[0-9]+"))),_xlfn.REGEXEXTRACT(CELL("address",'Raw Data'!G20),"\$([A-Z]+)\$[0-9]+"))} | H20: {=IFERROR(IF(OR('Raw Data'!H20="",LEN(TRIM('Raw Data'!H20))=0),"",IF(AND(LEN('Raw Data'!H20) <= 50,LEN('Raw Data'!H20)> 0),"",_xlfn.REGEXEXTRACT(CELL("address",'Raw Data'!H20),"\$([A-Z]+)\$[0-9]+"))),_xlfn.REGEXEXTRACT(CELL("address",'Raw Data'!H20),"\$([A-Z]+)\$[0-9]+"))} | I20: {=IFERROR(IF(OR('Raw Data'!I20="",LEN(TRIM('Raw Data'!I20))=0),"",IF(AND(LEN('Raw Data'!I20) <= 50,LEN('Raw Data'!I20)> 0),"",_xlfn.REGEXEXTRACT(CELL("address",'Raw Data'!I20),"\$([A-Z]+)\$[0-9]+"))),_xlfn.REGEXEXTRACT(CELL("address",'Raw Data'!I20),"\$([A-Z]+)\$[0-9]+"))} | J20: {=IFERROR(IF(OR('Raw Data'!J20="",LEN(TRIM('Raw Data'!J20))=0),"",IF(AND(ISNUMBER('Raw Data'!J20), IFERROR('Raw Data'!J20 = ROUND('Raw Data'!J20, 2),FALSE)),"",_xlfn.REGEXEXTRACT(CELL("address",J20), "\$([A-Z]+)\$[0-9]+"))),_xlfn.REGEXEXTRACT(CELL("address",J20), "\$([A-Z]+)\$[0-9]+"))} | K20: {=IFERROR(IF(OR('Raw Data'!K20="",LEN(TRIM('Raw Data'!K20))=0),"",IF(AND(ISNUMBER('Raw Data'!K20), IFERROR('Raw Data'!K20 = ROUND('Raw Data'!K20, 2),FALSE)),"",_xlfn.REGEXEXTRACT(CELL("address",K20), "\$([A-Z]+)\$[0-9]+"))),_xlfn.REGEXEXTRACT(CELL("address",K20), "\$([A-Z]+)\$[0-9]+"))} | L20: {=IFERROR(IF(OR('Raw Data'!L20="",LEN(TRIM('Raw Data'!L20))=0),"",IF(AND(ISNUMBER('Raw Data'!L20), IFERROR('Raw Data'!L20 = ROUND('Raw Data'!L20, 2),FALSE)),"",_xlfn.REGEXEXTRACT(CELL("address",L20), "\$([A-Z]+)\$[0-9]+"))),_xlfn.REGEXEXTRACT(CELL("address",L20), "\$([A-Z]+)\$[0-9]+"))} | M20: {=IFERROR(IF(OR('Raw Data'!M20="",LEN(TRIM('Raw Data'!M20))=0),"",IF(AND(ISNUMBER('Raw Data'!M20), IFERROR('Raw Data'!M20 = ROUND('Raw Data'!M20, 2),FALSE)),"",_xlfn.REGEXEXTRACT(CELL("address",M20), "\$([A-Z]+)\$[0-9]+"))),_xlfn.REGEXEXTRACT(CELL("address",M20), "\$([A-Z]+)\$[0-9]+"))} | N20: {=IFERROR(IF(OR('Raw Data'!N20="",LEN(TRIM('Raw Data'!N20))=0),"",IF(AND(ISNUMBER('Raw Data'!N20), IFERROR('Raw Data'!N20 = ROUND('Raw Data'!N20, 2),FALSE)),"",_xlfn.REGEXEXTRACT(CELL("address",N20), "\$([A-Z]+)\$[0-9]+"))),_xlfn.REGEXEXTRACT(CELL("address",N20), "\$([A-Z]+)\$[0-9]+"))} | O20: {=IFERROR(IF(OR('Raw Data'!O20="",LEN(TRIM('Raw Data'!O20))=0),"",IF(AND(ISNUMBER('Raw Data'!O20),'Raw Data'!O20>=Configuration!$D$2),"",_xlfn.REGEXEXTRACT(CELL("address",'Raw Data'!O20),"\$([A-Z]+)\$[0-9]+"))),_xlfn.REGEXEXTRACT(CELL("address",O20), "\$([A-Z]+)\$[0-9]+"))} | P20: {=IFERROR(IF(OR('Raw Data'!P20="",LEN(TRIM('Raw Data'!P20))=0),"",IF(AND(ISNUMBER('Raw Data'!P20), IFERROR('Raw Data'!P20 = ROUND('Raw Data'!P20, 2),FALSE)),"",_xlfn.REGEXEXTRACT(CELL("address",P20), "\$([A-Z]+)\$[0-9]+"))),_xlfn.REGEXEXTRACT(CELL("address",P20), "\$([A-Z]+)\$[0-9]+"))} | Q20: {=IFERROR(IF(OR('Raw Data'!Q20="",LEN(TRIM('Raw Data'!Q20))=0),"",IF(AND(ISNUMBER('Raw Data'!Q20), IFERROR('Raw Data'!Q20 = ROUND('Raw Data'!Q20, 2),FALSE)),"",_xlfn.REGEXEXTRACT(CELL("address",Q20), "\$([A-Z]+)\$[0-9]+"))),_xlfn.REGEXEXTRACT(CELL("address",Q20), "\$([A-Z]+)\$[0-9]+"))} | R20: {=IFERROR(IF(OR('Raw Data'!R20="",LEN(TRIM('Raw Data'!R20))=0),"",IF(AND(LEN('Raw Data'!R20) <= 50,LEN('Raw Data'!R20)> 0),"",_xlfn.REGEXEXTRACT(CELL("address",'Raw Data'!R20),"\$([A-Z]+)\$[0-9]+"))),_xlfn.REGEXEXTRACT(CELL("address",'Raw Data'!R20),"\$([A-Z]+)\$[0-9]+"))} | S20: {=IFERROR(IF(OR('Raw Data'!S20="",LEN(TRIM('Raw Data'!S20))=0),"",IF(AND(LEN('Raw Data'!S20) <= 50,LEN('Raw Data'!S20)> 0),"",_xlfn.REGEXEXTRACT(CELL("address",'Raw Data'!S20),"\$([A-Z]+)\$[0-9]+"))),_xlfn.REGEXEXTRACT(CELL("address",'Raw Data'!S20),"\$([A-Z]+)\$[0-9]+"))} | T20: {=IFERROR(IF(OR('Raw Data'!T20="",LEN(TRIM('Raw Data'!T20))=0),"",IF(AND(ISNUMBER('Raw Data'!T20), IFERROR('Raw Data'!T20 = ROUND('Raw Data'!T20, 2),FALSE)),"",_xlfn.REGEXEXTRACT(CELL("address",T20), "\$([A-Z]+)\$[0-9]+"))),_xlfn.REGEXEXTRACT(CELL("address",T20), "\$([A-Z]+)\$[0-9]+"))} | U20: {=IFERROR(IF(OR('Raw Data'!U20="",LEN(TRIM('Raw Data'!U20))=0),"",IF(AND(ISNUMBER('Raw Data'!U20), IFERROR('Raw Data'!U20 = ROUND('Raw Data'!U20, 2),FALSE)),"",_xlfn.REGEXEXTRACT(CELL("address",U20), "\$([A-Z]+)\$[0-9]+"))),_xlfn.REGEXEXTRACT(CELL("address",U20), "\$([A-Z]+)\$[0-9]+"))} | V20: {=IFERROR(IF(OR('Raw Data'!V20="",LEN(TRIM('Raw Data'!V20))=0),"",IF(AND(ISNUMBER('Raw Data'!V20), IFERROR('Raw Data'!V20 = ROUND('Raw Data'!V20, 2),FALSE)),"",_xlfn.REGEXEXTRACT(CELL("address",V20), "\$([A-Z]+)\$[0-9]+"))),_xlfn.REGEXEXTRACT(CELL("address",V20), "\$([A-Z]+)\$[0-9]+"))} | W20: {=IFERROR(IF(OR('Raw Data'!W20="",LEN(TRIM('Raw Data'!W20))=0),"",IF(AND(ISNUMBER('Raw Data'!W20), IFERROR('Raw Data'!W20 = ROUND('Raw Data'!W20, 2),FALSE)),"",_xlfn.REGEXEXTRACT(CELL("address",W20), "\$([A-Z]+)\$[0-9]+"))),_xlfn.REGEXEXTRACT(CELL("address",W20), "\$([A-Z]+)\$[0-9]+"))} | X20: {=IFERROR(IF(OR('Raw Data'!X20="",LEN(TRIM('Raw Data'!X20))=0),"",IF(AND(ISNUMBER('Raw Data'!X20), IFERROR('Raw Data'!X20 = ROUND('Raw Data'!X20, 2),FALSE)),"",_xlfn.REGEXEXTRACT(CELL("address",X20), "\$([A-Z]+)\$[0-9]+"))),_xlfn.REGEXEXTRACT(CELL("address",X20), "\$([A-Z]+)\$[0-9]+"))} | Y20: {=IFERROR(IF(OR('Raw Data'!Y20="",LEN(TRIM('Raw Data'!Y20))=0),"",IF(AND(ISNUMBER('Raw Data'!Y20), IFERROR('Raw Data'!Y20 = ROUND('Raw Data'!Y20, 2),FALSE)),"",_xlfn.REGEXEXTRACT(CELL("address",Y20), "\$([A-Z]+)\$[0-9]+"))),_xlfn.REGEXEXTRACT(CELL("address",Y20), "\$([A-Z]+)\$[0-9]+"))} | Z20: {=IFERROR(IF(OR('Raw Data'!Z20="",LEN(TRIM('Raw Data'!Z20))=0),"",IF(AND(ISNUMBER('Raw Data'!Z20), IFERROR('Raw Data'!Z20 = ROUND('Raw Data'!Z20, 2),FALSE)),"",_xlfn.REGEXEXTRACT(CELL("address",Z20), "\$([A-Z]+)\$[0-9]+"))),_xlfn.REGEXEXTRACT(CELL("address",Z20), "\$([A-Z]+)\$[0-9]+"))} | AA20: {=IFERROR(IF(OR('Raw Data'!AA20="",LEN(TRIM('Raw Data'!AA20))=0),"",IF(AND(ISNUMBER('Raw Data'!AA20), IFERROR('Raw Data'!AA20 = ROUND('Raw Data'!AA20, 2),FALSE)),"",_xlfn.REGEXEXTRACT(CELL("address",AA20), "\$([A-Z]+)\$[0-9]+"))),_xlfn.REGEXEXTRACT(CELL("address",AA20), "\$([A-Z]+)\$[0-9]+"))} | ... AI20: {=IFERROR(IF(OR('Raw Data'!AI20="",LEN(TRIM('Raw Data'!AI20))=0),"",IF(AND(ISNUMBER('Raw Data'!AI20), IFERROR('Raw Data'!AI20 = ROUND('Raw Data'!AI20, 2),FALSE)),"",_xlfn.REGEXEXTRACT(CELL("address",AI20), "\$([A-Z]+)\$[0-9]+"))),_xlfn.REGEXEXTRACT(CELL("address",AI20), "\$([A-Z]+)\$[0-9]+"))} | AJ20: {=IFERROR(IF(OR('Raw Data'!AJ20="",LEN(TRIM('Raw Data'!AJ20))=0),"",IF(AND(ISNUMBER('Raw Data'!AJ20), IFERROR('Raw Data'!AJ20 = ROUND('Raw Data'!AJ20, 4),FALSE)),"",_xlfn.REGEXEXTRACT(CELL("address",AJ20), "\$([A-Z]+)\$[0-9]+"))),_xlfn.REGEXEXTRACT(CELL("address",AJ20), "\$([A-Z]+)\$[0-9]+"))} | AK20: {=IFERROR(IF(OR('Raw Data'!AK20="",LEN(TRIM('Raw Data'!AK20))=0),"",IF(AND(ISNUMBER('Raw Data'!AK20), IFERROR('Raw Data'!AK20 = ROUND('Raw Data'!AK20, 2),FALSE)),"",_xlfn.REGEXEXTRACT(CELL("address",AK20), "\$([A-Z]+)\$[0-9]+"))),_xlfn.REGEXEXTRACT(CELL("address",AK20), "\$([A-Z]+)\$[0-9]+"))} | AL20: {=IFERROR(IF(OR('Raw Data'!AL20="",LEN(TRIM('Raw Data'!AL20))=0),"",IF(AND(ISNUMBER('Raw Data'!AL20), IFERROR('Raw Data'!AL20 = ROUND('Raw Data'!AL20, 2),FALSE)),"",_xlfn.REGEXEXTRACT(CELL("address",AL20), "\$([A-Z]+)\$[0-9]+"))),_xlfn.REGEXEXTRACT(CELL("address",AL20), "\$([A-Z]+)\$[0-9]+"))} | AM20: {=IFERROR(IF(OR('Raw Data'!AM20="",LEN(TRIM('Raw Data'!AM20))=0),"",IF(AND(ISNUMBER('Raw Data'!AM20), IFERROR('Raw Data'!AM20 = ROUND('Raw Data'!AM20, 2),FALSE)),"",_xlfn.REGEXEXTRACT(CELL("address",AM20), "\$([A-Z]+)\$[0-9]+"))),_xlfn.REGEXEXTRACT(CELL("address",AM20), "\$([A-Z]+)\$[0-9]+"))} | AN20: {=IFERROR(IF(OR('Raw Data'!AN20="",LEN(TRIM('Raw Data'!AN20))=0),"",IF(AND(ISNUMBER('Raw Data'!AN20), IFERROR('Raw Data'!AN20 = ROUND('Raw Data'!AN20, 2),FALSE)),"",_xlfn.REGEXEXTRACT(CELL("address",AN20), "\$([A-Z]+)\$[0-9]+"))),_xlfn.REGEXEXTRACT(CELL("address",AN20), "\$([A-Z]+)\$[0-9]+"))} | AO20: {=IFERROR(IF(OR('Raw Data'!AO20="",LEN(TRIM('Raw Data'!AO20))=0),"",IF(AND(ISNUMBER('Raw Data'!AO20), IFERROR('Raw Data'!AO20 = ROUND('Raw Data'!AO20, 2),FALSE)),"",_xlfn.REGEXEXTRACT(CELL("address",AO20), "\$([A-Z]+)\$[0-9]+"))),_xlfn.REGEXEXTRACT(CELL("address",AO20), "\$([A-Z]+)\$[0-9]+"))} | AP20: {=IFERROR(IF(OR('Raw Data'!AP20="",LEN(TRIM('Raw Data'!AP20))=0),"",IF(AND(ISNUMBER('Raw Data'!AP20), IFERROR('Raw Data'!AP20 = ROUND('Raw Data'!AP20, 2),FALSE)),"",_xlfn.REGEXEXTRACT(CELL("address",AP20), "\$([A-Z]+)\$[0-9]+"))),_xlfn.REGEXEXTRACT(CELL("address",AP20), "\$([A-Z]+)\$[0-9]+"))}
B21: {=IFERROR(IF(OR('Raw Data'!B21="",LEN(TRIM('Raw Data'!B21))=0),"",IF(AND(LEN('Raw Data'!B21) <= 255,LEN('Raw Data'!B21)> 0),"",_xlfn.REGEXEXTRACT(CELL("address",'Raw Data'!B21),"\$([A-Z]+)\$[0-9]+"))),_xlfn.REGEXEXTRACT(CELL("address",'Raw Data'!B21),"\$([A-Z]+)\$[0-9]+"))} | C21: {=IFERROR(IF(OR('Raw Data'!C21="",LEN(TRIM('Raw Data'!C21))=0),"",IF(AND(LEN('Raw Data'!C21) <= 50,LEN('Raw Data'!C21)> 0),"",_xlfn.REGEXEXTRACT(CELL("address",'Raw Data'!C21),"\$([A-Z]+)\$[0-9]+"))),_xlfn.REGEXEXTRACT(CELL("address",'Raw Data'!C21),"\$([A-Z]+)\$[0-9]+"))} | D21: {=IFERROR(IF(OR('Raw Data'!D21="",LEN(TRIM('Raw Data'!D21))=0),"",IF(AND(LEN('Raw Data'!D21) <= 500,LEN('Raw Data'!D21)> 0),"",_xlfn.REGEXEXTRACT(CELL("address",'Raw Data'!D21),"\$([A-Z]+)\$[0-9]+"))),_xlfn.REGEXEXTRACT(CELL("address",'Raw Data'!D21),"\$([A-Z]+)\$[0-9]+"))} | E21: {=IFERROR(IF(OR('Raw Data'!E21="",LEN(TRIM('Raw Data'!E21))=0),"",IF(AND(LEN('Raw Data'!E21) <= 50,LEN('Raw Data'!E21)> 0),"",_xlfn.REGEXEXTRACT(CELL("address",'Raw Data'!E21),"\$([A-Z]+)\$[0-9]+"))),_xlfn.REGEXEXTRACT(CELL("address",'Raw Data'!E21),"\$([A-Z]+)\$[0-9]+"))} | F21: {=IFERROR(IF(OR('Raw Data'!F21="",LEN(TRIM('Raw Data'!F21))=0),"",IF(AND(LEN('Raw Data'!F21) <= 50,LEN('Raw Data'!F21)> 0),"",_xlfn.REGEXEXTRACT(CELL("address",'Raw Data'!F21),"\$([A-Z]+)\$[0-9]+"))),_xlfn.REGEXEXTRACT(CELL("address",'Raw Data'!F21),"\$([A-Z]+)\$[0-9]+"))} | G21: {=IFERROR(IF(OR('Raw Data'!G21="",LEN(TRIM('Raw Data'!G21))=0),"",IF(AND(LEN('Raw Data'!G21) <= 50,LEN('Raw Data'!G21)> 0),"",_xlfn.REGEXEXTRACT(CELL("address",'Raw Data'!G21),"\$([A-Z]+)\$[0-9]+"))),_xlfn.REGEXEXTRACT(CELL("address",'Raw Data'!G21),"\$([A-Z]+)\$[0-9]+"))} | H21: {=IFERROR(IF(OR('Raw Data'!H21="",LEN(TRIM('Raw Data'!H21))=0),"",IF(AND(LEN('Raw Data'!H21) <= 50,LEN('Raw Data'!H21)> 0),"",_xlfn.REGEXEXTRACT(CELL("address",'Raw Data'!H21),"\$([A-Z]+)\$[0-9]+"))),_xlfn.REGEXEXTRACT(CELL("address",'Raw Data'!H21),"\$([A-Z]+)\$[0-9]+"))} | I21: {=IFERROR(IF(OR('Raw Data'!I21="",LEN(TRIM('Raw Data'!I21))=0),"",IF(AND(LEN('Raw Data'!I21) <= 50,LEN('Raw Data'!I21)> 0),"",_xlfn.REGEXEXTRACT(CELL("address",'Raw Data'!I21),"\$([A-Z]+)\$[0-9]+"))),_xlfn.REGEXEXTRACT(CELL("address",'Raw Data'!I21),"\$([A-Z]+)\$[0-9]+"))} | J21: {=IFERROR(IF(OR('Raw Data'!J21="",LEN(TRIM('Raw Data'!J21))=0),"",IF(AND(ISNUMBER('Raw Data'!J21), IFERROR('Raw Data'!J21 = ROUND('Raw Data'!J21, 2),FALSE)),"",_xlfn.REGEXEXTRACT(CELL("address",J21), "\$([A-Z]+)\$[0-9]+"))),_xlfn.REGEXEXTRACT(CELL("address",J21), "\$([A-Z]+)\$[0-9]+"))} | K21: {=IFERROR(IF(OR('Raw Data'!K21="",LEN(TRIM('Raw Data'!K21))=0),"",IF(AND(ISNUMBER('Raw Data'!K21), IFERROR('Raw Data'!K21 = ROUND('Raw Data'!K21, 2),FALSE)),"",_xlfn.REGEXEXTRACT(CELL("address",K21), "\$([A-Z]+)\$[0-9]+"))),_xlfn.REGEXEXTRACT(CELL("address",K21), "\$([A-Z]+)\$[0-9]+"))} | L21: {=IFERROR(IF(OR('Raw Data'!L21="",LEN(TRIM('Raw Data'!L21))=0),"",IF(AND(ISNUMBER('Raw Data'!L21), IFERROR('Raw Data'!L21 = ROUND('Raw Data'!L21, 2),FALSE)),"",_xlfn.REGEXEXTRACT(CELL("address",L21), "\$([A-Z]+)\$[0-9]+"))),_xlfn.REGEXEXTRACT(CELL("address",L21), "\$([A-Z]+)\$[0-9]+"))} | M21: {=IFERROR(IF(OR('Raw Data'!M21="",LEN(TRIM('Raw Data'!M21))=0),"",IF(AND(ISNUMBER('Raw Data'!M21), IFERROR('Raw Data'!M21 = ROUND('Raw Data'!M21, 2),FALSE)),"",_xlfn.REGEXEXTRACT(CELL("address",M21), "\$([A-Z]+)\$[0-9]+"))),_xlfn.REGEXEXTRACT(CELL("address",M21), "\$([A-Z]+)\$[0-9]+"))} | N21: {=IFERROR(IF(OR('Raw Data'!N21="",LEN(TRIM('Raw Data'!N21))=0),"",IF(AND(ISNUMBER('Raw Data'!N21), IFERROR('Raw Data'!N21 = ROUND('Raw Data'!N21, 2),FALSE)),"",_xlfn.REGEXEXTRACT(CELL("address",N21), "\$([A-Z]+)\$[0-9]+"))),_xlfn.REGEXEXTRACT(CELL("address",N21), "\$([A-Z]+)\$[0-9]+"))} | O21: {=IFERROR(IF(OR('Raw Data'!O21="",LEN(TRIM('Raw Data'!O21))=0),"",IF(AND(ISNUMBER('Raw Data'!O21),'Raw Data'!O21>=Configuration!$D$2),"",_xlfn.REGEXEXTRACT(CELL("address",'Raw Data'!O21),"\$([A-Z]+)\$[0-9]+"))),_xlfn.REGEXEXTRACT(CELL("address",O21), "\$([A-Z]+)\$[0-9]+"))} | P21: {=IFERROR(IF(OR('Raw Data'!P21="",LEN(TRIM('Raw Data'!P21))=0),"",IF(AND(ISNUMBER('Raw Data'!P21), IFERROR('Raw Data'!P21 = ROUND('Raw Data'!P21, 2),FALSE)),"",_xlfn.REGEXEXTRACT(CELL("address",P21), "\$([A-Z]+)\$[0-9]+"))),_xlfn.REGEXEXTRACT(CELL("address",P21), "\$([A-Z]+)\$[0-9]+"))} | Q21: {=IFERROR(IF(OR('Raw Data'!Q21="",LEN(TRIM('Raw Data'!Q21))=0),"",IF(AND(ISNUMBER('Raw Data'!Q21), IFERROR('Raw Data'!Q21 = ROUND('Raw Data'!Q21, 2),FALSE)),"",_xlfn.REGEXEXTRACT(CELL("address",Q21), "\$([A-Z]+)\$[0-9]+"))),_xlfn.REGEXEXTRACT(CELL("address",Q21), "\$([A-Z]+)\$[0-9]+"))} | R21: {=IFERROR(IF(OR('Raw Data'!R21="",LEN(TRIM('Raw Data'!R21))=0),"",IF(AND(LEN('Raw Data'!R21) <= 50,LEN('Raw Data'!R21)> 0),"",_xlfn.REGEXEXTRACT(CELL("address",'Raw Data'!R21),"\$([A-Z]+)\$[0-9]+"))),_xlfn.REGEXEXTRACT(CELL("address",'Raw Data'!R21),"\$([A-Z]+)\$[0-9]+"))} | S21: {=IFERROR(IF(OR('Raw Data'!S21="",LEN(TRIM('Raw Data'!S21))=0),"",IF(AND(LEN('Raw Data'!S21) <= 50,LEN('Raw Data'!S21)> 0),"",_xlfn.REGEXEXTRACT(CELL("address",'Raw Data'!S21),"\$([A-Z]+)\$[0-9]+"))),_xlfn.REGEXEXTRACT(CELL("address",'Raw Data'!S21),"\$([A-Z]+)\$[0-9]+"))} | T21: {=IFERROR(IF(OR('Raw Data'!T21="",LEN(TRIM('Raw Data'!T21))=0),"",IF(AND(ISNUMBER('Raw Data'!T21), IFERROR('Raw Data'!T21 = ROUND('Raw Data'!T21, 2),FALSE)),"",_xlfn.REGEXEXTRACT(CELL("address",T21), "\$([A-Z]+)\$[0-9]+"))),_xlfn.REGEXEXTRACT(CELL("address",T21), "\$([A-Z]+)\$[0-9]+"))} | U21: {=IFERROR(IF(OR('Raw Data'!U21="",LEN(TRIM('Raw Data'!U21))=0),"",IF(AND(ISNUMBER('Raw Data'!U21), IFERROR('Raw Data'!U21 = ROUND('Raw Data'!U21, 2),FALSE)),"",_xlfn.REGEXEXTRACT(CELL("address",U21), "\$([A-Z]+)\$[0-9]+"))),_xlfn.REGEXEXTRACT(CELL("address",U21), "\$([A-Z]+)\$[0-9]+"))} | V21: {=IFERROR(IF(OR('Raw Data'!V21="",LEN(TRIM('Raw Data'!V21))=0),"",IF(AND(ISNUMBER('Raw Data'!V21), IFERROR('Raw Data'!V21 = ROUND('Raw Data'!V21, 2),FALSE)),"",_xlfn.REGEXEXTRACT(CELL("address",V21), "\$([A-Z]+)\$[0-9]+"))),_xlfn.REGEXEXTRACT(CELL("address",V21), "\$([A-Z]+)\$[0-9]+"))} | W21: {=IFERROR(IF(OR('Raw Data'!W21="",LEN(TRIM('Raw Data'!W21))=0),"",IF(AND(ISNUMBER('Raw Data'!W21), IFERROR('Raw Data'!W21 = ROUND('Raw Data'!W21, 2),FALSE)),"",_xlfn.REGEXEXTRACT(CELL("address",W21), "\$([A-Z]+)\$[0-9]+"))),_xlfn.REGEXEXTRACT(CELL("address",W21), "\$([A-Z]+)\$[0-9]+"))} | X21: {=IFERROR(IF(OR('Raw Data'!X21="",LEN(TRIM('Raw Data'!X21))=0),"",IF(AND(ISNUMBER('Raw Data'!X21), IFERROR('Raw Data'!X21 = ROUND('Raw Data'!X21, 2),FALSE)),"",_xlfn.REGEXEXTRACT(CELL("address",X21), "\$([A-Z]+)\$[0-9]+"))),_xlfn.REGEXEXTRACT(CELL("address",X21), "\$([A-Z]+)\$[0-9]+"))} | Y21: {=IFERROR(IF(OR('Raw Data'!Y21="",LEN(TRIM('Raw Data'!Y21))=0),"",IF(AND(ISNUMBER('Raw Data'!Y21), IFERROR('Raw Data'!Y21 = ROUND('Raw Data'!Y21, 2),FALSE)),"",_xlfn.REGEXEXTRACT(CELL("address",Y21), "\$([A-Z]+)\$[0-9]+"))),_xlfn.REGEXEXTRACT(CELL("address",Y21), "\$([A-Z]+)\$[0-9]+"))} | Z21: {=IFERROR(IF(OR('Raw Data'!Z21="",LEN(TRIM('Raw Data'!Z21))=0),"",IF(AND(ISNUMBER('Raw Data'!Z21), IFERROR('Raw Data'!Z21 = ROUND('Raw Data'!Z21, 2),FALSE)),"",_xlfn.REGEXEXTRACT(CELL("address",Z21), "\$([A-Z]+)\$[0-9]+"))),_xlfn.REGEXEXTRACT(CELL("address",Z21), "\$([A-Z]+)\$[0-9]+"))} | AA21: {=IFERROR(IF(OR('Raw Data'!AA21="",LEN(TRIM('Raw Data'!AA21))=0),"",IF(AND(ISNUMBER('Raw Data'!AA21), IFERROR('Raw Data'!AA21 = ROUND('Raw Data'!AA21, 2),FALSE)),"",_xlfn.REGEXEXTRACT(CELL("address",AA21), "\$([A-Z]+)\$[0-9]+"))),_xlfn.REGEXEXTRACT(CELL("address",AA21), "\$([A-Z]+)\$[0-9]+"))} | ... AI21: {=IFERROR(IF(OR('Raw Data'!AI21="",LEN(TRIM('Raw Data'!AI21))=0),"",IF(AND(ISNUMBER('Raw Data'!AI21), IFERROR('Raw Data'!AI21 = ROUND('Raw Data'!AI21, 2),FALSE)),"",_xlfn.REGEXEXTRACT(CELL("address",AI21), "\$([A-Z]+)\$[0-9]+"))),_xlfn.REGEXEXTRACT(CELL("address",AI21), "\$([A-Z]+)\$[0-9]+"))} | AJ21: {=IFERROR(IF(OR('Raw Data'!AJ21="",LEN(TRIM('Raw Data'!AJ21))=0),"",IF(AND(ISNUMBER('Raw Data'!AJ21), IFERROR('Raw Data'!AJ21 = ROUND('Raw Data'!AJ21, 4),FALSE)),"",_xlfn.REGEXEXTRACT(CELL("address",AJ21), "\$([A-Z]+)\$[0-9]+"))),_xlfn.REGEXEXTRACT(CELL("address",AJ21), "\$([A-Z]+)\$[0-9]+"))} | AK21: {=IFERROR(IF(OR('Raw Data'!AK21="",LEN(TRIM('Raw Data'!AK21))=0),"",IF(AND(ISNUMBER('Raw Data'!AK21), IFERROR('Raw Data'!AK21 = ROUND('Raw Data'!AK21, 2),FALSE)),"",_xlfn.REGEXEXTRACT(CELL("address",AK21), "\$([A-Z]+)\$[0-9]+"))),_xlfn.REGEXEXTRACT(CELL("address",AK21), "\$([A-Z]+)\$[0-9]+"))} | AL21: {=IFERROR(IF(OR('Raw Data'!AL21="",LEN(TRIM('Raw Data'!AL21))=0),"",IF(AND(ISNUMBER('Raw Data'!AL21), IFERROR('Raw Data'!AL21 = ROUND('Raw Data'!AL21, 2),FALSE)),"",_xlfn.REGEXEXTRACT(CELL("address",AL21), "\$([A-Z]+)\$[0-9]+"))),_xlfn.REGEXEXTRACT(CELL("address",AL21), "\$([A-Z]+)\$[0-9]+"))} | AM21: {=IFERROR(IF(OR('Raw Data'!AM21="",LEN(TRIM('Raw Data'!AM21))=0),"",IF(AND(ISNUMBER('Raw Data'!AM21), IFERROR('Raw Data'!AM21 = ROUND('Raw Data'!AM21, 2),FALSE)),"",_xlfn.REGEXEXTRACT(CELL("address",AM21), "\$([A-Z]+)\$[0-9]+"))),_xlfn.REGEXEXTRACT(CELL("address",AM21), "\$([A-Z]+)\$[0-9]+"))} | AN21: {=IFERROR(IF(OR('Raw Data'!AN21="",LEN(TRIM('Raw Data'!AN21))=0),"",IF(AND(ISNUMBER('Raw Data'!AN21), IFERROR('Raw Data'!AN21 = ROUND('Raw Data'!AN21, 2),FALSE)),"",_xlfn.REGEXEXTRACT(CELL("address",AN21), "\$([A-Z]+)\$[0-9]+"))),_xlfn.REGEXEXTRACT(CELL("address",AN21), "\$([A-Z]+)\$[0-9]+"))} | AO21: {=IFERROR(IF(OR('Raw Data'!AO21="",LEN(TRIM('Raw Data'!AO21))=0),"",IF(AND(ISNUMBER('Raw Data'!AO21), IFERROR('Raw Data'!AO21 = ROUND('Raw Data'!AO21, 2),FALSE)),"",_xlfn.REGEXEXTRACT(CELL("address",AO21), "\$([A-Z]+)\$[0-9]+"))),_xlfn.REGEXEXTRACT(CELL("address",AO21), "\$([A-Z]+)\$[0-9]+"))} | AP21: {=IFERROR(IF(OR('Raw Data'!AP21="",LEN(TRIM('Raw Data'!AP21))=0),"",IF(AND(ISNUMBER('Raw Data'!AP21), IFERROR('Raw Data'!AP21 = ROUND('Raw Data'!AP21, 2),FALSE)),"",_xlfn.REGEXEXTRACT(CELL("address",AP21), "\$([A-Z]+)\$[0-9]+"))),_xlfn.REGEXEXTRACT(CELL("address",AP21), "\$([A-Z]+)\$[0-9]+"))}
B22: {=IFERROR(IF(OR('Raw Data'!B22="",LEN(TRIM('Raw Data'!B22))=0),"",IF(AND(LEN('Raw Data'!B22) <= 255,LEN('Raw Data'!B22)> 0),"",_xlfn.REGEXEXTRACT(CELL("address",'Raw Data'!B22),"\$([A-Z]+)\$[0-9]+"))),_xlfn.REGEXEXTRACT(CELL("address",'Raw Data'!B22),"\$([A-Z]+)\$[0-9]+"))} | C22: {=IFERROR(IF(OR('Raw Data'!C22="",LEN(TRIM('Raw Data'!C22))=0),"",IF(AND(LEN('Raw Data'!C22) <= 50,LEN('Raw Data'!C22)> 0),"",_xlfn.REGEXEXTRACT(CELL("address",'Raw Data'!C22),"\$([A-Z]+)\$[0-9]+"))),_xlfn.REGEXEXTRACT(CELL("address",'Raw Data'!C22),"\$([A-Z]+)\$[0-9]+"))} | D22: {=IFERROR(IF(OR('Raw Data'!D22="",LEN(TRIM('Raw Data'!D22))=0),"",IF(AND(LEN('Raw Data'!D22) <= 500,LEN('Raw Data'!D22)> 0),"",_xlfn.REGEXEXTRACT(CELL("address",'Raw Data'!D22),"\$([A-Z]+)\$[0-9]+"))),_xlfn.REGEXEXTRACT(CELL("address",'Raw Data'!D22),"\$([A-Z]+)\$[0-9]+"))} | E22: {=IFERROR(IF(OR('Raw Data'!E22="",LEN(TRIM('Raw Data'!E22))=0),"",IF(AND(LEN('Raw Data'!E22) <= 50,LEN('Raw Data'!E22)> 0),"",_xlfn.REGEXEXTRACT(CELL("address",'Raw Data'!E22),"\$([A-Z]+)\$[0-9]+"))),_xlfn.REGEXEXTRACT(CELL("address",'Raw Data'!E22),"\$([A-Z]+)\$[0-9]+"))} | F22: {=IFERROR(IF(OR('Raw Data'!F22="",LEN(TRIM('Raw Data'!F22))=0),"",IF(AND(LEN('Raw Data'!F22) <= 50,LEN('Raw Data'!F22)> 0),"",_xlfn.REGEXEXTRACT(CELL("address",'Raw Data'!F22),"\$([A-Z]+)\$[0-9]+"))),_xlfn.REGEXEXTRACT(CELL("address",'Raw Data'!F22),"\$([A-Z]+)\$[0-9]+"))} | G22: {=IFERROR(IF(OR('Raw Data'!G22="",LEN(TRIM('Raw Data'!G22))=0),"",IF(AND(LEN('Raw Data'!G22) <= 50,LEN('Raw Data'!G22)> 0),"",_xlfn.REGEXEXTRACT(CELL("address",'Raw Data'!G22),"\$([A-Z]+)\$[0-9]+"))),_xlfn.REGEXEXTRACT(CELL("address",'Raw Data'!G22),"\$([A-Z]+)\$[0-9]+"))} | H22: {=IFERROR(IF(OR('Raw Data'!H22="",LEN(TRIM('Raw Data'!H22))=0),"",IF(AND(LEN('Raw Data'!H22) <= 50,LEN('Raw Data'!H22)> 0),"",_xlfn.REGEXEXTRACT(CELL("address",'Raw Data'!H22),"\$([A-Z]+)\$[0-9]+"))),_xlfn.REGEXEXTRACT(CELL("address",'Raw Data'!H22),"\$([A-Z]+)\$[0-9]+"))} | I22: {=IFERROR(IF(OR('Raw Data'!I22="",LEN(TRIM('Raw Data'!I22))=0),"",IF(AND(LEN('Raw Data'!I22) <= 50,LEN('Raw Data'!I22)> 0),"",_xlfn.REGEXEXTRACT(CELL("address",'Raw Data'!I22),"\$([A-Z]+)\$[0-9]+"))),_xlfn.REGEXEXTRACT(CELL("address",'Raw Data'!I22),"\$([A-Z]+)\$[0-9]+"))} | J22: {=IFERROR(IF(OR('Raw Data'!J22="",LEN(TRIM('Raw Data'!J22))=0),"",IF(AND(ISNUMBER('Raw Data'!J22), IFERROR('Raw Data'!J22 = ROUND('Raw Data'!J22, 2),FALSE)),"",_xlfn.REGEXEXTRACT(CELL("address",J22), "\$([A-Z]+)\$[0-9]+"))),_xlfn.REGEXEXTRACT(CELL("address",J22), "\$([A-Z]+)\$[0-9]+"))} | K22: {=IFERROR(IF(OR('Raw Data'!K22="",LEN(TRIM('Raw Data'!K22))=0),"",IF(AND(ISNUMBER('Raw Data'!K22), IFERROR('Raw Data'!K22 = ROUND('Raw Data'!K22, 2),FALSE)),"",_xlfn.REGEXEXTRACT(CELL("address",K22), "\$([A-Z]+)\$[0-9]+"))),_xlfn.REGEXEXTRACT(CELL("address",K22), "\$([A-Z]+)\$[0-9]+"))} | L22: {=IFERROR(IF(OR('Raw Data'!L22="",LEN(TRIM('Raw Data'!L22))=0),"",IF(AND(ISNUMBER('Raw Data'!L22), IFERROR('Raw Data'!L22 = ROUND('Raw Data'!L22, 2),FALSE)),"",_xlfn.REGEXEXTRACT(CELL("address",L22), "\$([A-Z]+)\$[0-9]+"))),_xlfn.REGEXEXTRACT(CELL("address",L22), "\$([A-Z]+)\$[0-9]+"))} | M22: {=IFERROR(IF(OR('Raw Data'!M22="",LEN(TRIM('Raw Data'!M22))=0),"",IF(AND(ISNUMBER('Raw Data'!M22), IFERROR('Raw Data'!M22 = ROUND('Raw Data'!M22, 2),FALSE)),"",_xlfn.REGEXEXTRACT(CELL("address",M22), "\$([A-Z]+)\$[0-9]+"))),_xlfn.REGEXEXTRACT(CELL("address",M22), "\$([A-Z]+)\$[0-9]+"))} | N22: {=IFERROR(IF(OR('Raw Data'!N22="",LEN(TRIM('Raw Data'!N22))=0),"",IF(AND(ISNUMBER('Raw Data'!N22), IFERROR('Raw Data'!N22 = ROUND('Raw Data'!N22, 2),FALSE)),"",_xlfn.REGEXEXTRACT(CELL("address",N22), "\$([A-Z]+)\$[0-9]+"))),_xlfn.REGEXEXTRACT(CELL("address",N22), "\$([A-Z]+)\$[0-9]+"))} | O22: {=IFERROR(IF(OR('Raw Data'!O22="",LEN(TRIM('Raw Data'!O22))=0),"",IF(AND(ISNUMBER('Raw Data'!O22),'Raw Data'!O22>=Configuration!$D$2),"",_xlfn.REGEXEXTRACT(CELL("address",'Raw Data'!O22),"\$([A-Z]+)\$[0-9]+"))),_xlfn.REGEXEXTRACT(CELL("address",O22), "\$([A-Z]+)\$[0-9]+"))} | P22: {=IFERROR(IF(OR('Raw Data'!P22="",LEN(TRIM('Raw Data'!P22))=0),"",IF(AND(ISNUMBER('Raw Data'!P22), IFERROR('Raw Data'!P22 = ROUND('Raw Data'!P22, 2),FALSE)),"",_xlfn.REGEXEXTRACT(CELL("address",P22), "\$([A-Z]+)\$[0-9]+"))),_xlfn.REGEXEXTRACT(CELL("address",P22), "\$([A-Z]+)\$[0-9]+"))} | Q22: {=IFERROR(IF(OR('Raw Data'!Q22="",LEN(TRIM('Raw Data'!Q22))=0),"",IF(AND(ISNUMBER('Raw Data'!Q22), IFERROR('Raw Data'!Q22 = ROUND('Raw Data'!Q22, 2),FALSE)),"",_xlfn.REGEXEXTRACT(CELL("address",Q22), "\$([A-Z]+)\$[0-9]+"))),_xlfn.REGEXEXTRACT(CELL("address",Q22), "\$([A-Z]+)\$[0-9]+"))} | R22: {=IFERROR(IF(OR('Raw Data'!R22="",LEN(TRIM('Raw Data'!R22))=0),"",IF(AND(LEN('Raw Data'!R22) <= 50,LEN('Raw Data'!R22)> 0),"",_xlfn.REGEXEXTRACT(CELL("address",'Raw Data'!R22),"\$([A-Z]+)\$[0-9]+"))),_xlfn.REGEXEXTRACT(CELL("address",'Raw Data'!R22),"\$([A-Z]+)\$[0-9]+"))} | S22: {=IFERROR(IF(OR('Raw Data'!S22="",LEN(TRIM('Raw Data'!S22))=0),"",IF(AND(LEN('Raw Data'!S22) <= 50,LEN('Raw Data'!S22)> 0),"",_xlfn.REGEXEXTRACT(CELL("address",'Raw Data'!S22),"\$([A-Z]+)\$[0-9]+"))),_xlfn.REGEXEXTRACT(CELL("address",'Raw Data'!S22),"\$([A-Z]+)\$[0-9]+"))} | T22: {=IFERROR(IF(OR('Raw Data'!T22="",LEN(TRIM('Raw Data'!T22))=0),"",IF(AND(ISNUMBER('Raw Data'!T22), IFERROR('Raw Data'!T22 = ROUND('Raw Data'!T22, 2),FALSE)),"",_xlfn.REGEXEXTRACT(CELL("address",T22), "\$([A-Z]+)\$[0-9]+"))),_xlfn.REGEXEXTRACT(CELL("address",T22), "\$([A-Z]+)\$[0-9]+"))} | U22: {=IFERROR(IF(OR('Raw Data'!U22="",LEN(TRIM('Raw Data'!U22))=0),"",IF(AND(ISNUMBER('Raw Data'!U22), IFERROR('Raw Data'!U22 = ROUND('Raw Data'!U22, 2),FALSE)),"",_xlfn.REGEXEXTRACT(CELL("address",U22), "\$([A-Z]+)\$[0-9]+"))),_xlfn.REGEXEXTRACT(CELL("address",U22), "\$([A-Z]+)\$[0-9]+"))} | V22: {=IFERROR(IF(OR('Raw Data'!V22="",LEN(TRIM('Raw Data'!V22))=0),"",IF(AND(ISNUMBER('Raw Data'!V22), IFERROR('Raw Data'!V22 = ROUND('Raw Data'!V22, 2),FALSE)),"",_xlfn.REGEXEXTRACT(CELL("address",V22), "\$([A-Z]+)\$[0-9]+"))),_xlfn.REGEXEXTRACT(CELL("address",V22), "\$([A-Z]+)\$[0-9]+"))} | W22: {=IFERROR(IF(OR('Raw Data'!W22="",LEN(TRIM('Raw Data'!W22))=0),"",IF(AND(ISNUMBER('Raw Data'!W22), IFERROR('Raw Data'!W22 = ROUND('Raw Data'!W22, 2),FALSE)),"",_xlfn.REGEXEXTRACT(CELL("address",W22), "\$([A-Z]+)\$[0-9]+"))),_xlfn.REGEXEXTRACT(CELL("address",W22), "\$([A-Z]+)\$[0-9]+"))} | X22: {=IFERROR(IF(OR('Raw Data'!X22="",LEN(TRIM('Raw Data'!X22))=0),"",IF(AND(ISNUMBER('Raw Data'!X22), IFERROR('Raw Data'!X22 = ROUND('Raw Data'!X22, 2),FALSE)),"",_xlfn.REGEXEXTRACT(CELL("address",X22), "\$([A-Z]+)\$[0-9]+"))),_xlfn.REGEXEXTRACT(CELL("address",X22), "\$([A-Z]+)\$[0-9]+"))} | Y22: {=IFERROR(IF(OR('Raw Data'!Y22="",LEN(TRIM('Raw Data'!Y22))=0),"",IF(AND(ISNUMBER('Raw Data'!Y22), IFERROR('Raw Data'!Y22 = ROUND('Raw Data'!Y22, 2),FALSE)),"",_xlfn.REGEXEXTRACT(CELL("address",Y22), "\$([A-Z]+)\$[0-9]+"))),_xlfn.REGEXEXTRACT(CELL("address",Y22), "\$([A-Z]+)\$[0-9]+"))} | Z22: {=IFERROR(IF(OR('Raw Data'!Z22="",LEN(TRIM('Raw Data'!Z22))=0),"",IF(AND(ISNUMBER('Raw Data'!Z22), IFERROR('Raw Data'!Z22 = ROUND('Raw Data'!Z22, 2),FALSE)),"",_xlfn.REGEXEXTRACT(CELL("address",Z22), "\$([A-Z]+)\$[0-9]+"))),_xlfn.REGEXEXTRACT(CELL("address",Z22), "\$([A-Z]+)\$[0-9]+"))} | AA22: {=IFERROR(IF(OR('Raw Data'!AA22="",LEN(TRIM('Raw Data'!AA22))=0),"",IF(AND(ISNUMBER('Raw Data'!AA22), IFERROR('Raw Data'!AA22 = ROUND('Raw Data'!AA22, 2),FALSE)),"",_xlfn.REGEXEXTRACT(CELL("address",AA22), "\$([A-Z]+)\$[0-9]+"))),_xlfn.REGEXEXTRACT(CELL("address",AA22), "\$([A-Z]+)\$[0-9]+"))} | ... AI22: {=IFERROR(IF(OR('Raw Data'!AI22="",LEN(TRIM('Raw Data'!AI22))=0),"",IF(AND(ISNUMBER('Raw Data'!AI22), IFERROR('Raw Data'!AI22 = ROUND('Raw Data'!AI22, 2),FALSE)),"",_xlfn.REGEXEXTRACT(CELL("address",AI22), "\$([A-Z]+)\$[0-9]+"))),_xlfn.REGEXEXTRACT(CELL("address",AI22), "\$([A-Z]+)\$[0-9]+"))} | AJ22: {=IFERROR(IF(OR('Raw Data'!AJ22="",LEN(TRIM('Raw Data'!AJ22))=0),"",IF(AND(ISNUMBER('Raw Data'!AJ22), IFERROR('Raw Data'!AJ22 = ROUND('Raw Data'!AJ22, 4),FALSE)),"",_xlfn.REGEXEXTRACT(CELL("address",AJ22), "\$([A-Z]+)\$[0-9]+"))),_xlfn.REGEXEXTRACT(CELL("address",AJ22), "\$([A-Z]+)\$[0-9]+"))} | AK22: {=IFERROR(IF(OR('Raw Data'!AK22="",LEN(TRIM('Raw Data'!AK22))=0),"",IF(AND(ISNUMBER('Raw Data'!AK22), IFERROR('Raw Data'!AK22 = ROUND('Raw Data'!AK22, 2),FALSE)),"",_xlfn.REGEXEXTRACT(CELL("address",AK22), "\$([A-Z]+)\$[0-9]+"))),_xlfn.REGEXEXTRACT(CELL("address",AK22), "\$([A-Z]+)\$[0-9]+"))} | AL22: {=IFERROR(IF(OR('Raw Data'!AL22="",LEN(TRIM('Raw Data'!AL22))=0),"",IF(AND(ISNUMBER('Raw Data'!AL22), IFERROR('Raw Data'!AL22 = ROUND('Raw Data'!AL22, 2),FALSE)),"",_xlfn.REGEXEXTRACT(CELL("address",AL22), "\$([A-Z]+)\$[0-9]+"))),_xlfn.REGEXEXTRACT(CELL("address",AL22), "\$([A-Z]+)\$[0-9]+"))} | AM22: {=IFERROR(IF(OR('Raw Data'!AM22="",LEN(TRIM('Raw Data'!AM22))=0),"",IF(AND(ISNUMBER('Raw Data'!AM22), IFERROR('Raw Data'!AM22 = ROUND('Raw Data'!AM22, 2),FALSE)),"",_xlfn.REGEXEXTRACT(CELL("address",AM22), "\$([A-Z]+)\$[0-9]+"))),_xlfn.REGEXEXTRACT(CELL("address",AM22), "\$([A-Z]+)\$[0-9]+"))} | AN22: {=IFERROR(IF(OR('Raw Data'!AN22="",LEN(TRIM('Raw Data'!AN22))=0),"",IF(AND(ISNUMBER('Raw Data'!AN22), IFERROR('Raw Data'!AN22 = ROUND('Raw Data'!AN22, 2),FALSE)),"",_xlfn.REGEXEXTRACT(CELL("address",AN22), "\$([A-Z]+)\$[0-9]+"))),_xlfn.REGEXEXTRACT(CELL("address",AN22), "\$([A-Z]+)\$[0-9]+"))} | AO22: {=IFERROR(IF(OR('Raw Data'!AO22="",LEN(TRIM('Raw Data'!AO22))=0),"",IF(AND(ISNUMBER('Raw Data'!AO22), IFERROR('Raw Data'!AO22 = ROUND('Raw Data'!AO22, 2),FALSE)),"",_xlfn.REGEXEXTRACT(CELL("address",AO22), "\$([A-Z]+)\$[0-9]+"))),_xlfn.REGEXEXTRACT(CELL("address",AO22), "\$([A-Z]+)\$[0-9]+"))} | AP22: {=IFERROR(IF(OR('Raw Data'!AP22="",LEN(TRIM('Raw Data'!AP22))=0),"",IF(AND(ISNUMBER('Raw Data'!AP22), IFERROR('Raw Data'!AP22 = ROUND('Raw Data'!AP22, 2),FALSE)),"",_xlfn.REGEXEXTRACT(CELL("address",AP22), "\$([A-Z]+)\$[0-9]+"))),_xlfn.REGEXEXTRACT(CELL("address",AP22), "\$([A-Z]+)\$[0-9]+"))}
... B250: {=IFERROR(IF(OR('Raw Data'!B250="",LEN(TRIM('Raw Data'!B250))=0),"",IF(AND(LEN('Raw Data'!B250) <= 255,LEN('Raw Data'!B250)> 0),"",_xlfn.REGEXEXTRACT(CELL("address",'Raw Data'!B250),"\$([A-Z]+)\$[0-9]+"))),_xlfn.REGEXEXTRACT(CELL("address",'Raw Data'!B250),"\$([A-Z]+)\$[0-9]+"))} | C250: {=IFERROR(IF(OR('Raw Data'!C250="",LEN(TRIM('Raw Data'!C250))=0),"",IF(AND(LEN('Raw Data'!C250) <= 50,LEN('Raw Data'!C250)> 0),"",_xlfn.REGEXEXTRACT(CELL("address",'Raw Data'!C250),"\$([A-Z]+)\$[0-9]+"))),_xlfn.REGEXEXTRACT(CELL("address",'Raw Data'!C250),"\$([A-Z]+)\$[0-9]+"))} | D250: {=IFERROR(IF(OR('Raw Data'!D250="",LEN(TRIM('Raw Data'!D250))=0),"",IF(AND(LEN('Raw Data'!D250) <= 500,LEN('Raw Data'!D250)> 0),"",_xlfn.REGEXEXTRACT(CELL("address",'Raw Data'!D250),"\$([A-Z]+)\$[0-9]+"))),_xlfn.REGEXEXTRACT(CELL("address",'Raw Data'!D250),"\$([A-Z]+)\$[0-9]+"))} | E250: {=IFERROR(IF(OR('Raw Data'!E250="",LEN(TRIM('Raw Data'!E250))=0),"",IF(AND(LEN('Raw Data'!E250) <= 50,LEN('Raw Data'!E250)> 0),"",_xlfn.REGEXEXTRACT(CELL("address",'Raw Data'!E250),"\$([A-Z]+)\$[0-9]+"))),_xlfn.REGEXEXTRACT(CELL("address",'Raw Data'!E250),"\$([A-Z]+)\$[0-9]+"))} | F250: {=IFERROR(IF(OR('Raw Data'!F250="",LEN(TRIM('Raw Data'!F250))=0),"",IF(AND(LEN('Raw Data'!F250) <= 50,LEN('Raw Data'!F250)> 0),"",_xlfn.REGEXEXTRACT(CELL("address",'Raw Data'!F250),"\$([A-Z]+)\$[0-9]+"))),_xlfn.REGEXEXTRACT(CELL("address",'Raw Data'!F250),"\$([A-Z]+)\$[0-9]+"))} | G250: {=IFERROR(IF(OR('Raw Data'!G250="",LEN(TRIM('Raw Data'!G250))=0),"",IF(AND(LEN('Raw Data'!G250) <= 50,LEN('Raw Data'!G250)> 0),"",_xlfn.REGEXEXTRACT(CELL("address",'Raw Data'!G250),"\$([A-Z]+)\$[0-9]+"))),_xlfn.REGEXEXTRACT(CELL("address",'Raw Data'!G250),"\$([A-Z]+)\$[0-9]+"))} | H250: {=IFERROR(IF(OR('Raw Data'!H250="",LEN(TRIM('Raw Data'!H250))=0),"",IF(AND(LEN('Raw Data'!H250) <= 50,LEN('Raw Data'!H250)> 0),"",_xlfn.REGEXEXTRACT(CELL("address",'Raw Data'!H250),"\$([A-Z]+)\$[0-9]+"))),_xlfn.REGEXEXTRACT(CELL("address",'Raw Data'!H250),"\$([A-Z]+)\$[0-9]+"))} | I250: {=IFERROR(IF(OR('Raw Data'!I250="",LEN(TRIM('Raw Data'!I250))=0),"",IF(AND(LEN('Raw Data'!I250) <= 50,LEN('Raw Data'!I250)> 0),"",_xlfn.REGEXEXTRACT(CELL("address",'Raw Data'!I250),"\$([A-Z]+)\$[0-9]+"))),_xlfn.REGEXEXTRACT(CELL("address",'Raw Data'!I250),"\$([A-Z]+)\$[0-9]+"))} | J250: {=IFERROR(IF(OR('Raw Data'!J250="",LEN(TRIM('Raw Data'!J250))=0),"",IF(AND(ISNUMBER('Raw Data'!J250), IFERROR('Raw Data'!J250 = ROUND('Raw Data'!J250, 2),FALSE)),"",_xlfn.REGEXEXTRACT(CELL("address",J250), "\$([A-Z]+)\$[0-9]+"))),_xlfn.REGEXEXTRACT(CELL("address",J250), "\$([A-Z]+)\$[0-9]+"))} | K250: {=IFERROR(IF(OR('Raw Data'!K250="",LEN(TRIM('Raw Data'!K250))=0),"",IF(AND(ISNUMBER('Raw Data'!K250), IFERROR('Raw Data'!K250 = ROUND('Raw Data'!K250, 2),FALSE)),"",_xlfn.REGEXEXTRACT(CELL("address",K250), "\$([A-Z]+)\$[0-9]+"))),_xlfn.REGEXEXTRACT(CELL("address",K250), "\$([A-Z]+)\$[0-9]+"))} | L250: {=IFERROR(IF(OR('Raw Data'!L250="",LEN(TRIM('Raw Data'!L250))=0),"",IF(AND(ISNUMBER('Raw Data'!L250), IFERROR('Raw Data'!L250 = ROUND('Raw Data'!L250, 2),FALSE)),"",_xlfn.REGEXEXTRACT(CELL("address",L250), "\$([A-Z]+)\$[0-9]+"))),_xlfn.REGEXEXTRACT(CELL("address",L250), "\$([A-Z]+)\$[0-9]+"))} | M250: {=IFERROR(IF(OR('Raw Data'!M250="",LEN(TRIM('Raw Data'!M250))=0),"",IF(AND(ISNUMBER('Raw Data'!M250), IFERROR('Raw Data'!M250 = ROUND('Raw Data'!M250, 2),FALSE)),"",_xlfn.REGEXEXTRACT(CELL("address",M250), "\$([A-Z]+)\$[0-9]+"))),_xlfn.REGEXEXTRACT(CELL("address",M250), "\$([A-Z]+)\$[0-9]+"))} | N250: {=IFERROR(IF(OR('Raw Data'!N250="",LEN(TRIM('Raw Data'!N250))=0),"",IF(AND(ISNUMBER('Raw Data'!N250), IFERROR('Raw Data'!N250 = ROUND('Raw Data'!N250, 2),FALSE)),"",_xlfn.REGEXEXTRACT(CELL("address",N250), "\$([A-Z]+)\$[0-9]+"))),_xlfn.REGEXEXTRACT(CELL("address",N250), "\$([A-Z]+)\$[0-9]+"))} | O250: {=IFERROR(IF(OR('Raw Data'!O250="",LEN(TRIM('Raw Data'!O250))=0),"",IF(AND(ISNUMBER('Raw Data'!O250),'Raw Data'!O250>=Configuration!$D$2),"",_xlfn.REGEXEXTRACT(CELL("address",'Raw Data'!O250),"\$([A-Z]+)\$[0-9]+"))),_xlfn.REGEXEXTRACT(CELL("address",O250), "\$([A-Z]+)\$[0-9]+"))} | P250: {=IFERROR(IF(OR('Raw Data'!P250="",LEN(TRIM('Raw Data'!P250))=0),"",IF(AND(ISNUMBER('Raw Data'!P250), IFERROR('Raw Data'!P250 = ROUND('Raw Data'!P250, 2),FALSE)),"",_xlfn.REGEXEXTRACT(CELL("address",P250), "\$([A-Z]+)\$[0-9]+"))),_xlfn.REGEXEXTRACT(CELL("address",P250), "\$([A-Z]+)\$[0-9]+"))} | Q250: {=IFERROR(IF(OR('Raw Data'!Q250="",LEN(TRIM('Raw Data'!Q250))=0),"",IF(AND(ISNUMBER('Raw Data'!Q250), IFERROR('Raw Data'!Q250 = ROUND('Raw Data'!Q250, 2),FALSE)),"",_xlfn.REGEXEXTRACT(CELL("address",Q250), "\$([A-Z]+)\$[0-9]+"))),_xlfn.REGEXEXTRACT(CELL("address",Q250), "\$([A-Z]+)\$[0-9]+"))} | R250: {=IFERROR(IF(OR('Raw Data'!R250="",LEN(TRIM('Raw Data'!R250))=0),"",IF(AND(LEN('Raw Data'!R250) <= 50,LEN('Raw Data'!R250)> 0),"",_xlfn.REGEXEXTRACT(CELL("address",'Raw Data'!R250),"\$([A-Z]+)\$[0-9]+"))),_xlfn.REGEXEXTRACT(CELL("address",'Raw Data'!R250),"\$([A-Z]+)\$[0-9]+"))} | S250: {=IFERROR(IF(OR('Raw Data'!S250="",LEN(TRIM('Raw Data'!S250))=0),"",IF(AND(LEN('Raw Data'!S250) <= 50,LEN('Raw Data'!S250)> 0),"",_xlfn.REGEXEXTRACT(CELL("address",'Raw Data'!S250),"\$([A-Z]+)\$[0-9]+"))),_xlfn.REGEXEXTRACT(CELL("address",'Raw Data'!S250),"\$([A-Z]+)\$[0-9]+"))} | T250: {=IFERROR(IF(OR('Raw Data'!T250="",LEN(TRIM('Raw Data'!T250))=0),"",IF(AND(ISNUMBER('Raw Data'!T250), IFERROR('Raw Data'!T250 = ROUND('Raw Data'!T250, 2),FALSE)),"",_xlfn.REGEXEXTRACT(CELL("address",T250), "\$([A-Z]+)\$[0-9]+"))),_xlfn.REGEXEXTRACT(CELL("address",T250), "\$([A-Z]+)\$[0-9]+"))} | U250: {=IFERROR(IF(OR('Raw Data'!U250="",LEN(TRIM('Raw Data'!U250))=0),"",IF(AND(ISNUMBER('Raw Data'!U250), IFERROR('Raw Data'!U250 = ROUND('Raw Data'!U250, 2),FALSE)),"",_xlfn.REGEXEXTRACT(CELL("address",U250), "\$([A-Z]+)\$[0-9]+"))),_xlfn.REGEXEXTRACT(CELL("address",U250), "\$([A-Z]+)\$[0-9]+"))} | V250: {=IFERROR(IF(OR('Raw Data'!V250="",LEN(TRIM('Raw Data'!V250))=0),"",IF(AND(ISNUMBER('Raw Data'!V250), IFERROR('Raw Data'!V250 = ROUND('Raw Data'!V250, 2),FALSE)),"",_xlfn.REGEXEXTRACT(CELL("address",V250), "\$([A-Z]+)\$[0-9]+"))),_xlfn.REGEXEXTRACT(CELL("address",V250), "\$([A-Z]+)\$[0-9]+"))} | W250: {=IFERROR(IF(OR('Raw Data'!W250="",LEN(TRIM('Raw Data'!W250))=0),"",IF(AND(ISNUMBER('Raw Data'!W250), IFERROR('Raw Data'!W250 = ROUND('Raw Data'!W250, 2),FALSE)),"",_xlfn.REGEXEXTRACT(CELL("address",W250), "\$([A-Z]+)\$[0-9]+"))),_xlfn.REGEXEXTRACT(CELL("address",W250), "\$([A-Z]+)\$[0-9]+"))} | X250: {=IFERROR(IF(OR('Raw Data'!X250="",LEN(TRIM('Raw Data'!X250))=0),"",IF(AND(ISNUMBER('Raw Data'!X250), IFERROR('Raw Data'!X250 = ROUND('Raw Data'!X250, 2),FALSE)),"",_xlfn.REGEXEXTRACT(CELL("address",X250), "\$([A-Z]+)\$[0-9]+"))),_xlfn.REGEXEXTRACT(CELL("address",X250), "\$([A-Z]+)\$[0-9]+"))} | Y250: {=IFERROR(IF(OR('Raw Data'!Y250="",LEN(TRIM('Raw Data'!Y250))=0),"",IF(AND(ISNUMBER('Raw Data'!Y250), IFERROR('Raw Data'!Y250 = ROUND('Raw Data'!Y250, 2),FALSE)),"",_xlfn.REGEXEXTRACT(CELL("address",Y250), "\$([A-Z]+)\$[0-9]+"))),_xlfn.REGEXEXTRACT(CELL("address",Y250), "\$([A-Z]+)\$[0-9]+"))} | Z250: {=IFERROR(IF(OR('Raw Data'!Z250="",LEN(TRIM('Raw Data'!Z250))=0),"",IF(AND(ISNUMBER('Raw Data'!Z250), IFERROR('Raw Data'!Z250 = ROUND('Raw Data'!Z250, 2),FALSE)),"",_xlfn.REGEXEXTRACT(CELL("address",Z250), "\$([A-Z]+)\$[0-9]+"))),_xlfn.REGEXEXTRACT(CELL("address",Z250), "\$([A-Z]+)\$[0-9]+"))} | AA250: {=IFERROR(IF(OR('Raw Data'!AA250="",LEN(TRIM('Raw Data'!AA250))=0),"",IF(AND(ISNUMBER('Raw Data'!AA250), IFERROR('Raw Data'!AA250 = ROUND('Raw Data'!AA250, 2),FALSE)),"",_xlfn.REGEXEXTRACT(CELL("address",AA250), "\$([A-Z]+)\$[0-9]+"))),_xlfn.REGEXEXTRACT(CELL("address",AA250), "\$([A-Z]+)\$[0-9]+"))} | ... AI250: {=IFERROR(IF(OR('Raw Data'!AI250="",LEN(TRIM('Raw Data'!AI250))=0),"",IF(AND(ISNUMBER('Raw Data'!AI250), IFERROR('Raw Data'!AI250 = ROUND('Raw Data'!AI250, 2),FALSE)),"",_xlfn.REGEXEXTRACT(CELL("address",AI250), "\$([A-Z]+)\$[0-9]+"))),_xlfn.REGEXEXTRACT(CELL("address",AI250), "\$([A-Z]+)\$[0-9]+"))} | AJ250: {=IFERROR(IF(OR('Raw Data'!AJ250="",LEN(TRIM('Raw Data'!AJ250))=0),"",IF(AND(ISNUMBER('Raw Data'!AJ250), IFERROR('Raw Data'!AJ250 = ROUND('Raw Data'!AJ250, 4),FALSE)),"",_xlfn.REGEXEXTRACT(CELL("address",AJ250), "\$([A-Z]+)\$[0-9]+"))),_xlfn.REGEXEXTRACT(CELL("address",AJ250), "\$([A-Z]+)\$[0-9]+"))} | AK250: {=IFERROR(IF(OR('Raw Data'!AK250="",LEN(TRIM('Raw Data'!AK250))=0),"",IF(AND(ISNUMBER('Raw Data'!AK250), IFERROR('Raw Data'!AK250 = ROUND('Raw Data'!AK250, 2),FALSE)),"",_xlfn.REGEXEXTRACT(CELL("address",AK250), "\$([A-Z]+)\$[0-9]+"))),_xlfn.REGEXEXTRACT(CELL("address",AK250), "\$([A-Z]+)\$[0-9]+"))} | AL250: {=IFERROR(IF(OR('Raw Data'!AL250="",LEN(TRIM('Raw Data'!AL250))=0),"",IF(AND(ISNUMBER('Raw Data'!AL250), IFERROR('Raw Data'!AL250 = ROUND('Raw Data'!AL250, 2),FALSE)),"",_xlfn.REGEXEXTRACT(CELL("address",AL250), "\$([A-Z]+)\$[0-9]+"))),_xlfn.REGEXEXTRACT(CELL("address",AL250), "\$([A-Z]+)\$[0-9]+"))} | AM250: {=IFERROR(IF(OR('Raw Data'!AM250="",LEN(TRIM('Raw Data'!AM250))=0),"",IF(AND(ISNUMBER('Raw Data'!AM250), IFERROR('Raw Data'!AM250 = ROUND('Raw Data'!AM250, 2),FALSE)),"",_xlfn.REGEXEXTRACT(CELL("address",AM250), "\$([A-Z]+)\$[0-9]+"))),_xlfn.REGEXEXTRACT(CELL("address",AM250), "\$([A-Z]+)\$[0-9]+"))} | AN250: {=IFERROR(IF(OR('Raw Data'!AN250="",LEN(TRIM('Raw Data'!AN250))=0),"",IF(AND(ISNUMBER('Raw Data'!AN250), IFERROR('Raw Data'!AN250 = ROUND('Raw Data'!AN250, 2),FALSE)),"",_xlfn.REGEXEXTRACT(CELL("address",AN250), "\$([A-Z]+)\$[0-9]+"))),_xlfn.REGEXEXTRACT(CELL("address",AN250), "\$([A-Z]+)\$[0-9]+"))} | AO250: {=IFERROR(IF(OR('Raw Data'!AO250="",LEN(TRIM('Raw Data'!AO250))=0),"",IF(AND(ISNUMBER('Raw Data'!AO250), IFERROR('Raw Data'!AO250 = ROUND('Raw Data'!AO250, 2),FALSE)),"",_xlfn.REGEXEXTRACT(CELL("address",AO250), "\$([A-Z]+)\$[0-9]+"))),_xlfn.REGEXEXTRACT(CELL("address",AO250), "\$([A-Z]+)\$[0-9]+"))} | AP250: {=IFERROR(IF(OR('Raw Data'!AP250="",LEN(TRIM('Raw Data'!AP250))=0),"",IF(AND(ISNUMBER('Raw Data'!AP250), IFERROR('Raw Data'!AP250 = ROUND('Raw Data'!AP250, 2),FALSE)),"",_xlfn.REGEXEXTRACT(CELL("address",AP250), "\$([A-Z]+)\$[0-9]+"))),_xlfn.REGEXEXTRACT(CELL("address",AP250), "\$([A-Z]+)\$[0-9]+"))}

Sheet Validate_Condition
J9: Yes | Z9: Yes | AG9: Yes | AH9: Yes | AI9: Yes | AP9: Yes
B10: C1 | C10: C2 | D10: C3 | E10: C4 | F10: C5 | G10: C6 | H10: C7 | I10: C8 | J10: C9 | K10: C10 | L10: C11 | M10: C12 | N10: C13 | O10: C14 | P10: C15 | Q10: C16 | R10: C17 | S10: C18 | T10: C19 | U10: C20 | V10: C21 | W10: C22 | X10: C23 | Y10: C24 | Z10: C25 | AA10: C26 | AB10: C27 | AC10: C28 | AD10: C29 | AE10: C30 | AF10: C31 | AG10: C32 | AH10: C33 | AI10: C34 | AJ10: C35 | AK10: C36 | AL10: C37 | AM10: C38 | AN10: C39 | AO10: C40 | AP10: C41
J11: {=IF(OR('Raw Data'!J11="",LEN(TRIM('Raw Data'!J11))=0,Validate_Empty!J11<>"",Validate_Value!J11<>""),"",IF('Raw Data'!J11=SUM('Raw Data'!K11:N11),"",_xlfn.REGEXEXTRACT(CELL("address",J11), "\$([A-Z]+)\$[0-9]+")))} | Z11: {=IF(OR('Raw Data'!Z11="",LEN(TRIM('Raw Data'!Z11))=0,Validate_Empty!Z11<>"",Validate_Value!Z11<>""),"",IF('Raw Data'!Z11=SUM('Raw Data'!T11:Y11),"",_xlfn.REGEXEXTRACT(CELL("address",Z11), "\$([A-Z]+)\$[0-9]+")))} | AG11: {=IF(OR('Raw Data'!AG11="",LEN(TRIM('Raw Data'!AG11))=0,Validate_Empty!AG11<>"",Validate_Value!AG11<>""),"",IF('Raw Data'!AG11=SUM('Raw Data'!AA11:AF11),"",_xlfn.REGEXEXTRACT(CELL("address",AG11), "\$([A-Z]+)\$[0-9]+")))} | AH11: {=IF(OR('Raw Data'!AH11="",LEN(TRIM('Raw Data'!AH11))=0,Validate_Empty!AH11<>"",Validate_Value!AH11<>""),"",IF(Configuration!$G$2 = Configuration!$I$2,"",_xlfn.REGEXEXTRACT(CELL("address",AH11), "\$([A-Z]+)\$[0-9]+")))} | AI11: {=IF(OR('Raw Data'!AI11="",LEN(TRIM('Raw Data'!AI11))=0,Validate_Empty!AI11<>"",Validate_Value!AI11<>""),"",IF(Configuration!$H$2 = Configuration!$J$2,"",_xlfn.REGEXEXTRACT(CELL("address",AI11), "\$([A-Z]+)\$[0-9]+")))} | AP11: {=IF(OR('Raw Data'!AP11="",LEN(TRIM('Raw Data'!AP11))=0,Validate_Empty!AP11<>"",Validate_Value!AP11<>""),"",IF('Raw Data'!AP11=SUM('Raw Data'!AK11:AO11),"",_xlfn.REGEXEXTRACT(CELL("address",AP11), "\$([A-Z]+)\$[0-9]+")))}
J12: {=IF(OR('Raw Data'!J12="",LEN(TRIM('Raw Data'!J12))=0,Validate_Empty!J12<>"",Validate_Value!J12<>""),"",IF('Raw Data'!J12=SUM('Raw Data'!K12:N12),"",_xlfn.REGEXEXTRACT(CELL("address",J12), "\$([A-Z]+)\$[0-9]+")))} | Z12: {=IF(OR('Raw Data'!Z12="",LEN(TRIM('Raw Data'!Z12))=0,Validate_Empty!Z12<>"",Validate_Value!Z12<>""),"",IF('Raw Data'!Z12=SUM('Raw Data'!T12:Y12),"",_xlfn.REGEXEXTRACT(CELL("address",Z12), "\$([A-Z]+)\$[0-9]+")))} | AG12: {=IF(OR('Raw Data'!AG12="",LEN(TRIM('Raw Data'!AG12))=0,Validate_Empty!AG12<>"",Validate_Value!AG12<>""),"",IF('Raw Data'!AG12=SUM('Raw Data'!AA12:AF12),"",_xlfn.REGEXEXTRACT(CELL("address",AG12), "\$([A-Z]+)\$[0-9]+")))} | AH12: {=IF(OR('Raw Data'!AH12="",LEN(TRIM('Raw Data'!AH12))=0,Validate_Empty!AH12<>"",Validate_Value!AH12<>""),"",IF(Configuration!$G$2 = Configuration!$I$2,"",_xlfn.REGEXEXTRACT(CELL("address",AH12), "\$([A-Z]+)\$[0-9]+")))} | AI12: {=IF(OR('Raw Data'!AI12="",LEN(TRIM('Raw Data'!AI12))=0,Validate_Empty!AI12<>"",Validate_Value!AI12<>""),"",IF(Configuration!$H$2 = Configuration!$J$2,"",_xlfn.REGEXEXTRACT(CELL("address",AI12), "\$([A-Z]+)\$[0-9]+")))} | AP12: {=IF(OR('Raw Data'!AP12="",LEN(TRIM('Raw Data'!AP12))=0,Validate_Empty!AP12<>"",Validate_Value!AP12<>""),"",IF('Raw Data'!AP12=SUM('Raw Data'!AK12:AO12),"",_xlfn.REGEXEXTRACT(CELL("address",AP12), "\$([A-Z]+)\$[0-9]+")))}
J13: {=IF(OR('Raw Data'!J13="",LEN(TRIM('Raw Data'!J13))=0,Validate_Empty!J13<>"",Validate_Value!J13<>""),"",IF('Raw Data'!J13=SUM('Raw Data'!K13:N13),"",_xlfn.REGEXEXTRACT(CELL("address",J13), "\$([A-Z]+)\$[0-9]+")))} | Z13: {=IF(OR('Raw Data'!Z13="",LEN(TRIM('Raw Data'!Z13))=0,Validate_Empty!Z13<>"",Validate_Value!Z13<>""),"",IF('Raw Data'!Z13=SUM('Raw Data'!T13:Y13),"",_xlfn.REGEXEXTRACT(CELL("address",Z13), "\$([A-Z]+)\$[0-9]+")))} | AG13: {=IF(OR('Raw Data'!AG13="",LEN(TRIM('Raw Data'!AG13))=0,Validate_Empty!AG13<>"",Validate_Value!AG13<>""),"",IF('Raw Data'!AG13=SUM('Raw Data'!AA13:AF13),"",_xlfn.REGEXEXTRACT(CELL("address",AG13), "\$([A-Z]+)\$[0-9]+")))} | AH13: {=IF(OR('Raw Data'!AH13="",LEN(TRIM('Raw Data'!AH13))=0,Validate_Empty!AH13<>"",Validate_Value!AH13<>""),"",IF(Configuration!$G$2 = Configuration!$I$2,"",_xlfn.REGEXEXTRACT(CELL("address",AH13), "\$([A-Z]+)\$[0-9]+")))} | AI13: {=IF(OR('Raw Data'!AI13="",LEN(TRIM('Raw Data'!AI13))=0,Validate_Empty!AI13<>"",Validate_Value!AI13<>""),"",IF(Configuration!$H$2 = Configuration!$J$2,"",_xlfn.REGEXEXTRACT(CELL("address",AI13), "\$([A-Z]+)\$[0-9]+")))} | AP13: {=IF(OR('Raw Data'!AP13="",LEN(TRIM('Raw Data'!AP13))=0,Validate_Empty!AP13<>"",Validate_Value!AP13<>""),"",IF('Raw Data'!AP13=SUM('Raw Data'!AK13:AO13),"",_xlfn.REGEXEXTRACT(CELL("address",AP13), "\$([A-Z]+)\$[0-9]+")))}
J14: {=IF(OR('Raw Data'!J14="",LEN(TRIM('Raw Data'!J14))=0,Validate_Empty!J14<>"",Validate_Value!J14<>""),"",IF('Raw Data'!J14=SUM('Raw Data'!K14:N14),"",_xlfn.REGEXEXTRACT(CELL("address",J14), "\$([A-Z]+)\$[0-9]+")))} | Z14: {=IF(OR('Raw Data'!Z14="",LEN(TRIM('Raw Data'!Z14))=0,Validate_Empty!Z14<>"",Validate_Value!Z14<>""),"",IF('Raw Data'!Z14=SUM('Raw Data'!T14:Y14),"",_xlfn.REGEXEXTRACT(CELL("address",Z14), "\$([A-Z]+)\$[0-9]+")))} | AG14: {=IF(OR('Raw Data'!AG14="",LEN(TRIM('Raw Data'!AG14))=0,Validate_Empty!AG14<>"",Validate_Value!AG14<>""),"",IF('Raw Data'!AG14=SUM('Raw Data'!AA14:AF14),"",_xlfn.REGEXEXTRACT(CELL("address",AG14), "\$([A-Z]+)\$[0-9]+")))} | AH14: {=IF(OR('Raw Data'!AH14="",LEN(TRIM('Raw Data'!AH14))=0,Validate_Empty!AH14<>"",Validate_Value!AH14<>""),"",IF(Configuration!$G$2 = Configuration!$I$2,"",_xlfn.REGEXEXTRACT(CELL("address",AH14), "\$([A-Z]+)\$[0-9]+")))} | AI14: {=IF(OR('Raw Data'!AI14="",LEN(TRIM('Raw Data'!AI14))=0,Validate_Empty!AI14<>"",Validate_Value!AI14<>""),"",IF(Configuration!$H$2 = Configuration!$J$2,"",_xlfn.REGEXEXTRACT(CELL("address",AI14), "\$([A-Z]+)\$[0-9]+")))} | AP14: {=IF(OR('Raw Data'!AP14="",LEN(TRIM('Raw Data'!AP14))=0,Validate_Empty!AP14<>"",Validate_Value!AP14<>""),"",IF('Raw Data'!AP14=SUM('Raw Data'!AK14:AO14),"",_xlfn.REGEXEXTRACT(CELL("address",AP14), "\$([A-Z]+)\$[0-9]+")))}
J15: {=IF(OR('Raw Data'!J15="",LEN(TRIM('Raw Data'!J15))=0,Validate_Empty!J15<>"",Validate_Value!J15<>""),"",IF('Raw Data'!J15=SUM('Raw Data'!K15:N15),"",_xlfn.REGEXEXTRACT(CELL("address",J15), "\$([A-Z]+)\$[0-9]+")))} | Z15: {=IF(OR('Raw Data'!Z15="",LEN(TRIM('Raw Data'!Z15))=0,Validate_Empty!Z15<>"",Validate_Value!Z15<>""),"",IF('Raw Data'!Z15=SUM('Raw Data'!T15:Y15),"",_xlfn.REGEXEXTRACT(CELL("address",Z15), "\$([A-Z]+)\$[0-9]+")))} | AG15: {=IF(OR('Raw Data'!AG15="",LEN(TRIM('Raw Data'!AG15))=0,Validate_Empty!AG15<>"",Validate_Value!AG15<>""),"",IF('Raw Data'!AG15=SUM('Raw Data'!AA15:AF15),"",_xlfn.REGEXEXTRACT(CELL("address",AG15), "\$([A-Z]+)\$[0-9]+")))} | AH15: {=IF(OR('Raw Data'!AH15="",LEN(TRIM('Raw Data'!AH15))=0,Validate_Empty!AH15<>"",Validate_Value!AH15<>""),"",IF(Configuration!$G$2 = Configuration!$I$2,"",_xlfn.REGEXEXTRACT(CELL("address",AH15), "\$([A-Z]+)\$[0-9]+")))} | AI15: {=IF(OR('Raw Data'!AI15="",LEN(TRIM('Raw Data'!AI15))=0,Validate_Empty!AI15<>"",Validate_Value!AI15<>""),"",IF(Configuration!$H$2 = Configuration!$J$2,"",_xlfn.REGEXEXTRACT(CELL("address",AI15), "\$([A-Z]+)\$[0-9]+")))} | AP15: {=IF(OR('Raw Data'!AP15="",LEN(TRIM('Raw Data'!AP15))=0,Validate_Empty!AP15<>"",Validate_Value!AP15<>""),"",IF('Raw Data'!AP15=SUM('Raw Data'!AK15:AO15),"",_xlfn.REGEXEXTRACT(CELL("address",AP15), "\$([A-Z]+)\$[0-9]+")))}
J16: {=IF(OR('Raw Data'!J16="",LEN(TRIM('Raw Data'!J16))=0,Validate_Empty!J16<>"",Validate_Value!J16<>""),"",IF('Raw Data'!J16=SUM('Raw Data'!K16:N16),"",_xlfn.REGEXEXTRACT(CELL("address",J16), "\$([A-Z]+)\$[0-9]+")))} | Z16: {=IF(OR('Raw Data'!Z16="",LEN(TRIM('Raw Data'!Z16))=0,Validate_Empty!Z16<>"",Validate_Value!Z16<>""),"",IF('Raw Data'!Z16=SUM('Raw Data'!T16:Y16),"",_xlfn.REGEXEXTRACT(CELL("address",Z16), "\$([A-Z]+)\$[0-9]+")))} | AG16: {=IF(OR('Raw Data'!AG16="",LEN(TRIM('Raw Data'!AG16))=0,Validate_Empty!AG16<>"",Validate_Value!AG16<>""),"",IF('Raw Data'!AG16=SUM('Raw Data'!AA16:AF16),"",_xlfn.REGEXEXTRACT(CELL("address",AG16), "\$([A-Z]+)\$[0-9]+")))} | AH16: {=IF(OR('Raw Data'!AH16="",LEN(TRIM('Raw Data'!AH16))=0,Validate_Empty!AH16<>"",Validate_Value!AH16<>""),"",IF(Configuration!$G$2 = Configuration!$I$2,"",_xlfn.REGEXEXTRACT(CELL("address",AH16), "\$([A-Z]+)\$[0-9]+")))} | AI16: {=IF(OR('Raw Data'!AI16="",LEN(TRIM('Raw Data'!AI16))=0,Validate_Empty!AI16<>"",Validate_Value!AI16<>""),"",IF(Configuration!$H$2 = Configuration!$J$2,"",_xlfn.REGEXEXTRACT(CELL("address",AI16), "\$([A-Z]+)\$[0-9]+")))} | AP16: {=IF(OR('Raw Data'!AP16="",LEN(TRIM('Raw Data'!AP16))=0,Validate_Empty!AP16<>"",Validate_Value!AP16<>""),"",IF('Raw Data'!AP16=SUM('Raw Data'!AK16:AO16),"",_xlfn.REGEXEXTRACT(CELL("address",AP16), "\$([A-Z]+)\$[0-9]+")))}
J17: {=IF(OR('Raw Data'!J17="",LEN(TRIM('Raw Data'!J17))=0,Validate_Empty!J17<>"",Validate_Value!J17<>""),"",IF('Raw Data'!J17=SUM('Raw Data'!K17:N17),"",_xlfn.REGEXEXTRACT(CELL("address",J17), "\$([A-Z]+)\$[0-9]+")))} | Z17: {=IF(OR('Raw Data'!Z17="",LEN(TRIM('Raw Data'!Z17))=0,Validate_Empty!Z17<>"",Validate_Value!Z17<>""),"",IF('Raw Data'!Z17=SUM('Raw Data'!T17:Y17),"",_xlfn.REGEXEXTRACT(CELL("address",Z17), "\$([A-Z]+)\$[0-9]+")))} | AG17: {=IF(OR('Raw Data'!AG17="",LEN(TRIM('Raw Data'!AG17))=0,Validate_Empty!AG17<>"",Validate_Value!AG17<>""),"",IF('Raw Data'!AG17=SUM('Raw Data'!AA17:AF17),"",_xlfn.REGEXEXTRACT(CELL("address",AG17), "\$([A-Z]+)\$[0-9]+")))} | AH17: {=IF(OR('Raw Data'!AH17="",LEN(TRIM('Raw Data'!AH17))=0,Validate_Empty!AH17<>"",Validate_Value!AH17<>""),"",IF(Configuration!$G$2 = Configuration!$I$2,"",_xlfn.REGEXEXTRACT(CELL("address",AH17), "\$([A-Z]+)\$[0-9]+")))} | AI17: {=IF(OR('Raw Data'!AI17="",LEN(TRIM('Raw Data'!AI17))=0,Validate_Empty!AI17<>"",Validate_Value!AI17<>""),"",IF(Configuration!$H$2 = Configuration!$J$2,"",_xlfn.REGEXEXTRACT(CELL("address",AI17), "\$([A-Z]+)\$[0-9]+")))} | AP17: {=IF(OR('Raw Data'!AP17="",LEN(TRIM('Raw Data'!AP17))=0,Validate_Empty!AP17<>"",Validate_Value!AP17<>""),"",IF('Raw Data'!AP17=SUM('Raw Data'!AK17:AO17),"",_xlfn.REGEXEXTRACT(CELL("address",AP17), "\$([A-Z]+)\$[0-9]+")))}
J18: {=IF(OR('Raw Data'!J18="",LEN(TRIM('Raw Data'!J18))=0,Validate_Empty!J18<>"",Validate_Value!J18<>""),"",IF('Raw Data'!J18=SUM('Raw Data'!K18:N18),"",_xlfn.REGEXEXTRACT(CELL("address",J18), "\$([A-Z]+)\$[0-9]+")))} | Z18: {=IF(OR('Raw Data'!Z18="",LEN(TRIM('Raw Data'!Z18))=0,Validate_Empty!Z18<>"",Validate_Value!Z18<>""),"",IF('Raw Data'!Z18=SUM('Raw Data'!T18:Y18),"",_xlfn.REGEXEXTRACT(CELL("address",Z18), "\$([A-Z]+)\$[0-9]+")))} | AG18: {=IF(OR('Raw Data'!AG18="",LEN(TRIM('Raw Data'!AG18))=0,Validate_Empty!AG18<>"",Validate_Value!AG18<>""),"",IF('Raw Data'!AG18=SUM('Raw Data'!AA18:AF18),"",_xlfn.REGEXEXTRACT(CELL("address",AG18), "\$([A-Z]+)\$[0-9]+")))} | AH18: {=IF(OR('Raw Data'!AH18="",LEN(TRIM('Raw Data'!AH18))=0,Validate_Empty!AH18<>"",Validate_Value!AH18<>""),"",IF(Configuration!$G$2 = Configuration!$I$2,"",_xlfn.REGEXEXTRACT(CELL("address",AH18), "\$([A-Z]+)\$[0-9]+")))} | AI18: {=IF(OR('Raw Data'!AI18="",LEN(TRIM('Raw Data'!AI18))=0,Validate_Empty!AI18<>"",Validate_Value!AI18<>""),"",IF(Configuration!$H$2 = Configuration!$J$2,"",_xlfn.REGEXEXTRACT(CELL("address",AI18), "\$([A-Z]+)\$[0-9]+")))} | AP18: {=IF(OR('Raw Data'!AP18="",LEN(TRIM('Raw Data'!AP18))=0,Validate_Empty!AP18<>"",Validate_Value!AP18<>""),"",IF('Raw Data'!AP18=SUM('Raw Data'!AK18:AO18),"",_xlfn.REGEXEXTRACT(CELL("address",AP18), "\$([A-Z]+)\$[0-9]+")))}
J19: {=IF(OR('Raw Data'!J19="",LEN(TRIM('Raw Data'!J19))=0,Validate_Empty!J19<>"",Validate_Value!J19<>""),"",IF('Raw Data'!J19=SUM('Raw Data'!K19:N19),"",_xlfn.REGEXEXTRACT(CELL("address",J19), "\$([A-Z]+)\$[0-9]+")))} | Z19: {=IF(OR('Raw Data'!Z19="",LEN(TRIM('Raw Data'!Z19))=0,Validate_Empty!Z19<>"",Validate_Value!Z19<>""),"",IF('Raw Data'!Z19=SUM('Raw Data'!T19:Y19),"",_xlfn.REGEXEXTRACT(CELL("address",Z19), "\$([A-Z]+)\$[0-9]+")))} | AG19: {=IF(OR('Raw Data'!AG19="",LEN(TRIM('Raw Data'!AG19))=0,Validate_Empty!AG19<>"",Validate_Value!AG19<>""),"",IF('Raw Data'!AG19=SUM('Raw Data'!AA19:AF19),"",_xlfn.REGEXEXTRACT(CELL("address",AG19), "\$([A-Z]+)\$[0-9]+")))} | AH19: {=IF(OR('Raw Data'!AH19="",LEN(TRIM('Raw Data'!AH19))=0,Validate_Empty!AH19<>"",Validate_Value!AH19<>""),"",IF(Configuration!$G$2 = Configuration!$I$2,"",_xlfn.REGEXEXTRACT(CELL("address",AH19), "\$([A-Z]+)\$[0-9]+")))} | AI19: {=IF(OR('Raw Data'!AI19="",LEN(TRIM('Raw Data'!AI19))=0,Validate_Empty!AI19<>"",Validate_Value!AI19<>""),"",IF(Configuration!$H$2 = Configuration!$J$2,"",_xlfn.REGEXEXTRACT(CELL("address",AI19), "\$([A-Z]+)\$[0-9]+")))} | AP19: {=IF(OR('Raw Data'!AP19="",LEN(TRIM('Raw Data'!AP19))=0,Validate_Empty!AP19<>"",Validate_Value!AP19<>""),"",IF('Raw Data'!AP19=SUM('Raw Data'!AK19:AO19),"",_xlfn.REGEXEXTRACT(CELL("address",AP19), "\$([A-Z]+)\$[0-9]+")))}
J20: {=IF(OR('Raw Data'!J20="",LEN(TRIM('Raw Data'!J20))=0,Validate_Empty!J20<>"",Validate_Value!J20<>""),"",IF('Raw Data'!J20=SUM('Raw Data'!K20:N20),"",_xlfn.REGEXEXTRACT(CELL("address",J20), "\$([A-Z]+)\$[0-9]+")))} | Z20: {=IF(OR('Raw Data'!Z20="",LEN(TRIM('Raw Data'!Z20))=0,Validate_Empty!Z20<>"",Validate_Value!Z20<>""),"",IF('Raw Data'!Z20=SUM('Raw Data'!T20:Y20),"",_xlfn.REGEXEXTRACT(CELL("address",Z20), "\$([A-Z]+)\$[0-9]+")))} | AG20: {=IF(OR('Raw Data'!AG20="",LEN(TRIM('Raw Data'!AG20))=0,Validate_Empty!AG20<>"",Validate_Value!AG20<>""),"",IF('Raw Data'!AG20=SUM('Raw Data'!AA20:AF20),"",_xlfn.REGEXEXTRACT(CELL("address",AG20), "\$([A-Z]+)\$[0-9]+")))} | AH20: {=IF(OR('Raw Data'!AH20="",LEN(TRIM('Raw Data'!AH20))=0,Validate_Empty!AH20<>"",Validate_Value!AH20<>""),"",IF(Configuration!$G$2 = Configuration!$I$2,"",_xlfn.REGEXEXTRACT(CELL("address",AH20), "\$([A-Z]+)\$[0-9]+")))} | AI20: {=IF(OR('Raw Data'!AI20="",LEN(TRIM('Raw Data'!AI20))=0,Validate_Empty!AI20<>"",Validate_Value!AI20<>""),"",IF(Configuration!$H$2 = Configuration!$J$2,"",_xlfn.REGEXEXTRACT(CELL("address",AI20), "\$([A-Z]+)\$[0-9]+")))} | AP20: {=IF(OR('Raw Data'!AP20="",LEN(TRIM('Raw Data'!AP20))=0,Validate_Empty!AP20<>"",Validate_Value!AP20<>""),"",IF('Raw Data'!AP20=SUM('Raw Data'!AK20:AO20),"",_xlfn.REGEXEXTRACT(CELL("address",AP20), "\$([A-Z]+)\$[0-9]+")))}
J21: {=IF(OR('Raw Data'!J21="",LEN(TRIM('Raw Data'!J21))=0,Validate_Empty!J21<>"",Validate_Value!J21<>""),"",IF('Raw Data'!J21=SUM('Raw Data'!K21:N21),"",_xlfn.REGEXEXTRACT(CELL("address",J21), "\$([A-Z]+)\$[0-9]+")))} | Z21: {=IF(OR('Raw Data'!Z21="",LEN(TRIM('Raw Data'!Z21))=0,Validate_Empty!Z21<>"",Validate_Value!Z21<>""),"",IF('Raw Data'!Z21=SUM('Raw Data'!T21:Y21),"",_xlfn.REGEXEXTRACT(CELL("address",Z21), "\$([A-Z]+)\$[0-9]+")))} | AG21: {=IF(OR('Raw Data'!AG21="",LEN(TRIM('Raw Data'!AG21))=0,Validate_Empty!AG21<>"",Validate_Value!AG21<>""),"",IF('Raw Data'!AG21=SUM('Raw Data'!AA21:AF21),"",_xlfn.REGEXEXTRACT(CELL("address",AG21), "\$([A-Z]+)\$[0-9]+")))} | AH21: {=IF(OR('Raw Data'!AH21="",LEN(TRIM('Raw Data'!AH21))=0,Validate_Empty!AH21<>"",Validate_Value!AH21<>""),"",IF(Configuration!$G$2 = Configuration!$I$2,"",_xlfn.REGEXEXTRACT(CELL("address",AH21), "\$([A-Z]+)\$[0-9]+")))} | AI21: {=IF(OR('Raw Data'!AI21="",LEN(TRIM('Raw Data'!AI21))=0,Validate_Empty!AI21<>"",Validate_Value!AI21<>""),"",IF(Configuration!$H$2 = Configuration!$J$2,"",_xlfn.REGEXEXTRACT(CELL("address",AI21), "\$([A-Z]+)\$[0-9]+")))} | AP21: {=IF(OR('Raw Data'!AP21="",LEN(TRIM('Raw Data'!AP21))=0,Validate_Empty!AP21<>"",Validate_Value!AP21<>""),"",IF('Raw Data'!AP21=SUM('Raw Data'!AK21:AO21),"",_xlfn.REGEXEXTRACT(CELL("address",AP21), "\$([A-Z]+)\$[0-9]+")))}
J22: {=IF(OR('Raw Data'!J22="",LEN(TRIM('Raw Data'!J22))=0,Validate_Empty!J22<>"",Validate_Value!J22<>""),"",IF('Raw Data'!J22=SUM('Raw Data'!K22:N22),"",_xlfn.REGEXEXTRACT(CELL("address",J22), "\$([A-Z]+)\$[0-9]+")))} | Z22: {=IF(OR('Raw Data'!Z22="",LEN(TRIM('Raw Data'!Z22))=0,Validate_Empty!Z22<>"",Validate_Value!Z22<>""),"",IF('Raw Data'!Z22=SUM('Raw Data'!T22:Y22),"",_xlfn.REGEXEXTRACT(CELL("address",Z22), "\$([A-Z]+)\$[0-9]+")))} | AG22: {=IF(OR('Raw Data'!AG22="",LEN(TRIM('Raw Data'!AG22))=0,Validate_Empty!AG22<>"",Validate_Value!AG22<>""),"",IF('Raw Data'!AG22=SUM('Raw Data'!AA22:AF22),"",_xlfn.REGEXEXTRACT(CELL("address",AG22), "\$([A-Z]+)\$[0-9]+")))} | AH22: {=IF(OR('Raw Data'!AH22="",LEN(TRIM('Raw Data'!AH22))=0,Validate_Empty!AH22<>"",Validate_Value!AH22<>""),"",IF(Configuration!$G$2 = Configuration!$I$2,"",_xlfn.REGEXEXTRACT(CELL("address",AH22), "\$([A-Z]+)\$[0-9]+")))} | AI22: {=IF(OR('Raw Data'!AI22="",LEN(TRIM('Raw Data'!AI22))=0,Validate_Empty!AI22<>"",Validate_Value!AI22<>""),"",IF(Configuration!$H$2 = Configuration!$J$2,"",_xlfn.REGEXEXTRACT(CELL("address",AI22), "\$([A-Z]+)\$[0-9]+")))} | AP22: {=IF(OR('Raw Data'!AP22="",LEN(TRIM('Raw Data'!AP22))=0,Validate_Empty!AP22<>"",Validate_Value!AP22<>""),"",IF('Raw Data'!AP22=SUM('Raw Data'!AK22:AO22),"",_xlfn.REGEXEXTRACT(CELL("address",AP22), "\$([A-Z]+)\$[0-9]+")))}
... J250: {=IF(OR('Raw Data'!J250="",LEN(TRIM('Raw Data'!J250))=0,Validate_Empty!J250<>"",Validate_Value!J250<>""),"",IF('Raw Data'!J250=SUM('Raw Data'!K250:N250),"",_xlfn.REGEXEXTRACT(CELL("address",J250), "\$([A-Z]+)\$[0-9]+")))} | Z250: {=IF(OR('Raw Data'!Z250="",LEN(TRIM('Raw Data'!Z250))=0,Validate_Empty!Z250<>"",Validate_Value!Z250<>""),"",IF('Raw Data'!Z250=SUM('Raw Data'!T250:Y250),"",_xlfn.REGEXEXTRACT(CELL("address",Z250), "\$([A-Z]+)\$[0-9]+")))} | AG250: {=IF(OR('Raw Data'!AG250="",LEN(TRIM('Raw Data'!AG250))=0,Validate_Empty!AG250<>"",Validate_Value!AG250<>""),"",IF('Raw Data'!AG250=SUM('Raw Data'!AA250:AF250),"",_xlfn.REGEXEXTRACT(CELL("address",AG250), "\$([A-Z]+)\$[0-9]+")))} | AH250: {=IF(OR('Raw Data'!AH250="",LEN(TRIM('Raw Data'!AH250))=0,Validate_Empty!AH250<>"",Validate_Value!AH250<>""),"",IF(Configuration!$G$2 = Configuration!$I$2,"",_xlfn.REGEXEXTRACT(CELL("address",AH250), "\$([A-Z]+)\$[0-9]+")))} | AI250: {=IF(OR('Raw Data'!AI250="",LEN(TRIM('Raw Data'!AI250))=0,Validate_Empty!AI250<>"",Validate_Value!AI250<>""),"",IF(Configuration!$H$2 = Configuration!$J$2,"",_xlfn.REGEXEXTRACT(CELL("address",AI250), "\$([A-Z]+)\$[0-9]+")))} | AP250: {=IF(OR('Raw Data'!AP250="",LEN(TRIM('Raw Data'!AP250))=0,Validate_Empty!AP250<>"",Validate_Value!AP250<>""),"",IF('Raw Data'!AP250=SUM('Raw Data'!AK250:AO250),"",_xlfn.REGEXEXTRACT(CELL("address",AP250), "\$([A-Z]+)\$[0-9]+")))}

Sheet Condition
B10: C1 | C10: C2 | D10: C3 | E10: C4 | F10: C5 | G10: C6 | H10: C7 | I10: C8 | J10: C9 | K10: C10 | L10: C11 | M10: C12 | N10: C13 | O10: C14 | P10: C15 | Q10: C16 | R10: C17 | S10: C18 | T10: C19 | U10: C20 | V10: C21 | W10: C22 | X10: C23 | Y10: C24 | Z10: C25 | AA10: C26 | AB10: C27 | AC10: C28 | AD10: C29 | AE10: C30 | AF10: C31 | AG10: C32 | AH10: C33 | AI10: C34 | AJ10: C35 | AK10: C36 | AL10: C37 | AM10: C38 | AN10: C39 | AO10: C40 | AP10: C41

Sheet Configuration
A1: col_number | B1: range_start | C1: range_stop | D1: project_active_start | E1: project_inactive_end | F1: relate_document | G1: SGA - 01. Project Information | H1: Kikanhi - 01. Project Information | I1: SG&A - 07. Change Order | J1: Kikanhi - 07. Change Order
A2: 2 | B2: B11 | C2: AP? | D2: 45292 | E2: 46388 | F2: 01. Project Information,07. Change Order | G2: 0.03 | H2: 0.02 | I2: 0.03 | J2: 0.02
F3: 1. Prj Information-Edited | G3: F47 | H3: F48 | I3: AH9 | J3: AI9
F4: 7. External Change Order-Edited

Sheet Validate_Type
B1: C1 | C1: C2 | D1: C3 | E1: C4 | F1: C5 | G1: C6 | H1: C7 | I1: C8
B2: {=IF('Raw Data'!B2="",_xlfn.REGEXEXTRACT(CELL("address",'Raw Data'!B2),"\$([A-Z]+)\$[0-9]+"),"")} -> $B$2 | C2: {=IF('Raw Data'!C2="",_xlfn.REGEXEXTRACT(CELL("address",'Raw Data'!C2),"\$([A-Z]+)\$[0-9]+"),"")} -> $C$2 | D2: {=IF('Raw Data'!D2="",_xlfn.REGEXEXTRACT(CELL("address",'Raw Data'!D2),"\$([A-Z]+)\$[0-9]+"),"")} -> $D$2 | E2: {=IF('Raw Data'!E2="",_xlfn.REGEXEXTRACT(CELL("address",'Raw Data'!E2),"\$([A-Z]+)\$[0-9]+"),"")} -> $E$2 | F2: {=IF('Raw Data'!F2="",_xlfn.REGEXEXTRACT(CELL("address",'Raw Data'!F2),"\$([A-Z]+)\$[0-9]+"),"")} -> $F$2 | G2: {=IF('Raw Data'!#REF!="",_xlfn.REGEXEXTRACT(CELL("address",'Raw Data'!#REF!),"\$([A-Z]+)\$[0-9]+"),"")} -> #REF! | H2: {=IF('Raw Data'!G2="",_xlfn.REGEXEXTRACT(CELL("address",'Raw Data'!G2),"\$([A-Z]+)\$[0-9]+"),"")} -> $G$2 | I2: {=IF('Raw Data'!H2="",_xlfn.REGEXEXTRACT(CELL("address",'Raw Data'!H2),"\$([A-Z]+)\$[0-9]+"),"")} -> $H$2
B3: {=IF('Raw Data'!B3="",_xlfn.REGEXEXTRACT(CELL("address",'Raw Data'!B3),"\$([A-Z]+)\$[0-9]+"),"")} -> $B$3 | C3: {=IF('Raw Data'!C3="",_xlfn.REGEXEXTRACT(CELL("address",'Raw Data'!C3),"\$([A-Z]+)\$[0-9]+"),"")} -> $C$3 | D3: {=IF('Raw Data'!D3="",_xlfn.REGEXEXTRACT(CELL("address",'Raw Data'!D3),"\$([A-Z]+)\$[0-9]+"),"")} -> $D$3 | E3: {=IF('Raw Data'!E3="",_xlfn.REGEXEXTRACT(CELL("address",'Raw Data'!E3),"\$([A-Z]+)\$[0-9]+"),"")} -> $E$3 | F3: {=IF('Raw Data'!F3="",_xlfn.REGEXEXTRACT(CELL("address",'Raw Data'!F3),"\$([A-Z]+)\$[0-9]+"),"")} -> $F$3 | G3: {=IF('Raw Data'!#REF!="",_xlfn.REGEXEXTRACT(CELL("address",'Raw Data'!#REF!),"\$([A-Z]+)\$[0-9]+"),"")} -> #REF! | H3: {=IF('Raw Data'!G3="",_xlfn.REGEXEXTRACT(CELL("address",'Raw Data'!G3),"\$([A-Z]+)\$[0-9]+"),"")} -> $G$3 | I3: {=IF('Raw Data'!H3="",_xlfn.REGEXEXTRACT(CELL("address",'Raw Data'!H3),"\$([A-Z]+)\$[0-9]+"),"")} -> $H$3
B4: {=IF('Raw Data'!B4="",_xlfn.REGEXEXTRACT(CELL("address",'Raw Data'!B4),"\$([A-Z]+)\$[0-9]+"),"")} -> $B$4 | C4: {=IF('Raw Data'!C4="",_xlfn.REGEXEXTRACT(CELL("address",'Raw Data'!C4),"\$([A-Z]+)\$[0-9]+"),"")} -> $C$4 | D4: {=IF('Raw Data'!D4="",_xlfn.REGEXEXTRACT(CELL("address",'Raw Data'!D4),"\$([A-Z]+)\$[0-9]+"),"")} -> $D$4 | E4: {=IF('Raw Data'!E4="",_xlfn.REGEXEXTRACT(CELL("address",'Raw Data'!E4),"\$([A-Z]+)\$[0-9]+"),"")} -> $E$4 | F4: {=IF('Raw Data'!F4="",_xlfn.REGEXEXTRACT(CELL("address",'Raw Data'!F4),"\$([A-Z]+)\$[0-9]+"),"")} -> $F$4 | G4: {=IF('Raw Data'!#REF!="",_xlfn.REGEXEXTRACT(CELL("address",'Raw Data'!#REF!),"\$([A-Z]+)\$[0-9]+"),"")} -> #REF! | H4: {=IF('Raw Data'!G4="",_xlfn.REGEXEXTRACT(CELL("address",'Raw Data'!G4),"\$([A-Z]+)\$[0-9]+"),"")} -> $G$4 | I4: {=IF('Raw Data'!H4="",_xlfn.REGEXEXTRACT(CELL("address",'Raw Data'!H4),"\$([A-Z]+)\$[0-9]+"),"")} -> $H$4
B5: {=IF('Raw Data'!B5="",_xlfn.REGEXEXTRACT(CELL("address",'Raw Data'!B5),"\$([A-Z]+)\$[0-9]+"),"")} -> $B$5 | C5: {=IF('Raw Data'!C5="",_xlfn.REGEXEXTRACT(CELL("address",'Raw Data'!C5),"\$([A-Z]+)\$[0-9]+"),"")} -> $C$5 | D5: {=IF('Raw Data'!D5="",_xlfn.REGEXEXTRACT(CELL("address",'Raw Data'!D5),"\$([A-Z]+)\$[0-9]+"),"")} -> $D$5 | E5: {=IF('Raw Data'!E5="",_xlfn.REGEXEXTRACT(CELL("address",'Raw Data'!E5),"\$([A-Z]+)\$[0-9]+"),"")} -> $E$5 | F5: {=IF('Raw Data'!F5="",_xlfn.REGEXEXTRACT(CELL("address",'Raw Data'!F5),"\$([A-Z]+)\$[0-9]+"),"")} -> $F$5 | G5: {=IF('Raw Data'!#REF!="",_xlfn.REGEXEXTRACT(CELL("address",'Raw Data'!#REF!),"\$([A-Z]+)\$[0-9]+"),"")} -> #REF! | H5: {=IF('Raw Data'!G5="",_xlfn.REGEXEXTRACT(CELL("address",'Raw Data'!G5),"\$([A-Z]+)\$[0-9]+"),"")} -> $G$5 | I5: {=IF('Raw Data'!H5="",_xlfn.REGEXEXTRACT(CELL("address",'Raw Data'!H5),"\$([A-Z]+)\$[0-9]+"),"")} -> $H$5
B6: {=IF('Raw Data'!B6="",_xlfn.REGEXEXTRACT(CELL("address",'Raw Data'!B6),"\$([A-Z]+)\$[0-9]+"),"")} -> $B$6 | C6: {=IF('Raw Data'!C6="",_xlfn.REGEXEXTRACT(CELL("address",'Raw Data'!C6),"\$([A-Z]+)\$[0-9]+"),"")} -> $C$6 | D6: {=IF('Raw Data'!D6="",_xlfn.REGEXEXTRACT(CELL("address",'Raw Data'!D6),"\$([A-Z]+)\$[0-9]+"),"")} -> $D$6 | E6: {=IF('Raw Data'!E6="",_xlfn.REGEXEXTRACT(CELL("address",'Raw Data'!E6),"\$([A-Z]+)\$[0-9]+"),"")} -> $E$6 | F6: {=IF('Raw Data'!F6="",_xlfn.REGEXEXTRACT(CELL("address",'Raw Data'!F6),"\$([A-Z]+)\$[0-9]+"),"")} -> $F$6 | G6: {=IF('Raw Data'!#REF!="",_xlfn.REGEXEXTRACT(CELL("address",'Raw Data'!#REF!),"\$([A-Z]+)\$[0-9]+"),"")} -> #REF! | H6: {=IF('Raw Data'!G6="",_xlfn.REGEXEXTRACT(CELL("address",'Raw Data'!G6),"\$([A-Z]+)\$[0-9]+"),"")} -> $G$6 | I6: {=IF('Raw Data'!H6="",_xlfn.REGEXEXTRACT(CELL("address",'Raw Data'!H6),"\$([A-Z]+)\$[0-9]+"),"")} -> $H$6
B7: {=IF('Raw Data'!B8="",_xlfn.REGEXEXTRACT(CELL("address",'Raw Data'!B8),"\$([A-Z]+)\$[0-9]+"),"")} -> $B$8 | C7: {=IF('Raw Data'!C8="",_xlfn.REGEXEXTRACT(CELL("address",'Raw Data'!C8),"\$([A-Z]+)\$[0-9]+"),"")} -> $C$8 | D7: {=IF('Raw Data'!D8="",_xlfn.REGEXEXTRACT(CELL("address",'Raw Data'!D8),"\$([A-Z]+)\$[0-9]+"),"")} -> $D$8 | E7: {=IF('Raw Data'!E8="",_xlfn.REGEXEXTRACT(CELL("address",'Raw Data'!E8),"\$([A-Z]+)\$[0-9]+"),"")} -> $E$8 | F7: {=IF('Raw Data'!F8="",_xlfn.REGEXEXTRACT(CELL("address",'Raw Data'!F8),"\$([A-Z]+)\$[0-9]+"),"")} -> $F$8 | G7: {=IF('Raw Data'!#REF!="",_xlfn.REGEXEXTRACT(CELL("address",'Raw Data'!#REF!),"\$([A-Z]+)\$[0-9]+"),"")} -> #REF! | H7: {=IF('Raw Data'!G8="",_xlfn.REGEXEXTRACT(CELL("address",'Raw Data'!G8),"\$([A-Z]+)\$[0-9]+"),"")} -> $G$8 | I7: {=IF('Raw Data'!H8="",_xlfn.REGEXEXTRACT(CELL("address",'Raw Data'!H8),"\$([A-Z]+)\$[0-9]+"),"")} -> $H$8
B8: {=IF('Raw Data'!B9="",_xlfn.REGEXEXTRACT(CELL("address",'Raw Data'!B9),"\$([A-Z]+)\$[0-9]+"),"")} -> $B$9 | C8: {=IF('Raw Data'!C9="",_xlfn.REGEXEXTRACT(CELL("address",'Raw Data'!C9),"\$([A-Z]+)\$[0-9]+"),"")} -> $C$9 | D8: {=IF('Raw Data'!D9="",_xlfn.REGEXEXTRACT(CELL("address",'Raw Data'!D9),"\$([A-Z]+)\$[0-9]+"),"")} -> $D$9 | E8: {=IF('Raw Data'!E9="",_xlfn.REGEXEXTRACT(CELL("address",'Raw Data'!E9),"\$([A-Z]+)\$[0-9]+"),"")} -> $E$9 | F8: {=IF('Raw Data'!F9="",_xlfn.REGEXEXTRACT(CELL("address",'Raw Data'!F9),"\$([A-Z]+)\$[0-9]+"),"")} -> $F$9 | G8: {=IF('Raw Data'!#REF!="",_xlfn.REGEXEXTRACT(CELL("address",'Raw Data'!#REF!),"\$([A-Z]+)\$[0-9]+"),"")} -> #REF! | H8: {=IF('Raw Data'!G9="",_xlfn.REGEXEXTRACT(CELL("address",'Raw Data'!G9),"\$([A-Z]+)\$[0-9]+"),"")} -> $G$9 | I8: {=IF('Raw Data'!H9="",_xlfn.REGEXEXTRACT(CELL("address",'Raw Data'!H9),"\$([A-Z]+)\$[0-9]+"),"")} -> $H$9
B9: {=IF('Raw Data'!#REF!="",_xlfn.REGEXEXTRACT(CELL("address",'Raw Data'!#REF!),"\$([A-Z]+)\$[0-9]+"),"")} -> #REF! | C9: {=IF('Raw Data'!#REF!="",_xlfn.REGEXEXTRACT(CELL("address",'Raw Data'!#REF!),"\$([A-Z]+)\$[0-9]+"),"")} -> #REF! | D9: {=IF('Raw Data'!#REF!="",_xlfn.REGEXEXTRACT(CELL("address",'Raw Data'!#REF!),"\$([A-Z]+)\$[0-9]+"),"")} -> #REF! | E9: {=IF('Raw Data'!#REF!="",_xlfn.REGEXEXTRACT(CELL("address",'Raw Data'!#REF!),"\$([A-Z]+)\$[0-9]+"),"")} -> #REF! | F9: {=IF('Raw Data'!#REF!="",_xlfn.REGEXEXTRACT(CELL("address",'Raw Data'!#REF!),"\$([A-Z]+)\$[0-9]+"),"")} -> #REF! | G9: {=IF('Raw Data'!#REF!="",_xlfn.REGEXEXTRACT(CELL("address",'Raw Data'!#REF!),"\$([A-Z]+)\$[0-9]+"),"")} -> #REF! | H9: {=IF('Raw Data'!G10="",_xlfn.REGEXEXTRACT(CELL("address",'Raw Data'!G10),"\$([A-Z]+)\$[0-9]+"),"")} | I9: {=IF('Raw Data'!H10="",_xlfn.REGEXEXTRACT(CELL("address",'Raw Data'!H10),"\$([A-Z]+)\$[0-9]+"),"")}
B10: {=IF('Raw Data'!B11="",_xlfn.REGEXEXTRACT(CELL("address",'Raw Data'!B11),"\$([A-Z]+)\$[0-9]+"),"")} -> $B$11 | C10: {=IF('Raw Data'!C11="",_xlfn.REGEXEXTRACT(CELL("address",'Raw Data'!C11),"\$([A-Z]+)\$[0-9]+"),"")} -> $C$11 | D10: {=IF('Raw Data'!D11="",_xlfn.REGEXEXTRACT(CELL("address",'Raw Data'!D11),"\$([A-Z]+)\$[0-9]+"),"")} -> $D$11 | E10: {=IF('Raw Data'!E11="",_xlfn.REGEXEXTRACT(CELL("address",'Raw Data'!E11),"\$([A-Z]+)\$[0-9]+"),"")} -> $E$11 | F10: {=IF('Raw Data'!F11="",_xlfn.REGEXEXTRACT(CELL("address",'Raw Data'!F11),"\$([A-Z]+)\$[0-9]+"),"")} -> $F$11 | G10: {=IF('Raw Data'!#REF!="",_xlfn.REGEXEXTRACT(CELL("address",'Raw Data'!#REF!),"\$([A-Z]+)\$[0-9]+"),"")} -> #REF! | H10: {=IF('Raw Data'!G11="",_xlfn.REGEXEXTRACT(CELL("address",'Raw Data'!G11),"\$([A-Z]+)\$[0-9]+"),"")} -> $G$11 | I10: {=IF('Raw Data'!H11="",_xlfn.REGEXEXTRACT(CELL("address",'Raw Data'!H11),"\$([A-Z]+)\$[0-9]+"),"")} -> $H$11
B11: {=IF('Raw Data'!B12="",_xlfn.REGEXEXTRACT(CELL("address",'Raw Data'!B12),"\$([A-Z]+)\$[0-9]+"),"")} -> $B$12 | C11: {=IF('Raw Data'!C12="",_xlfn.REGEXEXTRACT(CELL("address",'Raw Data'!C12),"\$([A-Z]+)\$[0-9]+"),"")} -> $C$12 | D11: {=IF('Raw Data'!D12="",_xlfn.REGEXEXTRACT(CELL("address",'Raw Data'!D12),"\$([A-Z]+)\$[0-9]+"),"")} -> $D$12 | E11: {=IF('Raw Data'!E12="",_xlfn.REGEXEXTRACT(CELL("address",'Raw Data'!E12),"\$([A-Z]+)\$[0-9]+"),"")} -> $E$12 | F11: {=IF('Raw Data'!F12="",_xlfn.REGEXEXTRACT(CELL("address",'Raw Data'!F12),"\$([A-Z]+)\$[0-9]+"),"")} -> $F$12 | G11: {=IF('Raw Data'!#REF!="",_xlfn.REGEXEXTRACT(CELL("address",'Raw Data'!#REF!),"\$([A-Z]+)\$[0-9]+"),"")} -> #REF! | H11: {=IF('Raw Data'!G12="",_xlfn.REGEXEXTRACT(CELL("address",'Raw Data'!G12),"\$([A-Z]+)\$[0-9]+"),"")} -> $G$12 | I11: {=IF('Raw Data'!H12="",_xlfn.REGEXEXTRACT(CELL("address",'Raw Data'!H12),"\$([A-Z]+)\$[0-9]+"),"")} -> $H$12
B12: {=IF('Raw Data'!B13="",_xlfn.REGEXEXTRACT(CELL("address",'Raw Data'!B13),"\$([A-Z]+)\$[0-9]+"),"")} -> $B$13 | C12: {=IF('Raw Data'!C13="",_xlfn.REGEXEXTRACT(CELL("address",'Raw Data'!C13),"\$([A-Z]+)\$[0-9]+"),"")} -> $C$13 | D12: {=IF('Raw Data'!D13="",_xlfn.REGEXEXTRACT(CELL("address",'Raw Data'!D13),"\$([A-Z]+)\$[0-9]+"),"")} -> $D$13 | E12: {=IF('Raw Data'!E13="",_xlfn.REGEXEXTRACT(CELL("address",'Raw Data'!E13),"\$([A-Z]+)\$[0-9]+"),"")} -> $E$13 | F12: {=IF('Raw Data'!F13="",_xlfn.REGEXEXTRACT(CELL("address",'Raw Data'!F13),"\$([A-Z]+)\$[0-9]+"),"")} -> $F$13 | G12: {=IF('Raw Data'!#REF!="",_xlfn.REGEXEXTRACT(CELL("address",'Raw Data'!#REF!),"\$([A-Z]+)\$[0-9]+"),"")} -> #REF! | H12: {=IF('Raw Data'!G13="",_xlfn.REGEXEXTRACT(CELL("address",'Raw Data'!G13),"\$([A-Z]+)\$[0-9]+"),"")} -> $G$13 | I12: {=IF('Raw Data'!H13="",_xlfn.REGEXEXTRACT(CELL("address",'Raw Data'!H13),"\$([A-Z]+)\$[0-9]+"),"")} -> $H$13
B13: {=IF('Raw Data'!B14="",_xlfn.REGEXEXTRACT(CELL("address",'Raw Data'!B14),"\$([A-Z]+)\$[0-9]+"),"")} -> $B$14 | C13: {=IF('Raw Data'!C14="",_xlfn.REGEXEXTRACT(CELL("address",'Raw Data'!C14),"\$([A-Z]+)\$[0-9]+"),"")} -> $C$14 | D13: {=IF('Raw Data'!D14="",_xlfn.REGEXEXTRACT(CELL("address",'Raw Data'!D14),"\$([A-Z]+)\$[0-9]+"),"")} -> $D$14 | E13: {=IF('Raw Data'!E14="",_xlfn.REGEXEXTRACT(CELL("address",'Raw Data'!E14),"\$([A-Z]+)\$[0-9]+"),"")} -> $E$14 | F13: {=IF('Raw Data'!F14="",_xlfn.REGEXEXTRACT(CELL("address",'Raw Data'!F14),"\$([A-Z]+)\$[0-9]+"),"")} -> $F$14 | G13: {=IF('Raw Data'!#REF!="",_xlfn.REGEXEXTRACT(CELL("address",'Raw Data'!#REF!),"\$([A-Z]+)\$[0-9]+"),"")} -> #REF! | H13: {=IF('Raw Data'!G14="",_xlfn.REGEXEXTRACT(CELL("address",'Raw Data'!G14),"\$([A-Z]+)\$[0-9]+"),"")} -> $G$14 | I13: {=IF('Raw Data'!H14="",_xlfn.REGEXEXTRACT(CELL("address",'Raw Data'!H14),"\$([A-Z]+)\$[0-9]+"),"")} -> $H$14
B14: {=IF('Raw Data'!B15="",_xlfn.REGEXEXTRACT(CELL("address",'Raw Data'!B15),"\$([A-Z]+)\$[0-9]+"),"")} -> $B$15 | C14: {=IF('Raw Data'!C15="",_xlfn.REGEXEXTRACT(CELL("address",'Raw Data'!C15),"\$([A-Z]+)\$[0-9]+"),"")} -> $C$15 | D14: {=IF('Raw Data'!D15="",_xlfn.REGEXEXTRACT(CELL("address",'Raw Data'!D15),"\$([A-Z]+)\$[0-9]+"),"")} -> $D$15 | E14: {=IF('Raw Data'!E15="",_xlfn.REGEXEXTRACT(CELL("address",'Raw Data'!E15),"\$([A-Z]+)\$[0-9]+"),"")} -> $E$15 | F14: {=IF('Raw Data'!F15="",_xlfn.REGEXEXTRACT(CELL("address",'Raw Data'!F15),"\$([A-Z]+)\$[0-9]+"),"")} -> $F$15 | G14: {=IF('Raw Data'!#REF!="",_xlfn.REGEXEXTRACT(CELL("address",'Raw Data'!#REF!),"\$([A-Z]+)\$[0-9]+"),"")} -> #REF! | H14: {=IF('Raw Data'!G15="",_xlfn.REGEXEXTRACT(CELL("address",'Raw Data'!G15),"\$([A-Z]+)\$[0-9]+"),"")} -> $G$15 | I14: {=IF('Raw Data'!H15="",_xlfn.REGEXEXTRACT(CELL("address",'Raw Data'!H15),"\$([A-Z]+)\$[0-9]+"),"")} -> $H$15
B15: {=IF('Raw Data'!B16="",_xlfn.REGEXEXTRACT(CELL("address",'Raw Data'!B16),"\$([A-Z]+)\$[0-9]+"),"")} -> $B$16 | C15: {=IF('Raw Data'!C16="",_xlfn.REGEXEXTRACT(CELL("address",'Raw Data'!C16),"\$([A-Z]+)\$[0-9]+"),"")} -> $C$16 | D15: {=IF('Raw Data'!D16="",_xlfn.REGEXEXTRACT(CELL("address",'Raw Data'!D16),"\$([A-Z]+)\$[0-9]+"),"")} -> $D$16 | E15: {=IF('Raw Data'!E16="",_xlfn.REGEXEXTRACT(CELL("address",'Raw Data'!E16),"\$([A-Z]+)\$[0-9]+"),"")} -> $E$16 | F15: {=IF('Raw Data'!F16="",_xlfn.REGEXEXTRACT(CELL("address",'Raw Data'!F16),"\$([A-Z]+)\$[0-9]+"),"")} -> $F$16 | G15: {=IF('Raw Data'!#REF!="",_xlfn.REGEXEXTRACT(CELL("address",'Raw Data'!#REF!),"\$([A-Z]+)\$[0-9]+"),"")} -> #REF! | H15: {=IF('Raw Data'!G16="",_xlfn.REGEXEXTRACT(CELL("address",'Raw Data'!G16),"\$([A-Z]+)\$[0-9]+"),"")} -> $G$16 | I15: {=IF('Raw Data'!H16="",_xlfn.REGEXEXTRACT(CELL("address",'Raw Data'!H16),"\$([A-Z]+)\$[0-9]+"),"")} -> $H$16
B16: {=IF('Raw Data'!B17="",_xlfn.REGEXEXTRACT(CELL("address",'Raw Data'!B17),"\$([A-Z]+)\$[0-9]+"),"")} -> $B$17 | C16: {=IF('Raw Data'!C17="",_xlfn.REGEXEXTRACT(CELL("address",'Raw Data'!C17),"\$([A-Z]+)\$[0-9]+"),"")} -> $C$17 | D16: {=IF('Raw Data'!D17="",_xlfn.REGEXEXTRACT(CELL("address",'Raw Data'!D17),"\$([A-Z]+)\$[0-9]+"),"")} -> $D$17 | E16: {=IF('Raw Data'!E17="",_xlfn.REGEXEXTRACT(CELL("address",'Raw Data'!E17),"\$([A-Z]+)\$[0-9]+"),"")} -> $E$17 | F16: {=IF('Raw Data'!F17="",_xlfn.REGEXEXTRACT(CELL("address",'Raw Data'!F17),"\$([A-Z]+)\$[0-9]+"),"")} -> $F$17 | G16: {=IF('Raw Data'!#REF!="",_xlfn.REGEXEXTRACT(CELL("address",'Raw Data'!#REF!),"\$([A-Z]+)\$[0-9]+"),"")} -> #REF! | H16: {=IF('Raw Data'!G17="",_xlfn.REGEXEXTRACT(CELL("address",'Raw Data'!G17),"\$([A-Z]+)\$[0-9]+"),"")} -> $G$17 | I16: {=IF('Raw Data'!H17="",_xlfn.REGEXEXTRACT(CELL("address",'Raw Data'!H17),"\$([A-Z]+)\$[0-9]+"),"")} -> $H$17
B17: {=IF('Raw Data'!B18="",_xlfn.REGEXEXTRACT(CELL("address",'Raw Data'!B18),"\$([A-Z]+)\$[0-9]+"),"")} -> $B$18 | C17: {=IF('Raw Data'!C18="",_xlfn.REGEXEXTRACT(CELL("address",'Raw Data'!C18),"\$([A-Z]+)\$[0-9]+"),"")} -> $C$18 | D17: {=IF('Raw Data'!D18="",_xlfn.REGEXEXTRACT(CELL("address",'Raw Data'!D18),"\$([A-Z]+)\$[0-9]+"),"")} -> $D$18 | E17: {=IF('Raw Data'!E18="",_xlfn.REGEXEXTRACT(CELL("address",'Raw Data'!E18),"\$([A-Z]+)\$[0-9]+"),"")} -> $E$18 | F17: {=IF('Raw Data'!F18="",_xlfn.REGEXEXTRACT(CELL("address",'Raw Data'!F18),"\$([A-Z]+)\$[0-9]+"),"")} -> $F$18 | G17: {=IF('Raw Data'!#REF!="",_xlfn.REGEXEXTRACT(CELL("address",'Raw Data'!#REF!),"\$([A-Z]+)\$[0-9]+"),"")} -> #REF! | H17: {=IF('Raw Data'!G18="",_xlfn.REGEXEXTRACT(CELL("address",'Raw Data'!G18),"\$([A-Z]+)\$[0-9]+"),"")} -> $G$18 | I17: {=IF('Raw Data'!H18="",_xlfn.REGEXEXTRACT(CELL("address",'Raw Data'!H18),"\$([A-Z]+)\$[0-9]+"),"")} -> $H$18
B18: {=IF('Raw Data'!B19="",_xlfn.REGEXEXTRACT(CELL("address",'Raw Data'!B19),"\$([A-Z]+)\$[0-9]+"),"")} -> $B$19 | C18: {=IF('Raw Data'!C19="",_xlfn.REGEXEXTRACT(CELL("address",'Raw Data'!C19),"\$([A-Z]+)\$[0-9]+"),"")} -> $C$19 | D18: {=IF('Raw Data'!D19="",_xlfn.REGEXEXTRACT(CELL("address",'Raw Data'!D19),"\$([A-Z]+)\$[0-9]+"),"")} -> $D$19 | E18: {=IF('Raw Data'!E19="",_xlfn.REGEXEXTRACT(CELL("address",'Raw Data'!E19),"\$([A-Z]+)\$[0-9]+"),"")} -> $E$19 | F18: {=IF('Raw Data'!F19="",_xlfn.REGEXEXTRACT(CELL("address",'Raw Data'!F19),"\$([A-Z]+)\$[0-9]+"),"")} -> $F$19 | G18: {=IF('Raw Data'!#REF!="",_xlfn.REGEXEXTRACT(CELL("address",'Raw Data'!#REF!),"\$([A-Z]+)\$[0-9]+"),"")} -> #REF! | H18: {=IF('Raw Data'!G19="",_xlfn.REGEXEXTRACT(CELL("address",'Raw Data'!G19),"\$([A-Z]+)\$[0-9]+"),"")} -> $G$19 | I18: {=IF('Raw Data'!H19="",_xlfn.REGEXEXTRACT(CELL("address",'Raw Data'!H19),"\$([A-Z]+)\$[0-9]+"),"")} -> $H$19
B19: {=IF('Raw Data'!B20="",_xlfn.REGEXEXTRACT(CELL("address",'Raw Data'!B20),"\$([A-Z]+)\$[0-9]+"),"")} -> $B$20 | C19: {=IF('Raw Data'!C20="",_xlfn.REGEXEXTRACT(CELL("address",'Raw Data'!C20),"\$([A-Z]+)\$[0-9]+"),"")} -> $C$20 | D19: {=IF('Raw Data'!D20="",_xlfn.REGEXEXTRACT(CELL("address",'Raw Data'!D20),"\$([A-Z]+)\$[0-9]+"),"")} -> $D$20 | E19: {=IF('Raw Data'!E20="",_xlfn.REGEXEXTRACT(CELL("address",'Raw Data'!E20),"\$([A-Z]+)\$[0-9]+"),"")} -> $E$20 | F19: {=IF('Raw Data'!F20="",_xlfn.REGEXEXTRACT(CELL("address",'Raw Data'!F20),"\$([A-Z]+)\$[0-9]+"),"")} -> $F$20 | G19: {=IF('Raw Data'!#REF!="",_xlfn.REGEXEXTRACT(CELL("address",'Raw Data'!#REF!),"\$([A-Z]+)\$[0-9]+"),"")} -> #REF! | H19: {=IF('Raw Data'!G20="",_xlfn.REGEXEXTRACT(CELL("address",'Raw Data'!G20),"\$([A-Z]+)\$[0-9]+"),"")} -> $G$20 | I19: {=IF('Raw Data'!H20="",_xlfn.REGEXEXTRACT(CELL("address",'Raw Data'!H20),"\$([A-Z]+)\$[0-9]+"),"")} -> $H$20
B20: {=IF('Raw Data'!B21="",_xlfn.REGEXEXTRACT(CELL("address",'Raw Data'!B21),"\$([A-Z]+)\$[0-9]+"),"")} -> $B$21 | C20: {=IF('Raw Data'!C21="",_xlfn.REGEXEXTRACT(CELL("address",'Raw Data'!C21),"\$([A-Z]+)\$[0-9]+"),"")} -> $C$21 | D20: {=IF('Raw Data'!D21="",_xlfn.REGEXEXTRACT(CELL("address",'Raw Data'!D21),"\$([A-Z]+)\$[0-9]+"),"")} -> $D$21 | E20: {=IF('Raw Data'!E21="",_xlfn.REGEXEXTRACT(CELL("address",'Raw Data'!E21),"\$([A-Z]+)\$[0-9]+"),"")} -> $E$21 | F20: {=IF('Raw Data'!F21="",_xlfn.REGEXEXTRACT(CELL("address",'Raw Data'!F21),"\$([A-Z]+)\$[0-9]+"),"")} -> $F$21 | G20: {=IF('Raw Data'!#REF!="",_xlfn.REGEXEXTRACT(CELL("address",'Raw Data'!#REF!),"\$([A-Z]+)\$[0-9]+"),"")} -> #REF! | H20: {=IF('Raw Data'!G21="",_xlfn.REGEXEXTRACT(CELL("address",'Raw Data'!G21),"\$([A-Z]+)\$[0-9]+"),"")} -> $G$21 | I20: {=IF('Raw Data'!H21="",_xlfn.REGEXEXTRACT(CELL("address",'Raw Data'!H21),"\$([A-Z]+)\$[0-9]+"),"")} -> $H$21
B21: {=IF('Raw Data'!B22="",_xlfn.REGEXEXTRACT(CELL("address",'Raw Data'!B22),"\$([A-Z]+)\$[0-9]+"),"")} -> $B$22 | C21: {=IF('Raw Data'!C22="",_xlfn.REGEXEXTRACT(CELL("address",'Raw Data'!C22),"\$([A-Z]+)\$[0-9]+"),"")} -> $C$22 | D21: {=IF('Raw Data'!D22="",_xlfn.REGEXEXTRACT(CELL("address",'Raw Data'!D22),"\$([A-Z]+)\$[0-9]+"),"")} -> $D$22 | E21: {=IF('Raw Data'!E22="",_xlfn.REGEXEXTRACT(CELL("address",'Raw Data'!E22),"\$([A-Z]+)\$[0-9]+"),"")} -> $E$22 | F21: {=IF('Raw Data'!F22="",_xlfn.REGEXEXTRACT(CELL("address",'Raw Data'!F22),"\$([A-Z]+)\$[0-9]+"),"")} -> $F$22 | G21: {=IF('Raw Data'!#REF!="",_xlfn.REGEXEXTRACT(CELL("address",'Raw Data'!#REF!),"\$([A-Z]+)\$[0-9]+"),"")} -> #REF! | H21: {=IF('Raw Data'!G22="",_xlfn.REGEXEXTRACT(CELL("address",'Raw Data'!G22),"\$([A-Z]+)\$[0-9]+"),"")} -> $G$22 | I21: {=IF('Raw Data'!H22="",_xlfn.REGEXEXTRACT(CELL("address",'Raw Data'!H22),"\$([A-Z]+)\$[0-9]+"),"")} -> $H$22
... B300: {=IF('Raw Data'!B301="",_xlfn.REGEXEXTRACT(CELL("address",'Raw Data'!B301),"\$([A-Z]+)\$[0-9]+"),"")} -> $B$301 | C300: {=IF('Raw Data'!C301="",_xlfn.REGEXEXTRACT(CELL("address",'Raw Data'!C301),"\$([A-Z]+)\$[0-9]+"),"")} -> $C$301 | D300: {=IF('Raw Data'!D301="",_xlfn.REGEXEXTRACT(CELL("address",'Raw Data'!D301),"\$([A-Z]+)\$[0-9]+"),"")} -> $D$301 | E300: {=IF('Raw Data'!E301="",_xlfn.REGEXEXTRACT(CELL("address",'Raw Data'!E301),"\$([A-Z]+)\$[0-9]+"),"")} -> $E$301 | F300: {=IF('Raw Data'!F301="",_xlfn.REGEXEXTRACT(CELL("address",'Raw Data'!F301),"\$([A-Z]+)\$[0-9]+"),"")} -> $F$301 | G300: {=IF('Raw Data'!#REF!="",_xlfn.REGEXEXTRACT(CELL("address",'Raw Data'!#REF!),"\$([A-Z]+)\$[0-9]+"),"")} -> #REF! | H300: {=IF('Raw Data'!G301="",_xlfn.REGEXEXTRACT(CELL("address",'Raw Data'!G301),"\$([A-Z]+)\$[0-9]+"),"")} -> $G$301 | I300: {=IF('Raw Data'!H301="",_xlfn.REGEXEXTRACT(CELL("address",'Raw Data'!H301),"\$([A-Z]+)\$[0-9]+"),"")} -> $H$301
