Workbook

Sheet Raw Data
B11: C1 | C11: C2 | D11: C3 | E11: C4 | F11: C5 | G11: C6 | H11: C7 | I11: C8 | J11: C9 | K11: C10 | L11: C11 | M11: C12 | N11: C13 | O11: C14 | P11: C15 | Q11: C16 | R11: C17 | S11: C18 | T11: C19 | U11: C20 | V11: C21 | W11: C22 | X11: C23
B12: Main Contract | C12: Payment for Advance | D12: N/A | M12: 0 | T12: 0 | U12: THB | V12: 35.7 | W12: 0
B13: Main Contract | C13: Payment No.01 | D13: Kick off Meeting (KOM) and Submission of APPROVED PROJECT Execution plan and Organization Chart. | E13: 45595 | F13: 45597 | G13: 10142810 | M13: 0 | T13: 0 | U13: THB | W13: 0
B14: Main Contract | C14: Payment No.02 | D14: Procurement of Bulk Material. ** Note | E14: 45656 | F14: 45658 | G14: 10142810 | M14: 0 | T14: 0 | U14: THB | W14: 0
B15: Main Contract | C15: Payment No.03 | D15: Completion of Civil Work ** Note | E15: 45658 | F15: 45689 | G15: 11157091 | M15: 0 | T15: 0 | U15: THB | W15: 0
B16: Main Contract | C16: Payment No.04 | D16: Construction & Mechanical Completion. ** Note | E16: 45716 | F16: 45717 | G16: 1014281 | M16: 0 | T16: 0 | U16: THB | W16: 0
B17: Main Contract | C17: Payment No.05 | D17: Procurement of Bulk Material. ** Note Construction & Mechanical Completion. ** Note | E17: 45747 | F17: 45748 | G17: 4057124 | M17: 0 | T17: 0 | U17: THB | W17: 0
B18: Main Contract | C18: Payment No.06 | D18: Construction & Mechanical Completion. ** Note | E18: 45777 | F18: 45778 | G18: 32710562 | M18: 0 | T18: 0 | U18: THB | W18: 0
B19: Main Contract | C19: Payment No.07 | D19: Construction & Mechanical Completion ** Note | E19: 45807 | F19: 45809 | G19: 8874958.8 | M19: 0 | T19: 0 | U19: THB | W19: 0
B20: Main Contract | C20: Payment No.08 | D20: Construction & Mechanical Completion ** Note | E20: 45838 | F20: 45839 | G20: 3042843 | M20: 0 | T20: 0 | U20: THB | W20: 0
B21: Main Contract | C21: Payment No.09 | D21: Commissioning Work, Testing and PLANT Startup | E21: 45961 | F21: 45962 | G21: 15214215 | M21: 0 | T21: 0 | U21: THB | W21: 0
B22: Main Contract | C22: Payment No.10 | D22: Final payment Milestone | E22: 46022 | F22: 46023 | G22: 5071405 | M22: 0 | T22: 0 | U22: THB | W22: 0
B23: Main Contract | C23: Payment No.11 | M23: 0 | T23: 0 | U23: THB | W23: 0
B24: Main Contract | C24: Payment No.12 | M24: 0 | T24: 0 | U24: THB | W24: 0
B25: Main Contract | C25: Payment No.13 | M25: 0 | T25: 0 | U25: THB | W25: 0
B26: Main Contract | C26: Payment No.14 | M26: 0 | T26: 0 | U26: THB | W26: 0
B27: Main Contract | C27: Payment No.15 | M27: 0 | T27: 0 | U27: THB | W27: 0
B28: Main Contract | C28: Payment No.16 | M28: 0 | T28: 0 | U28: THB | W28: 0
B29: Main Contract | C29: Payment No.17 | M29: 0 | T29: 0 | U29: THB | W29: 0
B30: Main Contract | C30: Payment No.18 | M30: 0 | T30: 0 | U30: THB | W30: 0
B31: Main Contract | C31: Payment No.19 | M31: 0 | T31: 0 | U31: THB | W31: 0
B32: Main Contract | C32: Payment No.20 | M32: 0 | T32: 0 | U32: THB | W32: 0
B33: Main Contract | C33: Payment No.21 | M33: 0 | T33: 0 | U33: THB | W33: 0
B34: Main Contract | C34: Payment No.22 | M34: 0 | T34: 0 | U34: THB | W34: 0
... B39: Change Order | C39: CO Payment No.03 | M39: 0 | T39: 0 | U39: THB | W39: 0
B40: Change Order | C40: CO Payment No.04 | M40: 0 | T40: 0
B41: Change Order | C41: CO Payment No.05 | M41: 0 | T41: 0

Sheet Validate_Empty
B10: FALSE | C10: FALSE | D10: FALSE | E10: FALSE | F10: FALSE | G10: FALSE | H10: FALSE | I10: FALSE | J10: FALSE | K10: FALSE | L10: FALSE | M10: FALSE | N10: FALSE | O10: FALSE | P10: FALSE | Q10: FALSE | R10: FALSE | S10: FALSE | T10: FALSE | U10: FALSE | V10: FALSE | W10: FALSE | X10: FALSE
B11: C1 | C11: C2 | D11: C3 | E11: C4 | F11: C5 | G11: C6 | H11: C7 | I11: C8 | J11: C9 | K11: C10 | L11: C11 | M11: C12 | N11: C13 | O11: C14 | P11: C15 | Q11: C16 | R11: C17 | S11: C18 | T11: C19 | U11: C20 | V11: C21 | W11: C22 | X11: C23

Sheet Validate_Value
B10: NVARCHAR(50) | C10: NVARCHAR(50) | D10: NVARCHAR(255) | E10: DATE | F10: NVARCHAR(20) | G10: DECIMAL(13,2) | H10: DECIMAL(13,2) | I10: NVARCHAR(50) | J10: DATE | K10: DECIMAL(13,2) | L10: DECIMAL(13,2) | M10: DECIMAL(13,2) | N10: DECIMAL(13,2) | O10: DECIMAL(13,2) | P10: DATE | Q10: DATE | R10: DECIMAL(13,2) | S10: DECIMAL(13,2) | T10: DECIMAL(13,2) | U10: NVARCHAR(5) | V10: DECIMAL(13,2) | W10: DECIMAL(13,2) | X10: NVARCHAR(MAX)
B11: C1 | C11: C2 | D11: C3 | E11: C4 | F11: C5 | G11: C6 | H11: C7 | I11: C8 | J11: C9 | K11: C10 | L11: C11 | M11: C12 | N11: C13 | O11: C14 | P11: C15 | Q11: C16 | R11: C17 | S11: C18 | T11: C19 | U11: C20 | V11: C21 | W11: C22 | X11: C23
B12: {=IFERROR(IF(OR('Raw Data'!B12="",LEN(TRIM('Raw Data'!B12))=0),"",IF(AND(LEN('Raw Data'!B12) <= 50,LEN('Raw Data'!B12)> 0),"",_xlfn.REGEXEXTRACT(CELL("address",'Raw Data'!B12),"\$([A-Z]+)\$[0-9]+"))),_xlfn.REGEXEXTRACT(CELL("address",'Raw Data'!B12),"\$([A-Z]+)\$[0-9]+"))} | C12: {=IFERROR(IF(OR('Raw Data'!C12="",LEN(TRIM('Raw Data'!C12))=0),"",IF(AND(LEN('Raw Data'!C12) <= 50,LEN('Raw Data'!C12)> 0),"",_xlfn.REGEXEXTRACT(CELL("address",'Raw Data'!C12),"\$([A-Z]+)\$[0-9]+"))),_xlfn.REGEXEXTRACT(CELL("address",'Raw Data'!C12),"\$([A-Z]+)\$[0-9]+"))} | D12: {=IFERROR(IF(OR('Raw Data'!D12="",LEN(TRIM('Raw Data'!D12))=0),"",IF(AND(LEN('Raw Data'!D12) <= 255,LEN('Raw Data'!D12)> 0),"",_xlfn.REGEXEXTRACT(CELL("address",'Raw Data'!D12),"\$([A-Z]+)\$[0-9]+"))),_xlfn.REGEXEXTRACT(CELL("address",'Raw Data'!D12),"\$([A-Z]+)\$[0-9]+"))} | E12: {=IFERROR(IF(OR('Raw Data'!E12="",LEN(TRIM('Raw Data'!E12))=0),"",IF(AND(ISNUMBER('Raw Data'!E12),'Raw Data'!E12>=Configuration!$D$2),"",_xlfn.REGEXEXTRACT(CELL("address",'Raw Data'!E12),"\$([A-Z]+)\$[0-9]+"))),_xlfn.REGEXEXTRACT(CELL("address",E12), "\$([A-Z]+)\$[0-9]+"))} | F12: {=IFERROR(IF(OR('Raw Data'!F12="",LEN(TRIM('Raw Data'!F12))=0),"",IF(AND(LEN('Raw Data'!F12) <= 20,LEN('Raw Data'!F12)> 0),"",_xlfn.REGEXEXTRACT(CELL("address",'Raw Data'!F12),"\$([A-Z]+)\$[0-9]+"))),_xlfn.REGEXEXTRACT(CELL("address",'Raw Data'!F12),"\$([A-Z]+)\$[0-9]+"))} | G12: {=IFERROR(IF(OR('Raw Data'!G12="",LEN(TRIM('Raw Data'!G12))=0),"",IF(AND(ISNUMBER('Raw Data'!G12), IFERROR('Raw Data'!G12 = ROUND('Raw Data'!G12, 2),FALSE)),"",_xlfn.REGEXEXTRACT(CELL("address",G12), "\$([A-Z]+)\$[0-9]+"))),_xlfn.REGEXEXTRACT(CELL("address",G12), "\$([A-Z]+)\$[0-9]+"))} | H12: {=IFERROR(IF(OR('Raw Data'!H12="",LEN(TRIM('Raw Data'!H12))=0),"",IF(AND(ISNUMBER('Raw Data'!H12), IFERROR('Raw Data'!H12 = ROUND('Raw Data'!H12, 2),FALSE)),"",_xlfn.REGEXEXTRACT(CELL("address",H12), "\$([A-Z]+)\$[0-9]+"))),_xlfn.REGEXEXTRACT(CELL("address",H12), "\$([A-Z]+)\$[0-9]+"))} | I12: {=IFERROR(IF(OR('Raw Data'!I12="",LEN(TRIM('Raw Data'!I12))=0),"",IF(AND(LEN('Raw Data'!I12) <= 50,LEN('Raw Data'!I12)> 0),"",_xlfn.REGEXEXTRACT(CELL("address",'Raw Data'!I12),"\$([A-Z]+)\$[0-9]+"))),_xlfn.REGEXEXTRACT(CELL("address",'Raw Data'!I12),"\$([A-Z]+)\$[0-9]+"))} | J12: {=IFERROR(IF(OR('Raw Data'!J12="",LEN(TRIM('Raw Data'!J12))=0),"",IF(AND(ISNUMBER('Raw Data'!J12),'Raw Data'!J12>=Configuration!$D$2),"",_xlfn.REGEXEXTRACT(CELL("address",'Raw Data'!J12),"\$([A-Z]+)\$[0-9]+"))),_xlfn.REGEXEXTRACT(CELL("address",J12), "\$([A-Z]+)\$[0-9]+"))} | K12: {=IFERROR(IF(OR('Raw Data'!K12="",LEN(TRIM('Raw Data'!K12))=0),"",IF(AND(ISNUMBER('Raw Data'!K12), IFERROR('Raw Data'!K12 = ROUND('Raw Data'!K12, 2),FALSE)),"",_xlfn.REGEXEXTRACT(CELL("address",K12), "\$([A-Z]+)\$[0-9]+"))),_xlfn.REGEXEXTRACT(CELL("address",K12), "\$([A-Z]+)\$[0-9]+"))} | L12: {=IFERROR(IF(OR('Raw Data'!L12="",LEN(TRIM('Raw Data'!L12))=0),"",IF(AND(ISNUMBER('Raw Data'!L12), IFERROR('Raw Data'!L12 = ROUND('Raw Data'!L12, 2),FALSE)),"",_xlfn.REGEXEXTRACT(CELL("address",L12), "\$([A-Z]+)\$[0-9]+"))),_xlfn.REGEXEXTRACT(CELL("address",L12), "\$([A-Z]+)\$[0-9]+"))} | M12: {=IFERROR(IF(OR('Raw Data'!M12="",LEN(TRIM('Raw Data'!M12))=0),"",IF(AND(ISNUMBER('Raw Data'!M12), IFERROR('Raw Data'!M12 = ROUND('Raw Data'!M12, 2),FALSE)),"",_xlfn.REGEXEXTRACT(CELL("address",M12), "\$([A-Z]+)\$[0-9]+"))),_xlfn.REGEXEXTRACT(CELL("address",M12), "\$([A-Z]+)\$[0-9]+"))} | N12: {=IFERROR(IF(OR('Raw Data'!N12="",LEN(TRIM('Raw Data'!N12))=0),"",IF(AND(ISNUMBER('Raw Data'!N12), IFERROR('Raw Data'!N12 = ROUND('Raw Data'!N12, 2),FALSE)),"",_xlfn.REGEXEXTRACT(CELL("address",N12), "\$([A-Z]+)\$[0-9]+"))),_xlfn.REGEXEXTRACT(CELL("address",N12), "\$([A-Z]+)\$[0-9]+"))} | O12: {=IFERROR(IF(OR('Raw Data'!O12="",LEN(TRIM('Raw Data'!O12))=0),"",IF(AND(ISNUMBER('Raw Data'!O12), IFERROR('Raw Data'!O12 = ROUND('Raw Data'!O12, 2),FALSE)),"",_xlfn.REGEXEXTRACT(CELL("address",O12), "\$([A-Z]+)\$[0-9]+"))),_xlfn.REGEXEXTRACT(CELL("address",O12), "\$([A-Z]+)\$[0-9]+"))} | P12: {=IFERROR(IF(OR('Raw Data'!P12="",LEN(TRIM('Raw Data'!P12))=0),"",IF(AND(ISNUMBER('Raw Data'!P12),'Raw Data'!P12>=Configuration!$D$2),"",_xlfn.REGEXEXTRACT(CELL("address",'Raw Data'!P12),"\$([A-Z]+)\$[0-9]+"))),_xlfn.REGEXEXTRACT(CELL("address",P12), "\$([A-Z]+)\$[0-9]+"))} | Q12: {=IFERROR(IF(OR('Raw Data'!Q12="",LEN(TRIM('Raw Data'!Q12))=0),"",IF(AND(ISNUMBER('Raw Data'!Q12),'Raw Data'!Q12>=Configuration!$D$2),"",_xlfn.REGEXEXTRACT(CELL("address",'Raw Data'!Q12),"\$([A-Z]+)\$[0-9]+"))),_xlfn.REGEXEXTRACT(CELL("address",Q12), "\$([A-Z]+)\$[0-9]+"))} | R12: {=IFERROR(IF(OR('Raw Data'!R12="",LEN(TRIM('Raw Data'!R12))=0),"",IF(AND(ISNUMBER('Raw Data'!R12), IFERROR('Raw Data'!R12 = ROUND('Raw Data'!R12, 2),FALSE)),"",_xlfn.REGEXEXTRACT(CELL("address",R12), "\$([A-Z]+)\$[0-9]+"))),_xlfn.REGEXEXTRACT(CELL("address",R12), "\$([A-Z]+)\$[0-9]+"))} | S12: {=IFERROR(IF(OR('Raw Data'!S12="",LEN(TRIM('Raw Data'!S12))=0),"",IF(AND(ISNUMBER('Raw Data'!S12), IFERROR('Raw Data'!S12 = ROUND('Raw Data'!S12, 2),FALSE)),"",_xlfn.REGEXEXTRACT(CELL("address",S12), "\$([A-Z]+)\$[0-9]+"))),_xlfn.REGEXEXTRACT(CELL("address",S12), "\$([A-Z]+)\$[0-9]+"))} | T12: {=IFERROR(IF(OR('Raw Data'!T12="",LEN(TRIM('Raw Data'!T12))=0),"",IF(AND(ISNUMBER('Raw Data'!T12), IFERROR('Raw Data'!T12 = ROUND('Raw Data'!T12, 2),FALSE)),"",_xlfn.REGEXEXTRACT(CELL("address",T12), "\$([A-Z]+)\$[0-9]+"))),_xlfn.REGEXEXTRACT(CELL("address",T12), "\$([A-Z]+)\$[0-9]+"))} | U12: {=IFERROR(IF(OR('Raw Data'!U12="",LEN(TRIM('Raw Data'!U12))=0),"",IF(AND(LEN('Raw Data'!U12) <= 5,LEN('Raw Data'!U12)> 0),"",_xlfn.REGEXEXTRACT(CELL("address",'Raw Data'!U12),"\$([A-Z]+)\$[0-9]+"))),_xlfn.REGEXEXTRACT(CELL("address",'Raw Data'!U12),"\$([A-Z]+)\$[0-9]+"))} | V12: {=IFERROR(IF(OR('Raw Data'!V12="",LEN(TRIM('Raw Data'!V12))=0),"",IF(AND(ISNUMBER('Raw Data'!V12), IFERROR('Raw Data'!V12 = ROUND('Raw Data'!V12, 2),FALSE)),"",_xlfn.REGEXEXTRACT(CELL("address",V12), "\$([A-Z]+)\$[0-9]+"))),_xlfn.REGEXEXTRACT(CELL("address",V12), "\$([A-Z]+)\$[0-9]+"))} | W12: {=IFERROR(IF(OR('Raw Data'!W12="",LEN(TRIM('Raw Data'!W12))=0),"",IF(AND(ISNUMBER('Raw Data'!W12), IFERROR('Raw Data'!W12 = ROUND('Raw Data'!W12, 2),FALSE)),"",_xlfn.REGEXEXTRACT(CELL("address",W12), "\$([A-Z]+)\$[0-9]+"))),_xlfn.REGEXEXTRACT(CELL("address",W12), "\$([A-Z]+)\$[0-9]+"))} | X12: {=IFERROR(IF(OR('Raw Data'!X12="",LEN(TRIM('Raw Data'!X12))=0),"",IF(AND(LEN('Raw Data'!X12)> 0),"",_xlfn.REGEXEXTRACT(CELL("address",'Raw Data'!X12),"\$([A-Z]+)\$[0-9]+"))),_xlfn.REGEXEXTRACT(CELL("address",'Raw Data'!X12),"\$([A-Z]+)\$[0-9]+"))}
B13: {=IFERROR(IF(OR('Raw Data'!B13="",LEN(TRIM('Raw Data'!B13))=0),"",IF(AND(LEN('Raw Data'!B13) <= 50,LEN('Raw Data'!B13)> 0),"",_xlfn.REGEXEXTRACT(CELL("address",'Raw Data'!B13),"\$([A-Z]+)\$[0-9]+"))),_xlfn.REGEXEXTRACT(CELL("address",'Raw Data'!B13),"\$([A-Z]+)\$[0-9]+"))} | C13: {=IFERROR(IF(OR('Raw Data'!C13="",LEN(TRIM('Raw Data'!C13))=0),"",IF(AND(LEN('Raw Data'!C13) <= 50,LEN('Raw Data'!C13)> 0),"",_xlfn.REGEXEXTRACT(CELL("address",'Raw Data'!C13),"\$([A-Z]+)\$[0-9]+"))),_xlfn.REGEXEXTRACT(CELL("address",'Raw Data'!C13),"\$([A-Z]+)\$[0-9]+"))} | D13: {=IFERROR(IF(OR('Raw Data'!D13="",LEN(TRIM('Raw Data'!D13))=0),"",IF(AND(LEN('Raw Data'!D13) <= 255,LEN('Raw Data'!D13)> 0),"",_xlfn.REGEXEXTRACT(CELL("address",'Raw Data'!D13),"\$([A-Z]+)\$[0-9]+"))),_xlfn.REGEXEXTRACT(CELL("address",'Raw Data'!D13),"\$([A-Z]+)\$[0-9]+"))} | E13: {=IFERROR(IF(OR('Raw Data'!E13="",LEN(TRIM('Raw Data'!E13))=0),"",IF(AND(ISNUMBER('Raw Data'!E13),'Raw Data'!E13>=Configuration!$D$2),"",_xlfn.REGEXEXTRACT(CELL("address",'Raw Data'!E13),"\$([A-Z]+)\$[0-9]+"))),_xlfn.REGEXEXTRACT(CELL("address",E13), "\$([A-Z]+)\$[0-9]+"))} | F13: {=IFERROR(IF(OR('Raw Data'!F13="",LEN(TRIM('Raw Data'!F13))=0),"",IF(AND(LEN('Raw Data'!F13) <= 20,LEN('Raw Data'!F13)> 0),"",_xlfn.REGEXEXTRACT(CELL("address",'Raw Data'!F13),"\$([A-Z]+)\$[0-9]+"))),_xlfn.REGEXEXTRACT(CELL("address",'Raw Data'!F13),"\$([A-Z]+)\$[0-9]+"))} | G13: {=IFERROR(IF(OR('Raw Data'!G13="",LEN(TRIM('Raw Data'!G13))=0),"",IF(AND(ISNUMBER('Raw Data'!G13), IFERROR('Raw Data'!G13 = ROUND('Raw Data'!G13, 2),FALSE)),"",_xlfn.REGEXEXTRACT(CELL("address",G13), "\$([A-Z]+)\$[0-9]+"))),_xlfn.REGEXEXTRACT(CELL("address",G13), "\$([A-Z]+)\$[0-9]+"))} | H13: {=IFERROR(IF(OR('Raw Data'!H13="",LEN(TRIM('Raw Data'!H13))=0),"",IF(AND(ISNUMBER('Raw Data'!H13), IFERROR('Raw Data'!H13 = ROUND('Raw Data'!H13, 2),FALSE)),"",_xlfn.REGEXEXTRACT(CELL("address",H13), "\$([A-Z]+)\$[0-9]+"))),_xlfn.REGEXEXTRACT(CELL("address",H13), "\$([A-Z]+)\$[0-9]+"))} | I13: {=IFERROR(IF(OR('Raw Data'!I13="",LEN(TRIM('Raw Data'!I13))=0),"",IF(AND(LEN('Raw Data'!I13) <= 50,LEN('Raw Data'!I13)> 0),"",_xlfn.REGEXEXTRACT(CELL("address",'Raw Data'!I13),"\$([A-Z]+)\$[0-9]+"))),_xlfn.REGEXEXTRACT(CELL("address",'Raw Data'!I13),"\$([A-Z]+)\$[0-9]+"))} | J13: {=IFERROR(IF(OR('Raw Data'!J13="",LEN(TRIM('Raw Data'!J13))=0),"",IF(AND(ISNUMBER('Raw Data'!J13),'Raw Data'!J13>=Configuration!$D$2),"",_xlfn.REGEXEXTRACT(CELL("address",'Raw Data'!J13),"\$([A-Z]+)\$[0-9]+"))),_xlfn.REGEXEXTRACT(CELL("address",J13), "\$([A-Z]+)\$[0-9]+"))} | K13: {=IFERROR(IF(OR('Raw Data'!K13="",LEN(TRIM('Raw Data'!K13))=0),"",IF(AND(ISNUMBER('Raw Data'!K13), IFERROR('Raw Data'!K13 = ROUND('Raw Data'!K13, 2),FALSE)),"",_xlfn.REGEXEXTRACT(CELL("address",K13), "\$([A-Z]+)\$[0-9]+"))),_xlfn.REGEXEXTRACT(CELL("address",K13), "\$([A-Z]+)\$[0-9]+"))} | L13: {=IFERROR(IF(OR('Raw Data'!L13="",LEN(TRIM('Raw Data'!L13))=0),"",IF(AND(ISNUMBER('Raw Data'!L13), IFERROR('Raw Data'!L13 = ROUND('Raw Data'!L13, 2),FALSE)),"",_xlfn.REGEXEXTRACT(CELL("address",L13), "\$([A-Z]+)\$[0-9]+"))),_xlfn.REGEXEXTRACT(CELL("address",L13), "\$([A-Z]+)\$[0-9]+"))} | M13: {=IFERROR(IF(OR('Raw Data'!M13="",LEN(TRIM('Raw Data'!M13))=0),"",IF(AND(ISNUMBER('Raw Data'!M13), IFERROR('Raw Data'!M13 = ROUND('Raw Data'!M13, 2),FALSE)),"",_xlfn.REGEXEXTRACT(CELL("address",M13), "\$([A-Z]+)\$[0-9]+"))),_xlfn.REGEXEXTRACT(CELL("address",M13), "\$([A-Z]+)\$[0-9]+"))} | N13: {=IFERROR(IF(OR('Raw Data'!N13="",LEN(TRIM('Raw Data'!N13))=0),"",IF(AND(ISNUMBER('Raw Data'!N13), IFERROR('Raw Data'!N13 = ROUND('Raw Data'!N13, 2),FALSE)),"",_xlfn.REGEXEXTRACT(CELL("address",N13), "\$([A-Z]+)\$[0-9]+"))),_xlfn.REGEXEXTRACT(CELL("address",N13), "\$([A-Z]+)\$[0-9]+"))} | O13: {=IFERROR(IF(OR('Raw Data'!O13="",LEN(TRIM('Raw Data'!O13))=0),"",IF(AND(ISNUMBER('Raw Data'!O13), IFERROR('Raw Data'!O13 = ROUND('Raw Data'!O13, 2),FALSE)),"",_xlfn.REGEXEXTRACT(CELL("address",O13), "\$([A-Z]+)\$[0-9]+"))),_xlfn.REGEXEXTRACT(CELL("address",O13), "\$([A-Z]+)\$[0-9]+"))} | P13: {=IFERROR(IF(OR('Raw Data'!P13="",LEN(TRIM('Raw Data'!P13))=0),"",IF(AND(ISNUMBER('Raw Data'!P13),'Raw Data'!P13>=Configuration!$D$2),"",_xlfn.REGEXEXTRACT(CELL("address",'Raw Data'!P13),"\$([A-Z]+)\$[0-9]+"))),_xlfn.REGEXEXTRACT(CELL("address",P13), "\$([A-Z]+)\$[0-9]+"))} | Q13: {=IFERROR(IF(OR('Raw Data'!Q13="",LEN(TRIM('Raw Data'!Q13))=0),"",IF(AND(ISNUMBER('Raw Data'!Q13),'Raw Data'!Q13>=Configuration!$D$2),"",_xlfn.REGEXEXTRACT(CELL("address",'Raw Data'!Q13),"\$([A-Z]+)\$[0-9]+"))),_xlfn.REGEXEXTRACT(CELL("address",Q13), "\$([A-Z]+)\$[0-9]+"))} | R13: {=IFERROR(IF(OR('Raw Data'!R13="",LEN(TRIM('Raw Data'!R13))=0),"",IF(AND(ISNUMBER('Raw Data'!R13), IFERROR('Raw Data'!R13 = ROUND('Raw Data'!R13, 2),FALSE)),"",_xlfn.REGEXEXTRACT(CELL("address",R13), "\$([A-Z]+)\$[0-9]+"))),_xlfn.REGEXEXTRACT(CELL("address",R13), "\$([A-Z]+)\$[0-9]+"))} | S13: {=IFERROR(IF(OR('Raw Data'!S13="",LEN(TRIM('Raw Data'!S13))=0),"",IF(AND(ISNUMBER('Raw Data'!S13), IFERROR('Raw Data'!S13 = ROUND('Raw Data'!S13, 2),FALSE)),"",_xlfn.REGEXEXTRACT(CELL("address",S13), "\$([A-Z]+)\$[0-9]+"))),_xlfn.REGEXEXTRACT(CELL("address",S13), "\$([A-Z]+)\$[0-9]+"))} | T13: {=IFERROR(IF(OR('Raw Data'!T13="",LEN(TRIM('Raw Data'!T13))=0),"",IF(AND(ISNUMBER('Raw Data'!T13), IFERROR('Raw Data'!T13 = ROUND('Raw Data'!T13, 2),FALSE)),"",_xlfn.REGEXEXTRACT(CELL("address",T13), "\$([A-Z]+)\$[0-9]+"))),_xlfn.REGEXEXTRACT(CELL("address",T13), "\$([A-Z]+)\$[0-9]+"))} | U13: {=IFERROR(IF(OR('Raw Data'!U13="",LEN(TRIM('Raw Data'!U13))=0),"",IF(AND(LEN('Raw Data'!U13) <= 5,LEN('Raw Data'!U13)> 0),"",_xlfn.REGEXEXTRACT(CELL("address",'Raw Data'!U13),"\$([A-Z]+)\$[0-9]+"))),_xlfn.REGEXEXTRACT(CELL("address",'Raw Data'!U13),"\$([A-Z]+)\$[0-9]+"))} | V13: {=IFERROR(IF(OR('Raw Data'!V13="",LEN(TRIM('Raw Data'!V13))=0),"",IF(AND(ISNUMBER('Raw Data'!V13), IFERROR('Raw Data'!V13 = ROUND('Raw Data'!V13, 2),FALSE)),"",_xlfn.REGEXEXTRACT(CELL("address",V13), "\$([A-Z]+)\$[0-9]+"))),_xlfn.REGEXEXTRACT(CELL("address",V13), "\$([A-Z]+)\$[0-9]+"))} | W13: {=IFERROR(IF(OR('Raw Data'!W13="",LEN(TRIM('Raw Data'!W13))=0),"",IF(AND(ISNUMBER('Raw Data'!W13), IFERROR('Raw Data'!W13 = ROUND('Raw Data'!W13, 2),FALSE)),"",_xlfn.REGEXEXTRACT(CELL("address",W13), "\$([A-Z]+)\$[0-9]+"))),_xlfn.REGEXEXTRACT(CELL("address",W13), "\$([A-Z]+)\$[0-9]+"))} | X13: {=IFERROR(IF(OR('Raw Data'!X13="",LEN(TRIM('Raw Data'!X13))=0),"",IF(AND(ISNUMBER('Raw Data'!X13), IFERROR('Raw Data'!X13 = ROUND('Raw Data'!X13, 2),FALSE)),"",_xlfn.REGEXEXTRACT(CELL("address",X13), "\$([A-Z]+)\$[0-9]+"))),_xlfn.REGEXEXTRACT(CELL("address",X13), "\$([A-Z]+)\$[0-9]+"))}
B14: {=IFERROR(IF(OR('Raw Data'!B14="",LEN(TRIM('Raw Data'!B14))=0),"",IF(AND(LEN('Raw Data'!B14) <= 50,LEN('Raw Data'!B14)> 0),"",_xlfn.REGEXEXTRACT(CELL("address",'Raw Data'!B14),"\$([A-Z]+)\$[0-9]+"))),_xlfn.REGEXEXTRACT(CELL("address",'Raw Data'!B14),"\$([A-Z]+)\$[0-9]+"))} | C14: {=IFERROR(IF(OR('Raw Data'!C14="",LEN(TRIM('Raw Data'!C14))=0),"",IF(AND(LEN('Raw Data'!C14) <= 50,LEN('Raw Data'!C14)> 0),"",_xlfn.REGEXEXTRACT(CELL("address",'Raw Data'!C14),"\$([A-Z]+)\$[0-9]+"))),_xlfn.REGEXEXTRACT(CELL("address",'Raw Data'!C14),"\$([A-Z]+)\$[0-9]+"))} | D14: {=IFERROR(IF(OR('Raw Data'!D14="",LEN(TRIM('Raw Data'!D14))=0),"",IF(AND(LEN('Raw Data'!D14) <= 255,LEN('Raw Data'!D14)> 0),"",_xlfn.REGEXEXTRACT(CELL("address",'Raw Data'!D14),"\$([A-Z]+)\$[0-9]+"))),_xlfn.REGEXEXTRACT(CELL("address",'Raw Data'!D14),"\$([A-Z]+)\$[0-9]+"))} | E14: {=IFERROR(IF(OR('Raw Data'!E14="",LEN(TRIM('Raw Data'!E14))=0),"",IF(AND(ISNUMBER('Raw Data'!E14),'Raw Data'!E14>=Configuration!$D$2),"",_xlfn.REGEXEXTRACT(CELL("address",'Raw Data'!E14),"\$([A-Z]+)\$[0-9]+"))),_xlfn.REGEXEXTRACT(CELL("address",E14), "\$([A-Z]+)\$[0-9]+"))} | F14: {=IFERROR(IF(OR('Raw Data'!F14="",LEN(TRIM('Raw Data'!F14))=0),"",IF(AND(LEN('Raw Data'!F14) <= 20,LEN('Raw Data'!F14)> 0),"",_xlfn.REGEXEXTRACT(CELL("address",'Raw Data'!F14),"\$([A-Z]+)\$[0-9]+"))),_xlfn.REGEXEXTRACT(CELL("address",'Raw Data'!F14),"\$([A-Z]+)\$[0-9]+"))} | G14: {=IFERROR(IF(OR('Raw Data'!G14="",LEN(TRIM('Raw Data'!G14))=0),"",IF(AND(ISNUMBER('Raw Data'!G14), IFERROR('Raw Data'!G14 = ROUND('Raw Data'!G14, 2),FALSE)),"",_xlfn.REGEXEXTRACT(CELL("address",G14), "\$([A-Z]+)\$[0-9]+"))),_xlfn.REGEXEXTRACT(CELL("address",G14), "\$([A-Z]+)\$[0-9]+"))} | H14: {=IFERROR(IF(OR('Raw Data'!H14="",LEN(TRIM('Raw Data'!H14))=0),"",IF(AND(ISNUMBER('Raw Data'!H14), IFERROR('Raw Data'!H14 = ROUND('Raw Data'!H14, 2),FALSE)),"",_xlfn.REGEXEXTRACT(CELL("address",H14), "\$([A-Z]+)\$[0-9]+"))),_xlfn.REGEXEXTRACT(CELL("address",H14), "\$([A-Z]+)\$[0-9]+"))} | I14: {=IFERROR(IF(OR('Raw Data'!I14="",LEN(TRIM('Raw Data'!I14))=0),"",IF(AND(LEN('Raw Data'!I14) <= 50,LEN('Raw Data'!I14)> 0),"",_xlfn.REGEXEXTRACT(CELL("address",'Raw Data'!I14),"\$([A-Z]+)\$[0-9]+"))),_xlfn.REGEXEXTRACT(CELL("address",'Raw Data'!I14),"\$([A-Z]+)\$[0-9]+"))} | J14: {=IFERROR(IF(OR('Raw Data'!J14="",LEN(TRIM('Raw Data'!J14))=0),"",IF(AND(ISNUMBER('Raw Data'!J14),'Raw Data'!J14>=Configuration!$D$2),"",_xlfn.REGEXEXTRACT(CELL("address",'Raw Data'!J14),"\$([A-Z]+)\$[0-9]+"))),_xlfn.REGEXEXTRACT(CELL("address",J14), "\$([A-Z]+)\$[0-9]+"))} | K14: {=IFERROR(IF(OR('Raw Data'!K14="",LEN(TRIM('Raw Data'!K14))=0),"",IF(AND(ISNUMBER('Raw Data'!K14), IFERROR('Raw Data'!K14 = ROUND('Raw Data'!K14, 2),FALSE)),"",_xlfn.REGEXEXTRACT(CELL("address",K14), "\$([A-Z]+)\$[0-9]+"))),_xlfn.REGEXEXTRACT(CELL("address",K14), "\$([A-Z]+)\$[0-9]+"))} | L14: {=IFERROR(IF(OR('Raw Data'!L14="",LEN(TRIM('Raw Data'!L14))=0),"",IF(AND(ISNUMBER('Raw Data'!L14), IFERROR('Raw Data'!L14 = ROUND('Raw Data'!L14, 2),FALSE)),"",_xlfn.REGEXEXTRACT(CELL("address",L14), "\$([A-Z]+)\$[0-9]+"))),_xlfn.REGEXEXTRACT(CELL("address",L14), "\$([A-Z]+)\$[0-9]+"))} | M14: {=IFERROR(IF(OR('Raw Data'!M14="",LEN(TRIM('Raw Data'!M14))=0),"",IF(AND(ISNUMBER('Raw Data'!M14), IFERROR('Raw Data'!M14 = ROUND('Raw Data'!M14, 2),FALSE)),"",_xlfn.REGEXEXTRACT(CELL("address",M14), "\$([A-Z]+)\$[0-9]+"))),_xlfn.REGEXEXTRACT(CELL("address",M14), "\$([A-Z]+)\$[0-9]+"))} | N14: {=IFERROR(IF(OR('Raw Data'!N14="",LEN(TRIM('Raw Data'!N14))=0),"",IF(AND(ISNUMBER('Raw Data'!N14), IFERROR('Raw Data'!N14 = ROUND('Raw Data'!N14, 2),FALSE)),"",_xlfn.REGEXEXTRACT(CELL("address",N14), "\$([A-Z]+)\$[0-9]+"))),_xlfn.REGEXEXTRACT(CELL("address",N14), "\$([A-Z]+)\$[0-9]+"))} | O14: {=IFERROR(IF(OR('Raw Data'!O14="",LEN(TRIM('Raw Data'!O14))=0),"",IF(AND(ISNUMBER('Raw Data'!O14), IFERROR('Raw Data'!O14 = ROUND('Raw Data'!O14, 2),FALSE)),"",_xlfn.REGEXEXTRACT(CELL("address",O14), "\$([A-Z]+)\$[0-9]+"))),_xlfn.REGEXEXTRACT(CELL("address",O14), "\$([A-Z]+)\$[0-9]+"))} | P14: {=IFERROR(IF(OR('Raw Data'!P14="",LEN(TRIM('Raw Data'!P14))=0),"",IF(AND(ISNUMBER('Raw Data'!P14),'Raw Data'!P14>=Configuration!$D$2),"",_xlfn.REGEXEXTRACT(CELL("address",'Raw Data'!P14),"\$([A-Z]+)\$[0-9]+"))),_xlfn.REGEXEXTRACT(CELL("address",P14), "\$([A-Z]+)\$[0-9]+"))} | Q14: {=IFERROR(IF(OR('Raw Data'!Q14="",LEN(TRIM('Raw Data'!Q14))=0),"",IF(AND(ISNUMBER('Raw Data'!Q14),'Raw Data'!Q14>=Configuration!$D$2),"",_xlfn.REGEXEXTRACT(CELL("address",'Raw Data'!Q14),"\$([A-Z]+)\$[0-9]+"))),_xlfn.REGEXEXTRACT(CELL("address",Q14), "\$([A-Z]+)\$[0-9]+"))} | R14: {=IFERROR(IF(OR('Raw Data'!R14="",LEN(TRIM('Raw Data'!R14))=0),"",IF(AND(ISNUMBER('Raw Data'!R14), IFERROR('Raw Data'!R14 = ROUND('Raw Data'!R14, 2),FALSE)),"",_xlfn.REGEXEXTRACT(CELL("address",R14), "\$([A-Z]+)\$[0-9]+"))),_xlfn.REGEXEXTRACT(CELL("address",R14), "\$([A-Z]+)\$[0-9]+"))} | S14: {=IFERROR(IF(OR('Raw Data'!S14="",LEN(TRIM('Raw Data'!S14))=0),"",IF(AND(ISNUMBER('Raw Data'!S14), IFERROR('Raw Data'!S14 = ROUND('Raw Data'!S14, 2),FALSE)),"",_xlfn.REGEXEXTRACT(CELL("address",S14), "\$([A-Z]+)\$[0-9]+"))),_xlfn.REGEXEXTRACT(CELL("address",S14), "\$([A-Z]+)\$[0-9]+"))} | T14: {=IFERROR(IF(OR('Raw Data'!T14="",LEN(TRIM('Raw Data'!T14))=0),"",IF(AND(ISNUMBER('Raw Data'!T14), IFERROR('Raw Data'!T14 = ROUND('Raw Data'!T14, 2),FALSE)),"",_xlfn.REGEXEXTRACT(CELL("address",T14), "\$([A-Z]+)\$[0-9]+"))),_xlfn.REGEXEXTRACT(CELL("address",T14), "\$([A-Z]+)\$[0-9]+"))} | U14: {=IFERROR(IF(OR('Raw Data'!U14="",LEN(TRIM('Raw Data'!U14))=0),"",IF(AND(LEN('Raw Data'!U14) <= 5,LEN('Raw Data'!U14)> 0),"",_xlfn.REGEXEXTRACT(CELL("address",'Raw Data'!U14),"\$([A-Z]+)\$[0-9]+"))),_xlfn.REGEXEXTRACT(CELL("address",'Raw Data'!U14),"\$([A-Z]+)\$[0-9]+"))} | V14: {=IFERROR(IF(OR('Raw Data'!V14="",LEN(TRIM('Raw Data'!V14))=0),"",IF(AND(ISNUMBER('Raw Data'!V14), IFERROR('Raw Data'!V14 = ROUND('Raw Data'!V14, 2),FALSE)),"",_xlfn.REGEXEXTRACT(CELL("address",V14), "\$([A-Z]+)\$[0-9]+"))),_xlfn.REGEXEXTRACT(CELL("address",V14), "\$([A-Z]+)\$[0-9]+"))} | W14: {=IFERROR(IF(OR('Raw Data'!W14="",LEN(TRIM('Raw Data'!W14))=0),"",IF(AND(ISNUMBER('Raw Data'!W14), IFERROR('Raw Data'!W14 = ROUND('Raw Data'!W14, 2),FALSE)),"",_xlfn.REGEXEXTRACT(CELL("address",W14), "\$([A-Z]+)\$[0-9]+"))),_xlfn.REGEXEXTRACT(CELL("address",W14), "\$([A-Z]+)\$[0-9]+"))} | X14: {=IFERROR(IF(OR('Raw Data'!X14="",LEN(TRIM('Raw Data'!X14))=0),"",IF(AND(ISNUMBER('Raw Data'!X14), IFERROR('Raw Data'!X14 = ROUND('Raw Data'!X14, 2),FALSE)),"",_xlfn.REGEXEXTRACT(CELL("address",X14), "\$([A-Z]+)\$[0-9]+"))),_xlfn.REGEXEXTRACT(CELL("address",X14), "\$([A-Z]+)\$[0-9]+"))}
B15: {=IFERROR(IF(OR('Raw Data'!B15="",LEN(TRIM('Raw Data'!B15))=0),"",IF(AND(LEN('Raw Data'!B15) <= 50,LEN('Raw Data'!B15)> 0),"",_xlfn.REGEXEXTRACT(CELL("address",'Raw Data'!B15),"\$([A-Z]+)\$[0-9]+"))),_xlfn.REGEXEXTRACT(CELL("address",'Raw Data'!B15),"\$([A-Z]+)\$[0-9]+"))} | C15: {=IFERROR(IF(OR('Raw Data'!C15="",LEN(TRIM('Raw Data'!C15))=0),"",IF(AND(LEN('Raw Data'!C15) <= 50,LEN('Raw Data'!C15)> 0),"",_xlfn.REGEXEXTRACT(CELL("address",'Raw Data'!C15),"\$([A-Z]+)\$[0-9]+"))),_xlfn.REGEXEXTRACT(CELL("address",'Raw Data'!C15),"\$([A-Z]+)\$[0-9]+"))} | D15: {=IFERROR(IF(OR('Raw Data'!D15="",LEN(TRIM('Raw Data'!D15))=0),"",IF(AND(LEN('Raw Data'!D15) <= 255,LEN('Raw Data'!D15)> 0),"",_xlfn.REGEXEXTRACT(CELL("address",'Raw Data'!D15),"\$([A-Z]+)\$[0-9]+"))),_xlfn.REGEXEXTRACT(CELL("address",'Raw Data'!D15),"\$([A-Z]+)\$[0-9]+"))} | E15: {=IFERROR(IF(OR('Raw Data'!E15="",LEN(TRIM('Raw Data'!E15))=0),"",IF(AND(ISNUMBER('Raw Data'!E15),'Raw Data'!E15>=Configuration!$D$2),"",_xlfn.REGEXEXTRACT(CELL("address",'Raw Data'!E15),"\$([A-Z]+)\$[0-9]+"))),_xlfn.REGEXEXTRACT(CELL("address",E15), "\$([A-Z]+)\$[0-9]+"))} | F15: {=IFERROR(IF(OR('Raw Data'!F15="",LEN(TRIM('Raw Data'!F15))=0),"",IF(AND(LEN('Raw Data'!F15) <= 20,LEN('Raw Data'!F15)> 0),"",_xlfn.REGEXEXTRACT(CELL("address",'Raw Data'!F15),"\$([A-Z]+)\$[0-9]+"))),_xlfn.REGEXEXTRACT(CELL("address",'Raw Data'!F15),"\$([A-Z]+)\$[0-9]+"))} | G15: {=IFERROR(IF(OR('Raw Data'!G15="",LEN(TRIM('Raw Data'!G15))=0),"",IF(AND(ISNUMBER('Raw Data'!G15), IFERROR('Raw Data'!G15 = ROUND('Raw Data'!G15, 2),FALSE)),"",_xlfn.REGEXEXTRACT(CELL("address",G15), "\$([A-Z]+)\$[0-9]+"))),_xlfn.REGEXEXTRACT(CELL("address",G15), "\$([A-Z]+)\$[0-9]+"))} | H15: {=IFERROR(IF(OR('Raw Data'!H15="",LEN(TRIM('Raw Data'!H15))=0),"",IF(AND(ISNUMBER('Raw Data'!H15), IFERROR('Raw Data'!H15 = ROUND('Raw Data'!H15, 2),FALSE)),"",_xlfn.REGEXEXTRACT(CELL("address",H15), "\$([A-Z]+)\$[0-9]+"))),_xlfn.REGEXEXTRACT(CELL("address",H15), "\$([A-Z]+)\$[0-9]+"))} | I15: {=IFERROR(IF(OR('Raw Data'!I15="",LEN(TRIM('Raw Data'!I15))=0),"",IF(AND(LEN('Raw Data'!I15) <= 50,LEN('Raw Data'!I15)> 0),"",_xlfn.REGEXEXTRACT(CELL("address",'Raw Data'!I15),"\$([A-Z]+)\$[0-9]+"))),_xlfn.REGEXEXTRACT(CELL("address",'Raw Data'!I15),"\$([A-Z]+)\$[0-9]+"))} | J15: {=IFERROR(IF(OR('Raw Data'!J15="",LEN(TRIM('Raw Data'!J15))=0),"",IF(AND(ISNUMBER('Raw Data'!J15),'Raw Data'!J15>=Configuration!$D$2),"",_xlfn.REGEXEXTRACT(CELL("address",'Raw Data'!J15),"\$([A-Z]+)\$[0-9]+"))),_xlfn.REGEXEXTRACT(CELL("address",J15), "\$([A-Z]+)\$[0-9]+"))} | K15: {=IFERROR(IF(OR('Raw Data'!K15="",LEN(TRIM('Raw Data'!K15))=0),"",IF(AND(ISNUMBER('Raw Data'!K15), IFERROR('Raw Data'!K15 = ROUND('Raw Data'!K15, 2),FALSE)),"",_xlfn.REGEXEXTRACT(CELL("address",K15), "\$([A-Z]+)\$[0-9]+"))),_xlfn.REGEXEXTRACT(CELL("address",K15), "\$([A-Z]+)\$[0-9]+"))} | L15: {=IFERROR(IF(OR('Raw Data'!L15="",LEN(TRIM('Raw Data'!L15))=0),"",IF(AND(ISNUMBER('Raw Data'!L15), IFERROR('Raw Data'!L15 = ROUND('Raw Data'!L15, 2),FALSE)),"",_xlfn.REGEXEXTRACT(CELL("address",L15), "\$([A-Z]+)\$[0-9]+"))),_xlfn.REGEXEXTRACT(CELL("address",L15), "\$([A-Z]+)\$[0-9]+"))} | M15: {=IFERROR(IF(OR('Raw Data'!M15="",LEN(TRIM('Raw Data'!M15))=0),"",IF(AND(ISNUMBER('Raw Data'!M15), IFERROR('Raw Data'!M15 = ROUND('Raw Data'!M15, 2),FALSE)),"",_xlfn.REGEXEXTRACT(CELL("address",M15), "\$([A-Z]+)\$[0-9]+"))),_xlfn.REGEXEXTRACT(CELL("address",M15), "\$([A-Z]+)\$[0-9]+"))} | N15: {=IFERROR(IF(OR('Raw Data'!N15="",LEN(TRIM('Raw Data'!N15))=0),"",IF(AND(ISNUMBER('Raw Data'!N15), IFERROR('Raw Data'!N15 = ROUND('Raw Data'!N15, 2),FALSE)),"",_xlfn.REGEXEXTRACT(CELL("address",N15), "\$([A-Z]+)\$[0-9]+"))),_xlfn.REGEXEXTRACT(CELL("address",N15), "\$([A-Z]+)\$[0-9]+"))} | O15: {=IFERROR(IF(OR('Raw Data'!O15="",LEN(TRIM('Raw Data'!O15))=0),"",IF(AND(ISNUMBER('Raw Data'!O15), IFERROR('Raw Data'!O15 = ROUND('Raw Data'!O15, 2),FALSE)),"",_xlfn.REGEXEXTRACT(CELL("address",O15), "\$([A-Z]+)\$[0-9]+"))),_xlfn.REGEXEXTRACT(CELL("address",O15), "\$([A-Z]+)\$[0-9]+"))} | P15: {=IFERROR(IF(OR('Raw Data'!P15="",LEN(TRIM('Raw Data'!P15))=0),"",IF(AND(ISNUMBER('Raw Data'!P15),'Raw Data'!P15>=Configuration!$D$2),"",_xlfn.REGEXEXTRACT(CELL("address",'Raw Data'!P15),"\$([A-Z]+)\$[0-9]+"))),_xlfn.REGEXEXTRACT(CELL("address",P15), "\$([A-Z]+)\$[0-9]+"))} | Q15: {=IFERROR(IF(OR('Raw Data'!Q15="",LEN(TRIM('Raw Data'!Q15))=0),"",IF(AND(ISNUMBER('Raw Data'!Q15),'Raw Data'!Q15>=Configuration!$D$2),"",_xlfn.REGEXEXTRACT(CELL("address",'Raw Data'!Q15),"\$([A-Z]+)\$[0-9]+"))),_xlfn.REGEXEXTRACT(CELL("address",Q15), "\$([A-Z]+)\$[0-9]+"))} | R15: {=IFERROR(IF(OR('Raw Data'!R15="",LEN(TRIM('Raw Data'!R15))=0),"",IF(AND(ISNUMBER('Raw Data'!R15), IFERROR('Raw Data'!R15 = ROUND('Raw Data'!R15, 2),FALSE)),"",_xlfn.REGEXEXTRACT(CELL("address",R15), "\$([A-Z]+)\$[0-9]+"))),_xlfn.REGEXEXTRACT(CELL("address",R15), "\$([A-Z]+)\$[0-9]+"))} | S15: {=IFERROR(IF(OR('Raw Data'!S15="",LEN(TRIM('Raw Data'!S15))=0),"",IF(AND(ISNUMBER('Raw Data'!S15), IFERROR('Raw Data'!S15 = ROUND('Raw Data'!S15, 2),FALSE)),"",_xlfn.REGEXEXTRACT(CELL("address",S15), "\$([A-Z]+)\$[0-9]+"))),_xlfn.REGEXEXTRACT(CELL("address",S15), "\$([A-Z]+)\$[0-9]+"))} | T15: {=IFERROR(IF(OR('Raw Data'!T15="",LEN(TRIM('Raw Data'!T15))=0),"",IF(AND(ISNUMBER('Raw Data'!T15), IFERROR('Raw Data'!T15 = ROUND('Raw Data'!T15, 2),FALSE)),"",_xlfn.REGEXEXTRACT(CELL("address",T15), "\$([A-Z]+)\$[0-9]+"))),_xlfn.REGEXEXTRACT(CELL("address",T15), "\$([A-Z]+)\$[0-9]+"))} | U15: {=IFERROR(IF(OR('Raw Data'!U15="",LEN(TRIM('Raw Data'!U15))=0),"",IF(AND(LEN('Raw Data'!U15) <= 5,LEN('Raw Data'!U15)> 0),"",_xlfn.REGEXEXTRACT(CELL("address",'Raw Data'!U15),"\$([A-Z]+)\$[0-9]+"))),_xlfn.REGEXEXTRACT(CELL("address",'Raw Data'!U15),"\$([A-Z]+)\$[0-9]+"))} | V15: {=IFERROR(IF(OR('Raw Data'!V15="",LEN(TRIM('Raw Data'!V15))=0),"",IF(AND(ISNUMBER('Raw Data'!V15), IFERROR('Raw Data'!V15 = ROUND('Raw Data'!V15, 2),FALSE)),"",_xlfn.REGEXEXTRACT(CELL("address",V15), "\$([A-Z]+)\$[0-9]+"))),_xlfn.REGEXEXTRACT(CELL("address",V15), "\$([A-Z]+)\$[0-9]+"))} | W15: {=IFERROR(IF(OR('Raw Data'!W15="",LEN(TRIM('Raw Data'!W15))=0),"",IF(AND(ISNUMBER('Raw Data'!W15), IFERROR('Raw Data'!W15 = ROUND('Raw Data'!W15, 2),FALSE)),"",_xlfn.REGEXEXTRACT(CELL("address",W15), "\$([A-Z]+)\$[0-9]+"))),_xlfn.REGEXEXTRACT(CELL("address",W15), "\$([A-Z]+)\$[0-9]+"))} | X15: {=IFERROR(IF(OR('Raw Data'!X15="",LEN(TRIM('Raw Data'!X15))=0),"",IF(AND(ISNUMBER('Raw Data'!X15), IFERROR('Raw Data'!X15 = ROUND('Raw Data'!X15, 2),FALSE)),"",_xlfn.REGEXEXTRACT(CELL("address",X15), "\$([A-Z]+)\$[0-9]+"))),_xlfn.REGEXEXTRACT(CELL("address",X15), "\$([A-Z]+)\$[0-9]+"))}
B16: {=IFERROR(IF(OR('Raw Data'!B16="",LEN(TRIM('Raw Data'!B16))=0),"",IF(AND(LEN('Raw Data'!B16) <= 50,LEN('Raw Data'!B16)> 0),"",_xlfn.REGEXEXTRACT(CELL("address",'Raw Data'!B16),"\$([A-Z]+)\$[0-9]+"))),_xlfn.REGEXEXTRACT(CELL("address",'Raw Data'!B16),"\$([A-Z]+)\$[0-9]+"))} | C16: {=IFERROR(IF(OR('Raw Data'!C16="",LEN(TRIM('Raw Data'!C16))=0),"",IF(AND(LEN('Raw Data'!C16) <= 50,LEN('Raw Data'!C16)> 0),"",_xlfn.REGEXEXTRACT(CELL("address",'Raw Data'!C16),"\$([A-Z]+)\$[0-9]+"))),_xlfn.REGEXEXTRACT(CELL("address",'Raw Data'!C16),"\$([A-Z]+)\$[0-9]+"))} | D16: {=IFERROR(IF(OR('Raw Data'!D16="",LEN(TRIM('Raw Data'!D16))=0),"",IF(AND(LEN('Raw Data'!D16) <= 255,LEN('Raw Data'!D16)> 0),"",_xlfn.REGEXEXTRACT(CELL("address",'Raw Data'!D16),"\$([A-Z]+)\$[0-9]+"))),_xlfn.REGEXEXTRACT(CELL("address",'Raw Data'!D16),"\$([A-Z]+)\$[0-9]+"))} | E16: {=IFERROR(IF(OR('Raw Data'!E16="",LEN(TRIM('Raw Data'!E16))=0),"",IF(AND(ISNUMBER('Raw Data'!E16),'Raw Data'!E16>=Configuration!$D$2),"",_xlfn.REGEXEXTRACT(CELL("address",'Raw Data'!E16),"\$([A-Z]+)\$[0-9]+"))),_xlfn.REGEXEXTRACT(CELL("address",E16), "\$([A-Z]+)\$[0-9]+"))} | F16: {=IFERROR(IF(OR('Raw Data'!F16="",LEN(TRIM('Raw Data'!F16))=0),"",IF(AND(LEN('Raw Data'!F16) <= 20,LEN('Raw Data'!F16)> 0),"",_xlfn.REGEXEXTRACT(CELL("address",'Raw Data'!F16),"\$([A-Z]+)\$[0-9]+"))),_xlfn.REGEXEXTRACT(CELL("address",'Raw Data'!F16),"\$([A-Z]+)\$[0-9]+"))} | G16: {=IFERROR(IF(OR('Raw Data'!G16="",LEN(TRIM('Raw Data'!G16))=0),"",IF(AND(ISNUMBER('Raw Data'!G16), IFERROR('Raw Data'!G16 = ROUND('Raw Data'!G16, 2),FALSE)),"",_xlfn.REGEXEXTRACT(CELL("address",G16), "\$([A-Z]+)\$[0-9]+"))),_xlfn.REGEXEXTRACT(CELL("address",G16), "\$([A-Z]+)\$[0-9]+"))} | H16: {=IFERROR(IF(OR('Raw Data'!H16="",LEN(TRIM('Raw Data'!H16))=0),"",IF(AND(ISNUMBER('Raw Data'!H16), IFERROR('Raw Data'!H16 = ROUND('Raw Data'!H16, 2),FALSE)),"",_xlfn.REGEXEXTRACT(CELL("address",H16), "\$([A-Z]+)\$[0-9]+"))),_xlfn.REGEXEXTRACT(CELL("address",H16), "\$([A-Z]+)\$[0-9]+"))} | I16: {=IFERROR(IF(OR('Raw Data'!I16="",LEN(TRIM('Raw Data'!I16))=0),"",IF(AND(LEN('Raw Data'!I16) <= 50,LEN('Raw Data'!I16)> 0),"",_xlfn.REGEXEXTRACT(CELL("address",'Raw Data'!I16),"\$([A-Z]+)\$[0-9]+"))),_xlfn.REGEXEXTRACT(CELL("address",'Raw Data'!I16),"\$([A-Z]+)\$[0-9]+"))} | J16: {=IFERROR(IF(OR('Raw Data'!J16="",LEN(TRIM('Raw Data'!J16))=0),"",IF(AND(ISNUMBER('Raw Data'!J16),'Raw Data'!J16>=Configuration!$D$2),"",_xlfn.REGEXEXTRACT(CELL("address",'Raw Data'!J16),"\$([A-Z]+)\$[0-9]+"))),_xlfn.REGEXEXTRACT(CELL("address",J16), "\$([A-Z]+)\$[0-9]+"))} | K16: {=IFERROR(IF(OR('Raw Data'!K16="",LEN(TRIM('Raw Data'!K16))=0),"",IF(AND(ISNUMBER('Raw Data'!K16), IFERROR('Raw Data'!K16 = ROUND('Raw Data'!K16, 2),FALSE)),"",_xlfn.REGEXEXTRACT(CELL("address",K16), "\$([A-Z]+)\$[0-9]+"))),_xlfn.REGEXEXTRACT(CELL("address",K16), "\$([A-Z]+)\$[0-9]+"))} | L16: {=IFERROR(IF(OR('Raw Data'!L16="",LEN(TRIM('Raw Data'!L16))=0),"",IF(AND(ISNUMBER('Raw Data'!L16), IFERROR('Raw Data'!L16 = ROUND('Raw Data'!L16, 2),FALSE)),"",_xlfn.REGEXEXTRACT(CELL("address",L16), "\$([A-Z]+)\$[0-9]+"))),_xlfn.REGEXEXTRACT(CELL("address",L16), "\$([A-Z]+)\$[0-9]+"))} | M16: {=IFERROR(IF(OR('Raw Data'!M16="",LEN(TRIM('Raw Data'!M16))=0),"",IF(AND(ISNUMBER('Raw Data'!M16), IFERROR('Raw Data'!M16 = ROUND('Raw Data'!M16, 2),FALSE)),"",_xlfn.REGEXEXTRACT(CELL("address",M16), "\$([A-Z]+)\$[0-9]+"))),_xlfn.REGEXEXTRACT(CELL("address",M16), "\$([A-Z]+)\$[0-9]+"))} | N16: {=IFERROR(IF(OR('Raw Data'!N16="",LEN(TRIM('Raw Data'!N16))=0),"",IF(AND(ISNUMBER('Raw Data'!N16), IFERROR('Raw Data'!N16 = ROUND('Raw Data'!N16, 2),FALSE)),"",_xlfn.REGEXEXTRACT(CELL("address",N16), "\$([A-Z]+)\$[0-9]+"))),_xlfn.REGEXEXTRACT(CELL("address",N16), "\$([A-Z]+)\$[0-9]+"))} | O16: {=IFERROR(IF(OR('Raw Data'!O16="",LEN(TRIM('Raw Data'!O16))=0),"",IF(AND(ISNUMBER('Raw Data'!O16), IFERROR('Raw Data'!O16 = ROUND('Raw Data'!O16, 2),FALSE)),"",_xlfn.REGEXEXTRACT(CELL("address",O16), "\$([A-Z]+)\$[0-9]+"))),_xlfn.REGEXEXTRACT(CELL("address",O16), "\$([A-Z]+)\$[0-9]+"))} | P16: {=IFERROR(IF(OR('Raw Data'!P16="",LEN(TRIM('Raw Data'!P16))=0),"",IF(AND(ISNUMBER('Raw Data'!P16),'Raw Data'!P16>=Configuration!$D$2),"",_xlfn.REGEXEXTRACT(CELL("address",'Raw Data'!P16),"\$([A-Z]+)\$[0-9]+"))),_xlfn.REGEXEXTRACT(CELL("address",P16), "\$([A-Z]+)\$[0-9]+"))} | Q16: {=IFERROR(IF(OR('Raw Data'!Q16="",LEN(TRIM('Raw Data'!Q16))=0),"",IF(AND(ISNUMBER('Raw Data'!Q16),'Raw Data'!Q16>=Configuration!$D$2),"",_xlfn.REGEXEXTRACT(CELL("address",'Raw Data'!Q16),"\$([A-Z]+)\$[0-9]+"))),_xlfn.REGEXEXTRACT(CELL("address",Q16), "\$([A-Z]+)\$[0-9]+"))} | R16: {=IFERROR(IF(OR('Raw Data'!R16="",LEN(TRIM('Raw Data'!R16))=0),"",IF(AND(ISNUMBER('Raw Data'!R16), IFERROR('Raw Data'!R16 = ROUND('Raw Data'!R16, 2),FALSE)),"",_xlfn.REGEXEXTRACT(CELL("address",R16), "\$([A-Z]+)\$[0-9]+"))),_xlfn.REGEXEXTRACT(CELL("address",R16), "\$([A-Z]+)\$[0-9]+"))} | S16: {=IFERROR(IF(OR('Raw Data'!S16="",LEN(TRIM('Raw Data'!S16))=0),"",IF(AND(ISNUMBER('Raw Data'!S16), IFERROR('Raw Data'!S16 = ROUND('Raw Data'!S16, 2),FALSE)),"",_xlfn.REGEXEXTRACT(CELL("address",S16), "\$([A-Z]+)\$[0-9]+"))),_xlfn.REGEXEXTRACT(CELL("address",S16), "\$([A-Z]+)\$[0-9]+"))} | T16: {=IFERROR(IF(OR('Raw Data'!T16="",LEN(TRIM('Raw Data'!T16))=0),"",IF(AND(ISNUMBER('Raw Data'!T16), IFERROR('Raw Data'!T16 = ROUND('Raw Data'!T16, 2),FALSE)),"",_xlfn.REGEXEXTRACT(CELL("address",T16), "\$([A-Z]+)\$[0-9]+"))),_xlfn.REGEXEXTRACT(CELL("address",T16), "\$([A-Z]+)\$[0-9]+"))} | U16: {=IFERROR(IF(OR('Raw Data'!U16="",LEN(TRIM('Raw Data'!U16))=0),"",IF(AND(LEN('Raw Data'!U16) <= 5,LEN('Raw Data'!U16)> 0),"",_xlfn.REGEXEXTRACT(CELL("address",'Raw Data'!U16),"\$([A-Z]+)\$[0-9]+"))),_xlfn.REGEXEXTRACT(CELL("address",'Raw Data'!U16),"\$([A-Z]+)\$[0-9]+"))} | V16: {=IFERROR(IF(OR('Raw Data'!V16="",LEN(TRIM('Raw Data'!V16))=0),"",IF(AND(ISNUMBER('Raw Data'!V16), IFERROR('Raw Data'!V16 = ROUND('Raw Data'!V16, 2),FALSE)),"",_xlfn.REGEXEXTRACT(CELL("address",V16), "\$([A-Z]+)\$[0-9]+"))),_xlfn.REGEXEXTRACT(CELL("address",V16), "\$([A-Z]+)\$[0-9]+"))} | W16: {=IFERROR(IF(OR('Raw Data'!W16="",LEN(TRIM('Raw Data'!W16))=0),"",IF(AND(ISNUMBER('Raw Data'!W16), IFERROR('Raw Data'!W16 = ROUND('Raw Data'!W16, 2),FALSE)),"",_xlfn.REGEXEXTRACT(CELL("address",W16), "\$([A-Z]+)\$[0-9]+"))),_xlfn.REGEXEXTRACT(CELL("address",W16), "\$([A-Z]+)\$[0-9]+"))} | X16: {=IFERROR(IF(OR('Raw Data'!X16="",LEN(TRIM('Raw Data'!X16))=0),"",IF(AND(ISNUMBER('Raw Data'!X16), IFERROR('Raw Data'!X16 = ROUND('Raw Data'!X16, 2),FALSE)),"",_xlfn.REGEXEXTRACT(CELL("address",X16), "\$([A-Z]+)\$[0-9]+"))),_xlfn.REGEXEXTRACT(CELL("address",X16), "\$([A-Z]+)\$[0-9]+"))}
B17: {=IFERROR(IF(OR('Raw Data'!B17="",LEN(TRIM('Raw Data'!B17))=0),"",IF(AND(LEN('Raw Data'!B17) <= 50,LEN('Raw Data'!B17)> 0),"",_xlfn.REGEXEXTRACT(CELL("address",'Raw Data'!B17),"\$([A-Z]+)\$[0-9]+"))),_xlfn.REGEXEXTRACT(CELL("address",'Raw Data'!B17),"\$([A-Z]+)\$[0-9]+"))} | C17: {=IFERROR(IF(OR('Raw Data'!C17="",LEN(TRIM('Raw Data'!C17))=0),"",IF(AND(LEN('Raw Data'!C17) <= 50,LEN('Raw Data'!C17)> 0),"",_xlfn.REGEXEXTRACT(CELL("address",'Raw Data'!C17),"\$([A-Z]+)\$[0-9]+"))),_xlfn.REGEXEXTRACT(CELL("address",'Raw Data'!C17),"\$([A-Z]+)\$[0-9]+"))} | D17: {=IFERROR(IF(OR('Raw Data'!D17="",LEN(TRIM('Raw Data'!D17))=0),"",IF(AND(LEN('Raw Data'!D17) <= 255,LEN('Raw Data'!D17)> 0),"",_xlfn.REGEXEXTRACT(CELL("address",'Raw Data'!D17),"\$([A-Z]+)\$[0-9]+"))),_xlfn.REGEXEXTRACT(CELL("address",'Raw Data'!D17),"\$([A-Z]+)\$[0-9]+"))} | E17: {=IFERROR(IF(OR('Raw Data'!E17="",LEN(TRIM('Raw Data'!E17))=0),"",IF(AND(ISNUMBER('Raw Data'!E17),'Raw Data'!E17>=Configuration!$D$2),"",_xlfn.REGEXEXTRACT(CELL("address",'Raw Data'!E17),"\$([A-Z]+)\$[0-9]+"))),_xlfn.REGEXEXTRACT(CELL("address",E17), "\$([A-Z]+)\$[0-9]+"))} | F17: {=IFERROR(IF(OR('Raw Data'!F17="",LEN(TRIM('Raw Data'!F17))=0),"",IF(AND(LEN('Raw Data'!F17) <= 20,LEN('Raw Data'!F17)> 0),"",_xlfn.REGEXEXTRACT(CELL("address",'Raw Data'!F17),"\$([A-Z]+)\$[0-9]+"))),_xlfn.REGEXEXTRACT(CELL("address",'Raw Data'!F17),"\$([A-Z]+)\$[0-9]+"))} | G17: {=IFERROR(IF(OR('Raw Data'!G17="",LEN(TRIM('Raw Data'!G17))=0),"",IF(AND(ISNUMBER('Raw Data'!G17), IFERROR('Raw Data'!G17 = ROUND('Raw Data'!G17, 2),FALSE)),"",_xlfn.REGEXEXTRACT(CELL("address",G17), "\$([A-Z]+)\$[0-9]+"))),_xlfn.REGEXEXTRACT(CELL("address",G17), "\$([A-Z]+)\$[0-9]+"))} | H17: {=IFERROR(IF(OR('Raw Data'!H17="",LEN(TRIM('Raw Data'!H17))=0),"",IF(AND(ISNUMBER('Raw Data'!H17), IFERROR('Raw Data'!H17 = ROUND('Raw Data'!H17, 2),FALSE)),"",_xlfn.REGEXEXTRACT(CELL("address",H17), "\$([A-Z]+)\$[0-9]+"))),_xlfn.REGEXEXTRACT(CELL("address",H17), "\$([A-Z]+)\$[0-9]+"))} | I17: {=IFERROR(IF(OR('Raw Data'!I17="",LEN(TRIM('Raw Data'!I17))=0),"",IF(AND(LEN('Raw Data'!I17) <= 50,LEN('Raw Data'!I17)> 0),"",_xlfn.REGEXEXTRACT(CELL("address",'Raw Data'!I17),"\$([A-Z]+)\$[0-9]+"))),_xlfn.REGEXEXTRACT(CELL("address",'Raw Data'!I17),"\$([A-Z]+)\$[0-9]+"))} | J17: {=IFERROR(IF(OR('Raw Data'!J17="",LEN(TRIM('Raw Data'!J17))=0),"",IF(AND(ISNUMBER('Raw Data'!J17),'Raw Data'!J17>=Configuration!$D$2),"",_xlfn.REGEXEXTRACT(CELL("address",'Raw Data'!J17),"\$([A-Z]+)\$[0-9]+"))),_xlfn.REGEXEXTRACT(CELL("address",J17), "\$([A-Z]+)\$[0-9]+"))} | K17: {=IFERROR(IF(OR('Raw Data'!K17="",LEN(TRIM('Raw Data'!K17))=0),"",IF(AND(ISNUMBER('Raw Data'!K17), IFERROR('Raw Data'!K17 = ROUND('Raw Data'!K17, 2),FALSE)),"",_xlfn.REGEXEXTRACT(CELL("address",K17), "\$([A-Z]+)\$[0-9]+"))),_xlfn.REGEXEXTRACT(CELL("address",K17), "\$([A-Z]+)\$[0-9]+"))} | L17: {=IFERROR(IF(OR('Raw Data'!L17="",LEN(TRIM('Raw Data'!L17))=0),"",IF(AND(ISNUMBER('Raw Data'!L17), IFERROR('Raw Data'!L17 = ROUND('Raw Data'!L17, 2),FALSE)),"",_xlfn.REGEXEXTRACT(CELL("address",L17), "\$([A-Z]+)\$[0-9]+"))),_xlfn.REGEXEXTRACT(CELL("address",L17), "\$([A-Z]+)\$[0-9]+"))} | M17: {=IFERROR(IF(OR('Raw Data'!M17="",LEN(TRIM('Raw Data'!M17))=0),"",IF(AND(ISNUMBER('Raw Data'!M17), IFERROR('Raw Data'!M17 = ROUND('Raw Data'!M17, 2),FALSE)),"",_xlfn.REGEXEXTRACT(CELL("address",M17), "\$([A-Z]+)\$[0-9]+"))),_xlfn.REGEXEXTRACT(CELL("address",M17), "\$([A-Z]+)\$[0-9]+"))} | N17: {=IFERROR(IF(OR('Raw Data'!N17="",LEN(TRIM('Raw Data'!N17))=0),"",IF(AND(ISNUMBER('Raw Data'!N17), IFERROR('Raw Data'!N17 = ROUND('Raw Data'!N17, 2),FALSE)),"",_xlfn.REGEXEXTRACT(CELL("address",N17), "\$([A-Z]+)\$[0-9]+"))),_xlfn.REGEXEXTRACT(CELL("address",N17), "\$([A-Z]+)\$[0-9]+"))} | O17: {=IFERROR(IF(OR('Raw Data'!O17="",LEN(TRIM('Raw Data'!O17))=0),"",IF(AND(ISNUMBER('Raw Data'!O17), IFERROR('Raw Data'!O17 = ROUND('Raw Data'!O17, 2),FALSE)),"",_xlfn.REGEXEXTRACT(CELL("address",O17), "\$([A-Z]+)\$[0-9]+"))),_xlfn.REGEXEXTRACT(CELL("address",O17), "\$([A-Z]+)\$[0-9]+"))} | P17: {=IFERROR(IF(OR('Raw Data'!P17="",LEN(TRIM('Raw Data'!P17))=0),"",IF(AND(ISNUMBER('Raw Data'!P17),'Raw Data'!P17>=Configuration!$D$2),"",_xlfn.REGEXEXTRACT(CELL("address",'Raw Data'!P17),"\$([A-Z]+)\$[0-9]+"))),_xlfn.REGEXEXTRACT(CELL("address",P17), "\$([A-Z]+)\$[0-9]+"))} | Q17: {=IFERROR(IF(OR('Raw Data'!Q17="",LEN(TRIM('Raw Data'!Q17))=0),"",IF(AND(ISNUMBER('Raw Data'!Q17),'Raw Data'!Q17>=Configuration!$D$2),"",_xlfn.REGEXEXTRACT(CELL("address",'Raw Data'!Q17),"\$([A-Z]+)\$[0-9]+"))),_xlfn.REGEXEXTRACT(CELL("address",Q17), "\$([A-Z]+)\$[0-9]+"))} | R17: {=IFERROR(IF(OR('Raw Data'!R17="",LEN(TRIM('Raw Data'!R17))=0),"",IF(AND(ISNUMBER('Raw Data'!R17), IFERROR('Raw Data'!R17 = ROUND('Raw Data'!R17, 2),FALSE)),"",_xlfn.REGEXEXTRACT(CELL("address",R17), "\$([A-Z]+)\$[0-9]+"))),_xlfn.REGEXEXTRACT(CELL("address",R17), "\$([A-Z]+)\$[0-9]+"))} | S17: {=IFERROR(IF(OR('Raw Data'!S17="",LEN(TRIM('Raw Data'!S17))=0),"",IF(AND(ISNUMBER('Raw Data'!S17), IFERROR('Raw Data'!S17 = ROUND('Raw Data'!S17, 2),FALSE)),"",_xlfn.REGEXEXTRACT(CELL("address",S17), "\$([A-Z]+)\$[0-9]+"))),_xlfn.REGEXEXTRACT(CELL("address",S17), "\$([A-Z]+)\$[0-9]+"))} | T17: {=IFERROR(IF(OR('Raw Data'!T17="",LEN(TRIM('Raw Data'!T17))=0),"",IF(AND(ISNUMBER('Raw Data'!T17), IFERROR('Raw Data'!T17 = ROUND('Raw Data'!T17, 2),FALSE)),"",_xlfn.REGEXEXTRACT(CELL("address",T17), "\$([A-Z]+)\$[0-9]+"))),_xlfn.REGEXEXTRACT(CELL("address",T17), "\$([A-Z]+)\$[0-9]+"))} | U17: {=IFERROR(IF(OR('Raw Data'!U17="",LEN(TRIM('Raw Data'!U17))=0),"",IF(AND(LEN('Raw Data'!U17) <= 5,LEN('Raw Data'!U17)> 0),"",_xlfn.REGEXEXTRACT(CELL("address",'Raw Data'!U17),"\$([A-Z]+)\$[0-9]+"))),_xlfn.REGEXEXTRACT(CELL("address",'Raw Data'!U17),"\$([A-Z]+)\$[0-9]+"))} | V17: {=IFERROR(IF(OR('Raw Data'!V17="",LEN(TRIM('Raw Data'!V17))=0),"",IF(AND(ISNUMBER('Raw Data'!V17), IFERROR('Raw Data'!V17 = ROUND('Raw Data'!V17, 2),FALSE)),"",_xlfn.REGEXEXTRACT(CELL("address",V17), "\$([A-Z]+)\$[0-9]+"))),_xlfn.REGEXEXTRACT(CELL("address",V17), "\$([A-Z]+)\$[0-9]+"))} | W17: {=IFERROR(IF(OR('Raw Data'!W17="",LEN(TRIM('Raw Data'!W17))=0),"",IF(AND(ISNUMBER('Raw Data'!W17), IFERROR('Raw Data'!W17 = ROUND('Raw Data'!W17, 2),FALSE)),"",_xlfn.REGEXEXTRACT(CELL("address",W17), "\$([A-Z]+)\$[0-9]+"))),_xlfn.REGEXEXTRACT(CELL("address",W17), "\$([A-Z]+)\$[0-9]+"))} | X17: {=IFERROR(IF(OR('Raw Data'!X17="",LEN(TRIM('Raw Data'!X17))=0),"",IF(AND(ISNUMBER('Raw Data'!X17), IFERROR('Raw Data'!X17 = ROUND('Raw Data'!X17, 2),FALSE)),"",_xlfn.REGEXEXTRACT(CELL("address",X17), "\$([A-Z]+)\$[0-9]+"))),_xlfn.REGEXEXTRACT(CELL("address",X17), "\$([A-Z]+)\$[0-9]+"))}
B18: {=IFERROR(IF(OR('Raw Data'!B18="",LEN(TRIM('Raw Data'!B18))=0),"",IF(AND(LEN('Raw Data'!B18) <= 50,LEN('Raw Data'!B18)> 0),"",_xlfn.REGEXEXTRACT(CELL("address",'Raw Data'!B18),"\$([A-Z]+)\$[0-9]+"))),_xlfn.REGEXEXTRACT(CELL("address",'Raw Data'!B18),"\$([A-Z]+)\$[0-9]+"))} | C18: {=IFERROR(IF(OR('Raw Data'!C18="",LEN(TRIM('Raw Data'!C18))=0),"",IF(AND(LEN('Raw Data'!C18) <= 50,LEN('Raw Data'!C18)> 0),"",_xlfn.REGEXEXTRACT(CELL("address",'Raw Data'!C18),"\$([A-Z]+)\$[0-9]+"))),_xlfn.REGEXEXTRACT(CELL("address",'Raw Data'!C18),"\$([A-Z]+)\$[0-9]+"))} | D18: {=IFERROR(IF(OR('Raw Data'!D18="",LEN(TRIM('Raw Data'!D18))=0),"",IF(AND(LEN('Raw Data'!D18) <= 255,LEN('Raw Data'!D18)> 0),"",_xlfn.REGEXEXTRACT(CELL("address",'Raw Data'!D18),"\$([A-Z]+)\$[0-9]+"))),_xlfn.REGEXEXTRACT(CELL("address",'Raw Data'!D18),"\$([A-Z]+)\$[0-9]+"))} | E18: {=IFERROR(IF(OR('Raw Data'!E18="",LEN(TRIM('Raw Data'!E18))=0),"",IF(AND(ISNUMBER('Raw Data'!E18),'Raw Data'!E18>=Configuration!$D$2),"",_xlfn.REGEXEXTRACT(CELL("address",'Raw Data'!E18),"\$([A-Z]+)\$[0-9]+"))),_xlfn.REGEXEXTRACT(CELL("address",E18), "\$([A-Z]+)\$[0-9]+"))} | F18: {=IFERROR(IF(OR('Raw Data'!F18="",LEN(TRIM('Raw Data'!F18))=0),"",IF(AND(LEN('Raw Data'!F18) <= 20,LEN('Raw Data'!F18)> 0),"",_xlfn.REGEXEXTRACT(CELL("address",'Raw Data'!F18),"\$([A-Z]+)\$[0-9]+"))),_xlfn.REGEXEXTRACT(CELL("address",'Raw Data'!F18),"\$([A-Z]+)\$[0-9]+"))} | G18: {=IFERROR(IF(OR('Raw Data'!G18="",LEN(TRIM('Raw Data'!G18))=0),"",IF(AND(ISNUMBER('Raw Data'!G18), IFERROR('Raw Data'!G18 = ROUND('Raw Data'!G18, 2),FALSE)),"",_xlfn.REGEXEXTRACT(CELL("address",G18), "\$([A-Z]+)\$[0-9]+"))),_xlfn.REGEXEXTRACT(CELL("address",G18), "\$([A-Z]+)\$[0-9]+"))} | H18: {=IFERROR(IF(OR('Raw Data'!H18="",LEN(TRIM('Raw Data'!H18))=0),"",IF(AND(ISNUMBER('Raw Data'!H18), IFERROR('Raw Data'!H18 = ROUND('Raw Data'!H18, 2),FALSE)),"",_xlfn.REGEXEXTRACT(CELL("address",H18), "\$([A-Z]+)\$[0-9]+"))),_xlfn.REGEXEXTRACT(CELL("address",H18), "\$([A-Z]+)\$[0-9]+"))} | I18: {=IFERROR(IF(OR('Raw Data'!I18="",LEN(TRIM('Raw Data'!I18))=0),"",IF(AND(LEN('Raw Data'!I18) <= 50,LEN('Raw Data'!I18)> 0),"",_xlfn.REGEXEXTRACT(CELL("address",'Raw Data'!I18),"\$([A-Z]+)\$[0-9]+"))),_xlfn.REGEXEXTRACT(CELL("address",'Raw Data'!I18),"\$([A-Z]+)\$[0-9]+"))} | J18: {=IFERROR(IF(OR('Raw Data'!J18="",LEN(TRIM('Raw Data'!J18))=0),"",IF(AND(ISNUMBER('Raw Data'!J18),'Raw Data'!J18>=Configuration!$D$2),"",_xlfn.REGEXEXTRACT(CELL("address",'Raw Data'!J18),"\$([A-Z]+)\$[0-9]+"))),_xlfn.REGEXEXTRACT(CELL("address",J18), "\$([A-Z]+)\$[0-9]+"))} | K18: {=IFERROR(IF(OR('Raw Data'!K18="",LEN(TRIM('Raw Data'!K18))=0),"",IF(AND(ISNUMBER('Raw Data'!K18), IFERROR('Raw Data'!K18 = ROUND('Raw Data'!K18, 2),FALSE)),"",_xlfn.REGEXEXTRACT(CELL("address",K18), "\$([A-Z]+)\$[0-9]+"))),_xlfn.REGEXEXTRACT(CELL("address",K18), "\$([A-Z]+)\$[0-9]+"))} | L18: {=IFERROR(IF(OR('Raw Data'!L18="",LEN(TRIM('Raw Data'!L18))=0),"",IF(AND(ISNUMBER('Raw Data'!L18), IFERROR('Raw Data'!L18 = ROUND('Raw Data'!L18, 2),FALSE)),"",_xlfn.REGEXEXTRACT(CELL("address",L18), "\$([A-Z]+)\$[0-9]+"))),_xlfn.REGEXEXTRACT(CELL("address",L18), "\$([A-Z]+)\$[0-9]+"))} | M18: {=IFERROR(IF(OR('Raw Data'!M18="",LEN(TRIM('Raw Data'!M18))=0),"",IF(AND(ISNUMBER('Raw Data'!M18), IFERROR('Raw Data'!M18 = ROUND('Raw Data'!M18, 2),FALSE)),"",_xlfn.REGEXEXTRACT(CELL("address",M18), "\$([A-Z]+)\$[0-9]+"))),_xlfn.REGEXEXTRACT(CELL("address",M18), "\$([A-Z]+)\$[0-9]+"))} | N18: {=IFERROR(IF(OR('Raw Data'!N18="",LEN(TRIM('Raw Data'!N18))=0),"",IF(AND(ISNUMBER('Raw Data'!N18), IFERROR('Raw Data'!N18 = ROUND('Raw Data'!N18, 2),FALSE)),"",_xlfn.REGEXEXTRACT(CELL("address",N18), "\$([A-Z]+)\$[0-9]+"))),_xlfn.REGEXEXTRACT(CELL("address",N18), "\$([A-Z]+)\$[0-9]+"))} | O18: {=IFERROR(IF(OR('Raw Data'!O18="",LEN(TRIM('Raw Data'!O18))=0),"",IF(AND(ISNUMBER('Raw Data'!O18), IFERROR('Raw Data'!O18 = ROUND('Raw Data'!O18, 2),FALSE)),"",_xlfn.REGEXEXTRACT(CELL("address",O18), "\$([A-Z]+)\$[0-9]+"))),_xlfn.REGEXEXTRACT(CELL("address",O18), "\$([A-Z]+)\$[0-9]+"))} | P18: {=IFERROR(IF(OR('Raw Data'!P18="",LEN(TRIM('Raw Data'!P18))=0),"",IF(AND(ISNUMBER('Raw Data'!P18),'Raw Data'!P18>=Configuration!$D$2),"",_xlfn.REGEXEXTRACT(CELL("address",'Raw Data'!P18),"\$([A-Z]+)\$[0-9]+"))),_xlfn.REGEXEXTRACT(CELL("address",P18), "\$([A-Z]+)\$[0-9]+"))} | Q18: {=IFERROR(IF(OR('Raw Data'!Q18="",LEN(TRIM('Raw Data'!Q18))=0),"",IF(AND(ISNUMBER('Raw Data'!Q18),'Raw Data'!Q18>=Configuration!$D$2),"",_xlfn.REGEXEXTRACT(CELL("address",'Raw Data'!Q18),"\$([A-Z]+)\$[0-9]+"))),_xlfn.REGEXEXTRACT(CELL("address",Q18), "\$([A-Z]+)\$[0-9]+"))} | R18: {=IFERROR(IF(OR('Raw Data'!R18="",LEN(TRIM('Raw Data'!R18))=0),"",IF(AND(ISNUMBER('Raw Data'!R18), IFERROR('Raw Data'!R18 = ROUND('Raw Data'!R18, 2),FALSE)),"",_xlfn.REGEXEXTRACT(CELL("address",R18), "\$([A-Z]+)\$[0-9]+"))),_xlfn.REGEXEXTRACT(CELL("address",R18), "\$([A-Z]+)\$[0-9]+"))} | S18: {=IFERROR(IF(OR('Raw Data'!S18="",LEN(TRIM('Raw Data'!S18))=0),"",IF(AND(ISNUMBER('Raw Data'!S18), IFERROR('Raw Data'!S18 = ROUND('Raw Data'!S18, 2),FALSE)),"",_xlfn.REGEXEXTRACT(CELL("address",S18), "\$([A-Z]+)\$[0-9]+"))),_xlfn.REGEXEXTRACT(CELL("address",S18), "\$([A-Z]+)\$[0-9]+"))} | T18: {=IFERROR(IF(OR('Raw Data'!T18="",LEN(TRIM('Raw Data'!T18))=0),"",IF(AND(ISNUMBER('Raw Data'!T18), IFERROR('Raw Data'!T18 = ROUND('Raw Data'!T18, 2),FALSE)),"",_xlfn.REGEXEXTRACT(CELL("address",T18), "\$([A-Z]+)\$[0-9]+"))),_xlfn.REGEXEXTRACT(CELL("address",T18), "\$([A-Z]+)\$[0-9]+"))} | U18: {=IFERROR(IF(OR('Raw Data'!U18="",LEN(TRIM('Raw Data'!U18))=0),"",IF(AND(LEN('Raw Data'!U18) <= 5,LEN('Raw Data'!U18)> 0),"",_xlfn.REGEXEXTRACT(CELL("address",'Raw Data'!U18),"\$([A-Z]+)\$[0-9]+"))),_xlfn.REGEXEXTRACT(CELL("address",'Raw Data'!U18),"\$([A-Z]+)\$[0-9]+"))} | V18: {=IFERROR(IF(OR('Raw Data'!V18="",LEN(TRIM('Raw Data'!V18))=0),"",IF(AND(ISNUMBER('Raw Data'!V18), IFERROR('Raw Data'!V18 = ROUND('Raw Data'!V18, 2),FALSE)),"",_xlfn.REGEXEXTRACT(CELL("address",V18), "\$([A-Z]+)\$[0-9]+"))),_xlfn.REGEXEXTRACT(CELL("address",V18), "\$([A-Z]+)\$[0-9]+"))} | W18: {=IFERROR(IF(OR('Raw Data'!W18="",LEN(TRIM('Raw Data'!W18))=0),"",IF(AND(ISNUMBER('Raw Data'!W18), IFERROR('Raw Data'!W18 = ROUND('Raw Data'!W18, 2),FALSE)),"",_xlfn.REGEXEXTRACT(CELL("address",W18), "\$([A-Z]+)\$[0-9]+"))),_xlfn.REGEXEXTRACT(CELL("address",W18), "\$([A-Z]+)\$[0-9]+"))} | X18: {=IFERROR(IF(OR('Raw Data'!X18="",LEN(TRIM('Raw Data'!X18))=0),"",IF(AND(ISNUMBER('Raw Data'!X18), IFERROR('Raw Data'!X18 = ROUND('Raw Data'!X18, 2),FALSE)),"",_xlfn.REGEXEXTRACT(CELL("address",X18), "\$([A-Z]+)\$[0-9]+"))),_xlfn.REGEXEXTRACT(CELL("address",X18), "\$([A-Z]+)\$[0-9]+"))}
B19: {=IFERROR(IF(OR('Raw Data'!B19="",LEN(TRIM('Raw Data'!B19))=0),"",IF(AND(LEN('Raw Data'!B19) <= 50,LEN('Raw Data'!B19)> 0),"",_xlfn.REGEXEXTRACT(CELL("address",'Raw Data'!B19),"\$([A-Z]+)\$[0-9]+"))),_xlfn.REGEXEXTRACT(CELL("address",'Raw Data'!B19),"\$([A-Z]+)\$[0-9]+"))} | C19: {=IFERROR(IF(OR('Raw Data'!C19="",LEN(TRIM('Raw Data'!C19))=0),"",IF(AND(LEN('Raw Data'!C19) <= 50,LEN('Raw Data'!C19)> 0),"",_xlfn.REGEXEXTRACT(CELL("address",'Raw Data'!C19),"\$([A-Z]+)\$[0-9]+"))),_xlfn.REGEXEXTRACT(CELL("address",'Raw Data'!C19),"\$([A-Z]+)\$[0-9]+"))} | D19: {=IFERROR(IF(OR('Raw Data'!D19="",LEN(TRIM('Raw Data'!D19))=0),"",IF(AND(LEN('Raw Data'!D19) <= 255,LEN('Raw Data'!D19)> 0),"",_xlfn.REGEXEXTRACT(CELL("address",'Raw Data'!D19),"\$([A-Z]+)\$[0-9]+"))),_xlfn.REGEXEXTRACT(CELL("address",'Raw Data'!D19),"\$([A-Z]+)\$[0-9]+"))} | E19: {=IFERROR(IF(OR('Raw Data'!E19="",LEN(TRIM('Raw Data'!E19))=0),"",IF(AND(ISNUMBER('Raw Data'!E19),'Raw Data'!E19>=Configuration!$D$2),"",_xlfn.REGEXEXTRACT(CELL("address",'Raw Data'!E19),"\$([A-Z]+)\$[0-9]+"))),_xlfn.REGEXEXTRACT(CELL("address",E19), "\$([A-Z]+)\$[0-9]+"))} | F19: {=IFERROR(IF(OR('Raw Data'!F19="",LEN(TRIM('Raw Data'!F19))=0),"",IF(AND(LEN('Raw Data'!F19) <= 20,LEN('Raw Data'!F19)> 0),"",_xlfn.REGEXEXTRACT(CELL("address",'Raw Data'!F19),"\$([A-Z]+)\$[0-9]+"))),_xlfn.REGEXEXTRACT(CELL("address",'Raw Data'!F19),"\$([A-Z]+)\$[0-9]+"))} | G19: {=IFERROR(IF(OR('Raw Data'!G19="",LEN(TRIM('Raw Data'!G19))=0),"",IF(AND(ISNUMBER('Raw Data'!G19), IFERROR('Raw Data'!G19 = ROUND('Raw Data'!G19, 2),FALSE)),"",_xlfn.REGEXEXTRACT(CELL("address",G19), "\$([A-Z]+)\$[0-9]+"))),_xlfn.REGEXEXTRACT(CELL("address",G19), "\$([A-Z]+)\$[0-9]+"))} | H19: {=IFERROR(IF(OR('Raw Data'!H19="",LEN(TRIM('Raw Data'!H19))=0),"",IF(AND(ISNUMBER('Raw Data'!H19), IFERROR('Raw Data'!H19 = ROUND('Raw Data'!H19, 2),FALSE)),"",_xlfn.REGEXEXTRACT(CELL("address",H19), "\$([A-Z]+)\$[0-9]+"))),_xlfn.REGEXEXTRACT(CELL("address",H19), "\$([A-Z]+)\$[0-9]+"))} | I19: {=IFERROR(IF(OR('Raw Data'!I19="",LEN(TRIM('Raw Data'!I19))=0),"",IF(AND(LEN('Raw Data'!I19) <= 50,LEN('Raw Data'!I19)> 0),"",_xlfn.REGEXEXTRACT(CELL("address",'Raw Data'!I19),"\$([A-Z]+)\$[0-9]+"))),_xlfn.REGEXEXTRACT(CELL("address",'Raw Data'!I19),"\$([A-Z]+)\$[0-9]+"))} | J19: {=IFERROR(IF(OR('Raw Data'!J19="",LEN(TRIM('Raw Data'!J19))=0),"",IF(AND(ISNUMBER('Raw Data'!J19),'Raw Data'!J19>=Configuration!$D$2),"",_xlfn.REGEXEXTRACT(CELL("address",'Raw Data'!J19),"\$([A-Z]+)\$[0-9]+"))),_xlfn.REGEXEXTRACT(CELL("address",J19), "\$([A-Z]+)\$[0-9]+"))} | K19: {=IFERROR(IF(OR('Raw Data'!K19="",LEN(TRIM('Raw Data'!K19))=0),"",IF(AND(ISNUMBER('Raw Data'!K19), IFERROR('Raw Data'!K19 = ROUND('Raw Data'!K19, 2),FALSE)),"",_xlfn.REGEXEXTRACT(CELL("address",K19), "\$([A-Z]+)\$[0-9]+"))),_xlfn.REGEXEXTRACT(CELL("address",K19), "\$([A-Z]+)\$[0-9]+"))} | L19: {=IFERROR(IF(OR('Raw Data'!L19="",LEN(TRIM('Raw Data'!L19))=0),"",IF(AND(ISNUMBER('Raw Data'!L19), IFERROR('Raw Data'!L19 = ROUND('Raw Data'!L19, 2),FALSE)),"",_xlfn.REGEXEXTRACT(CELL("address",L19), "\$([A-Z]+)\$[0-9]+"))),_xlfn.REGEXEXTRACT(CELL("address",L19), "\$([A-Z]+)\$[0-9]+"))} | M19: {=IFERROR(IF(OR('Raw Data'!M19="",LEN(TRIM('Raw Data'!M19))=0),"",IF(AND(ISNUMBER('Raw Data'!M19), IFERROR('Raw Data'!M19 = ROUND('Raw Data'!M19, 2),FALSE)),"",_xlfn.REGEXEXTRACT(CELL("address",M19), "\$([A-Z]+)\$[0-9]+"))),_xlfn.REGEXEXTRACT(CELL("address",M19), "\$([A-Z]+)\$[0-9]+"))} | N19: {=IFERROR(IF(OR('Raw Data'!N19="",LEN(TRIM('Raw Data'!N19))=0),"",IF(AND(ISNUMBER('Raw Data'!N19), IFERROR('Raw Data'!N19 = ROUND('Raw Data'!N19, 2),FALSE)),"",_xlfn.REGEXEXTRACT(CELL("address",N19), "\$([A-Z]+)\$[0-9]+"))),_xlfn.REGEXEXTRACT(CELL("address",N19), "\$([A-Z]+)\$[0-9]+"))} | O19: {=IFERROR(IF(OR('Raw Data'!O19="",LEN(TRIM('Raw Data'!O19))=0),"",IF(AND(ISNUMBER('Raw Data'!O19), IFERROR('Raw Data'!O19 = ROUND('Raw Data'!O19, 2),FALSE)),"",_xlfn.REGEXEXTRACT(CELL("address",O19), "\$([A-Z]+)\$[0-9]+"))),_xlfn.REGEXEXTRACT(CELL("address",O19), "\$([A-Z]+)\$[0-9]+"))} | P19: {=IFERROR(IF(OR('Raw Data'!P19="",LEN(TRIM('Raw Data'!P19))=0),"",IF(AND(ISNUMBER('Raw Data'!P19),'Raw Data'!P19>=Configuration!$D$2),"",_xlfn.REGEXEXTRACT(CELL("address",'Raw Data'!P19),"\$([A-Z]+)\$[0-9]+"))),_xlfn.REGEXEXTRACT(CELL("address",P19), "\$([A-Z]+)\$[0-9]+"))} | Q19: {=IFERROR(IF(OR('Raw Data'!Q19="",LEN(TRIM('Raw Data'!Q19))=0),"",IF(AND(ISNUMBER('Raw Data'!Q19),'Raw Data'!Q19>=Configuration!$D$2),"",_xlfn.REGEXEXTRACT(CELL("address",'Raw Data'!Q19),"\$([A-Z]+)\$[0-9]+"))),_xlfn.REGEXEXTRACT(CELL("address",Q19), "\$([A-Z]+)\$[0-9]+"))} | R19: {=IFERROR(IF(OR('Raw Data'!R19="",LEN(TRIM('Raw Data'!R19))=0),"",IF(AND(ISNUMBER('Raw Data'!R19), IFERROR('Raw Data'!R19 = ROUND('Raw Data'!R19, 2),FALSE)),"",_xlfn.REGEXEXTRACT(CELL("address",R19), "\$([A-Z]+)\$[0-9]+"))),_xlfn.REGEXEXTRACT(CELL("address",R19), "\$([A-Z]+)\$[0-9]+"))} | S19: {=IFERROR(IF(OR('Raw Data'!S19="",LEN(TRIM('Raw Data'!S19))=0),"",IF(AND(ISNUMBER('Raw Data'!S19), IFERROR('Raw Data'!S19 = ROUND('Raw Data'!S19, 2),FALSE)),"",_xlfn.REGEXEXTRACT(CELL("address",S19), "\$([A-Z]+)\$[0-9]+"))),_xlfn.REGEXEXTRACT(CELL("address",S19), "\$([A-Z]+)\$[0-9]+"))} | T19: {=IFERROR(IF(OR('Raw Data'!T19="",LEN(TRIM('Raw Data'!T19))=0),"",IF(AND(ISNUMBER('Raw Data'!T19), IFERROR('Raw Data'!T19 = ROUND('Raw Data'!T19, 2),FALSE)),"",_xlfn.REGEXEXTRACT(CELL("address",T19), "\$([A-Z]+)\$[0-9]+"))),_xlfn.REGEXEXTRACT(CELL("address",T19), "\$([A-Z]+)\$[0-9]+"))} | U19: {=IFERROR(IF(OR('Raw Data'!U19="",LEN(TRIM('Raw Data'!U19))=0),"",IF(AND(LEN('Raw Data'!U19) <= 5,LEN('Raw Data'!U19)> 0),"",_xlfn.REGEXEXTRACT(CELL("address",'Raw Data'!U19),"\$([A-Z]+)\$[0-9]+"))),_xlfn.REGEXEXTRACT(CELL("address",'Raw Data'!U19),"\$([A-Z]+)\$[0-9]+"))} | V19: {=IFERROR(IF(OR('Raw Data'!V19="",LEN(TRIM('Raw Data'!V19))=0),"",IF(AND(ISNUMBER('Raw Data'!V19), IFERROR('Raw Data'!V19 = ROUND('Raw Data'!V19, 2),FALSE)),"",_xlfn.REGEXEXTRACT(CELL("address",V19), "\$([A-Z]+)\$[0-9]+"))),_xlfn.REGEXEXTRACT(CELL("address",V19), "\$([A-Z]+)\$[0-9]+"))} | W19: {=IFERROR(IF(OR('Raw Data'!W19="",LEN(TRIM('Raw Data'!W19))=0),"",IF(AND(ISNUMBER('Raw Data'!W19), IFERROR('Raw Data'!W19 = ROUND('Raw Data'!W19, 2),FALSE)),"",_xlfn.REGEXEXTRACT(CELL("address",W19), "\$([A-Z]+)\$[0-9]+"))),_xlfn.REGEXEXTRACT(CELL("address",W19), "\$([A-Z]+)\$[0-9]+"))} | X19: {=IFERROR(IF(OR('Raw Data'!X19="",LEN(TRIM('Raw Data'!X19))=0),"",IF(AND(ISNUMBER('Raw Data'!X19), IFERROR('Raw Data'!X19 = ROUND('Raw Data'!X19, 2),FALSE)),"",_xlfn.REGEXEXTRACT(CELL("address",X19), "\$([A-Z]+)\$[0-9]+"))),_xlfn.REGEXEXTRACT(CELL("address",X19), "\$([A-Z]+)\$[0-9]+"))}
B20: {=IFERROR(IF(OR('Raw Data'!B20="",LEN(TRIM('Raw Data'!B20))=0),"",IF(AND(LEN('Raw Data'!B20) <= 50,LEN('Raw Data'!B20)> 0),"",_xlfn.REGEXEXTRACT(CELL("address",'Raw Data'!B20),"\$([A-Z]+)\$[0-9]+"))),_xlfn.REGEXEXTRACT(CELL("address",'Raw Data'!B20),"\$([A-Z]+)\$[0-9]+"))} | C20: {=IFERROR(IF(OR('Raw Data'!C20="",LEN(TRIM('Raw Data'!C20))=0),"",IF(AND(LEN('Raw Data'!C20) <= 50,LEN('Raw Data'!C20)> 0),"",_xlfn.REGEXEXTRACT(CELL("address",'Raw Data'!C20),"\$([A-Z]+)\$[0-9]+"))),_xlfn.REGEXEXTRACT(CELL("address",'Raw Data'!C20),"\$([A-Z]+)\$[0-9]+"))} | D20: {=IFERROR(IF(OR('Raw Data'!D20="",LEN(TRIM('Raw Data'!D20))=0),"",IF(AND(LEN('Raw Data'!D20) <= 255,LEN('Raw Data'!D20)> 0),"",_xlfn.REGEXEXTRACT(CELL("address",'Raw Data'!D20),"\$([A-Z]+)\$[0-9]+"))),_xlfn.REGEXEXTRACT(CELL("address",'Raw Data'!D20),"\$([A-Z]+)\$[0-9]+"))} | E20: {=IFERROR(IF(OR('Raw Data'!E20="",LEN(TRIM('Raw Data'!E20))=0),"",IF(AND(ISNUMBER('Raw Data'!E20),'Raw Data'!E20>=Configuration!$D$2),"",_xlfn.REGEXEXTRACT(CELL("address",'Raw Data'!E20),"\$([A-Z]+)\$[0-9]+"))),_xlfn.REGEXEXTRACT(CELL("address",E20), "\$([A-Z]+)\$[0-9]+"))} | F20: {=IFERROR(IF(OR('Raw Data'!F20="",LEN(TRIM('Raw Data'!F20))=0),"",IF(AND(LEN('Raw Data'!F20) <= 20,LEN('Raw Data'!F20)> 0),"",_xlfn.REGEXEXTRACT(CELL("address",'Raw Data'!F20),"\$([A-Z]+)\$[0-9]+"))),_xlfn.REGEXEXTRACT(CELL("address",'Raw Data'!F20),"\$([A-Z]+)\$[0-9]+"))} | G20: {=IFERROR(IF(OR('Raw Data'!G20="",LEN(TRIM('Raw Data'!G20))=0),"",IF(AND(ISNUMBER('Raw Data'!G20), IFERROR('Raw Data'!G20 = ROUND('Raw Data'!G20, 2),FALSE)),"",_xlfn.REGEXEXTRACT(CELL("address",G20), "\$([A-Z]+)\$[0-9]+"))),_xlfn.REGEXEXTRACT(CELL("address",G20), "\$([A-Z]+)\$[0-9]+"))} | H20: {=IFERROR(IF(OR('Raw Data'!H20="",LEN(TRIM('Raw Data'!H20))=0),"",IF(AND(ISNUMBER('Raw Data'!H20), IFERROR('Raw Data'!H20 = ROUND('Raw Data'!H20, 2),FALSE)),"",_xlfn.REGEXEXTRACT(CELL("address",H20), "\$([A-Z]+)\$[0-9]+"))),_xlfn.REGEXEXTRACT(CELL("address",H20), "\$([A-Z]+)\$[0-9]+"))} | I20: {=IFERROR(IF(OR('Raw Data'!I20="",LEN(TRIM('Raw Data'!I20))=0),"",IF(AND(LEN('Raw Data'!I20) <= 50,LEN('Raw Data'!I20)> 0),"",_xlfn.REGEXEXTRACT(CELL("address",'Raw Data'!I20),"\$([A-Z]+)\$[0-9]+"))),_xlfn.REGEXEXTRACT(CELL("address",'Raw Data'!I20),"\$([A-Z]+)\$[0-9]+"))} | J20: {=IFERROR(IF(OR('Raw Data'!J20="",LEN(TRIM('Raw Data'!J20))=0),"",IF(AND(ISNUMBER('Raw Data'!J20),'Raw Data'!J20>=Configuration!$D$2),"",_xlfn.REGEXEXTRACT(CELL("address",'Raw Data'!J20),"\$([A-Z]+)\$[0-9]+"))),_xlfn.REGEXEXTRACT(CELL("address",J20), "\$([A-Z]+)\$[0-9]+"))} | K20: {=IFERROR(IF(OR('Raw Data'!K20="",LEN(TRIM('Raw Data'!K20))=0),"",IF(AND(ISNUMBER('Raw Data'!K20), IFERROR('Raw Data'!K20 = ROUND('Raw Data'!K20, 2),FALSE)),"",_xlfn.REGEXEXTRACT(CELL("address",K20), "\$([A-Z]+)\$[0-9]+"))),_xlfn.REGEXEXTRACT(CELL("address",K20), "\$([A-Z]+)\$[0-9]+"))} | L20: {=IFERROR(IF(OR('Raw Data'!L20="",LEN(TRIM('Raw Data'!L20))=0),"",IF(AND(ISNUMBER('Raw Data'!L20), IFERROR('Raw Data'!L20 = ROUND('Raw Data'!L20, 2),FALSE)),"",_xlfn.REGEXEXTRACT(CELL("address",L20), "\$([A-Z]+)\$[0-9]+"))),_xlfn.REGEXEXTRACT(CELL("address",L20), "\$([A-Z]+)\$[0-9]+"))} | M20: {=IFERROR(IF(OR('Raw Data'!M20="",LEN(TRIM('Raw Data'!M20))=0),"",IF(AND(ISNUMBER('Raw Data'!M20), IFERROR('Raw Data'!M20 = ROUND('Raw Data'!M20, 2),FALSE)),"",_xlfn.REGEXEXTRACT(CELL("address",M20), "\$([A-Z]+)\$[0-9]+"))),_xlfn.REGEXEXTRACT(CELL("address",M20), "\$([A-Z]+)\$[0-9]+"))} | N20: {=IFERROR(IF(OR('Raw Data'!N20="",LEN(TRIM('Raw Data'!N20))=0),"",IF(AND(ISNUMBER('Raw Data'!N20), IFERROR('Raw Data'!N20 = ROUND('Raw Data'!N20, 2),FALSE)),"",_xlfn.REGEXEXTRACT(CELL("address",N20), "\$([A-Z]+)\$[0-9]+"))),_xlfn.REGEXEXTRACT(CELL("address",N20), "\$([A-Z]+)\$[0-9]+"))} | O20: {=IFERROR(IF(OR('Raw Data'!O20="",LEN(TRIM('Raw Data'!O20))=0),"",IF(AND(ISNUMBER('Raw Data'!O20), IFERROR('Raw Data'!O20 = ROUND('Raw Data'!O20, 2),FALSE)),"",_xlfn.REGEXEXTRACT(CELL("address",O20), "\$([A-Z]+)\$[0-9]+"))),_xlfn.REGEXEXTRACT(CELL("address",O20), "\$([A-Z]+)\$[0-9]+"))} | P20: {=IFERROR(IF(OR('Raw Data'!P20="",LEN(TRIM('Raw Data'!P20))=0),"",IF(AND(ISNUMBER('Raw Data'!P20),'Raw Data'!P20>=Configuration!$D$2),"",_xlfn.REGEXEXTRACT(CELL("address",'Raw Data'!P20),"\$([A-Z]+)\$[0-9]+"))),_xlfn.REGEXEXTRACT(CELL("address",P20), "\$([A-Z]+)\$[0-9]+"))} | Q20: {=IFERROR(IF(OR('Raw Data'!Q20="",LEN(TRIM('Raw Data'!Q20))=0),"",IF(AND(ISNUMBER('Raw Data'!Q20),'Raw Data'!Q20>=Configuration!$D$2),"",_xlfn.REGEXEXTRACT(CELL("address",'Raw Data'!Q20),"\$([A-Z]+)\$[0-9]+"))),_xlfn.REGEXEXTRACT(CELL("address",Q20), "\$([A-Z]+)\$[0-9]+"))} | R20: {=IFERROR(IF(OR('Raw Data'!R20="",LEN(TRIM('Raw Data'!R20))=0),"",IF(AND(ISNUMBER('Raw Data'!R20), IFERROR('Raw Data'!R20 = ROUND('Raw Data'!R20, 2),FALSE)),"",_xlfn.REGEXEXTRACT(CELL("address",R20), "\$([A-Z]+)\$[0-9]+"))),_xlfn.REGEXEXTRACT(CELL("address",R20), "\$([A-Z]+)\$[0-9]+"))} | S20: {=IFERROR(IF(OR('Raw Data'!S20="",LEN(TRIM('Raw Data'!S20))=0),"",IF(AND(ISNUMBER('Raw Data'!S20), IFERROR('Raw Data'!S20 = ROUND('Raw Data'!S20, 2),FALSE)),"",_xlfn.REGEXEXTRACT(CELL("address",S20), "\$([A-Z]+)\$[0-9]+"))),_xlfn.REGEXEXTRACT(CELL("address",S20), "\$([A-Z]+)\$[0-9]+"))} | T20: {=IFERROR(IF(OR('Raw Data'!T20="",LEN(TRIM('Raw Data'!T20))=0),"",IF(AND(ISNUMBER('Raw Data'!T20), IFERROR('Raw Data'!T20 = ROUND('Raw Data'!T20, 2),FALSE)),"",_xlfn.REGEXEXTRACT(CELL("address",T20), "\$([A-Z]+)\$[0-9]+"))),_xlfn.REGEXEXTRACT(CELL("address",T20), "\$([A-Z]+)\$[0-9]+"))} | U20: {=IFERROR(IF(OR('Raw Data'!U20="",LEN(TRIM('Raw Data'!U20))=0),"",IF(AND(LEN('Raw Data'!U20) <= 5,LEN('Raw Data'!U20)> 0),"",_xlfn.REGEXEXTRACT(CELL("address",'Raw Data'!U20),"\$([A-Z]+)\$[0-9]+"))),_xlfn.REGEXEXTRACT(CELL("address",'Raw Data'!U20),"\$([A-Z]+)\$[0-9]+"))} | V20: {=IFERROR(IF(OR('Raw Data'!V20="",LEN(TRIM('Raw Data'!V20))=0),"",IF(AND(ISNUMBER('Raw Data'!V20), IFERROR('Raw Data'!V20 = ROUND('Raw Data'!V20, 2),FALSE)),"",_xlfn.REGEXEXTRACT(CELL("address",V20), "\$([A-Z]+)\$[0-9]+"))),_xlfn.REGEXEXTRACT(CELL("address",V20), "\$([A-Z]+)\$[0-9]+"))} | W20: {=IFERROR(IF(OR('Raw Data'!W20="",LEN(TRIM('Raw Data'!W20))=0),"",IF(AND(ISNUMBER('Raw Data'!W20), IFERROR('Raw Data'!W20 = ROUND('Raw Data'!W20, 2),FALSE)),"",_xlfn.REGEXEXTRACT(CELL("address",W20), "\$([A-Z]+)\$[0-9]+"))),_xlfn.REGEXEXTRACT(CELL("address",W20), "\$([A-Z]+)\$[0-9]+"))} | X20: {=IFERROR(IF(OR('Raw Data'!X20="",LEN(TRIM('Raw Data'!X20))=0),"",IF(AND(ISNUMBER('Raw Data'!X20), IFERROR('Raw Data'!X20 = ROUND('Raw Data'!X20, 2),FALSE)),"",_xlfn.REGEXEXTRACT(CELL("address",X20), "\$([A-Z]+)\$[0-9]+"))),_xlfn.REGEXEXTRACT(CELL("address",X20), "\$([A-Z]+)\$[0-9]+"))}
B21: {=IFERROR(IF(OR('Raw Data'!B21="",LEN(TRIM('Raw Data'!B21))=0),"",IF(AND(LEN('Raw Data'!B21) <= 50,LEN('Raw Data'!B21)> 0),"",_xlfn.REGEXEXTRACT(CELL("address",'Raw Data'!B21),"\$([A-Z]+)\$[0-9]+"))),_xlfn.REGEXEXTRACT(CELL("address",'Raw Data'!B21),"\$([A-Z]+)\$[0-9]+"))} | C21: {=IFERROR(IF(OR('Raw Data'!C21="",LEN(TRIM('Raw Data'!C21))=0),"",IF(AND(LEN('Raw Data'!C21) <= 50,LEN('Raw Data'!C21)> 0),"",_xlfn.REGEXEXTRACT(CELL("address",'Raw Data'!C21),"\$([A-Z]+)\$[0-9]+"))),_xlfn.REGEXEXTRACT(CELL("address",'Raw Data'!C21),"\$([A-Z]+)\$[0-9]+"))} | D21: {=IFERROR(IF(OR('Raw Data'!D21="",LEN(TRIM('Raw Data'!D21))=0),"",IF(AND(LEN('Raw Data'!D21) <= 255,LEN('Raw Data'!D21)> 0),"",_xlfn.REGEXEXTRACT(CELL("address",'Raw Data'!D21),"\$([A-Z]+)\$[0-9]+"))),_xlfn.REGEXEXTRACT(CELL("address",'Raw Data'!D21),"\$([A-Z]+)\$[0-9]+"))} | E21: {=IFERROR(IF(OR('Raw Data'!E21="",LEN(TRIM('Raw Data'!E21))=0),"",IF(AND(ISNUMBER('Raw Data'!E21),'Raw Data'!E21>=Configuration!$D$2),"",_xlfn.REGEXEXTRACT(CELL("address",'Raw Data'!E21),"\$([A-Z]+)\$[0-9]+"))),_xlfn.REGEXEXTRACT(CELL("address",E21), "\$([A-Z]+)\$[0-9]+"))} | F21: {=IFERROR(IF(OR('Raw Data'!F21="",LEN(TRIM('Raw Data'!F21))=0),"",IF(AND(LEN('Raw Data'!F21) <= 20,LEN('Raw Data'!F21)> 0),"",_xlfn.REGEXEXTRACT(CELL("address",'Raw Data'!F21),"\$([A-Z]+)\$[0-9]+"))),_xlfn.REGEXEXTRACT(CELL("address",'Raw Data'!F21),"\$([A-Z]+)\$[0-9]+"))} | G21: {=IFERROR(IF(OR('Raw Data'!G21="",LEN(TRIM('Raw Data'!G21))=0),"",IF(AND(ISNUMBER('Raw Data'!G21), IFERROR('Raw Data'!G21 = ROUND('Raw Data'!G21, 2),FALSE)),"",_xlfn.REGEXEXTRACT(CELL("address",G21), "\$([A-Z]+)\$[0-9]+"))),_xlfn.REGEXEXTRACT(CELL("address",G21), "\$([A-Z]+)\$[0-9]+"))} | H21: {=IFERROR(IF(OR('Raw Data'!H21="",LEN(TRIM('Raw Data'!H21))=0),"",IF(AND(ISNUMBER('Raw Data'!H21), IFERROR('Raw Data'!H21 = ROUND('Raw Data'!H21, 2),FALSE)),"",_xlfn.REGEXEXTRACT(CELL("address",H21), "\$([A-Z]+)\$[0-9]+"))),_xlfn.REGEXEXTRACT(CELL("address",H21), "\$([A-Z]+)\$[0-9]+"))} | I21: {=IFERROR(IF(OR('Raw Data'!I21="",LEN(TRIM('Raw Data'!I21))=0),"",IF(AND(LEN('Raw Data'!I21) <= 50,LEN('Raw Data'!I21)> 0),"",_xlfn.REGEXEXTRACT(CELL("address",'Raw Data'!I21),"\$([A-Z]+)\$[0-9]+"))),_xlfn.REGEXEXTRACT(CELL("address",'Raw Data'!I21),"\$([A-Z]+)\$[0-9]+"))} | J21: {=IFERROR(IF(OR('Raw Data'!J21="",LEN(TRIM('Raw Data'!J21))=0),"",IF(AND(ISNUMBER('Raw Data'!J21),'Raw Data'!J21>=Configuration!$D$2),"",_xlfn.REGEXEXTRACT(CELL("address",'Raw Data'!J21),"\$([A-Z]+)\$[0-9]+"))),_xlfn.REGEXEXTRACT(CELL("address",J21), "\$([A-Z]+)\$[0-9]+"))} | K21: {=IFERROR(IF(OR('Raw Data'!K21="",LEN(TRIM('Raw Data'!K21))=0),"",IF(AND(ISNUMBER('Raw Data'!K21), IFERROR('Raw Data'!K21 = ROUND('Raw Data'!K21, 2),FALSE)),"",_xlfn.REGEXEXTRACT(CELL("address",K21), "\$([A-Z]+)\$[0-9]+"))),_xlfn.REGEXEXTRACT(CELL("address",K21), "\$([A-Z]+)\$[0-9]+"))} | L21: {=IFERROR(IF(OR('Raw Data'!L21="",LEN(TRIM('Raw Data'!L21))=0),"",IF(AND(ISNUMBER('Raw Data'!L21), IFERROR('Raw Data'!L21 = ROUND('Raw Data'!L21, 2),FALSE)),"",_xlfn.REGEXEXTRACT(CELL("address",L21), "\$([A-Z]+)\$[0-9]+"))),_xlfn.REGEXEXTRACT(CELL("address",L21), "\$([A-Z]+)\$[0-9]+"))} | M21: {=IFERROR(IF(OR('Raw Data'!M21="",LEN(TRIM('Raw Data'!M21))=0),"",IF(AND(ISNUMBER('Raw Data'!M21), IFERROR('Raw Data'!M21 = ROUND('Raw Data'!M21, 2),FALSE)),"",_xlfn.REGEXEXTRACT(CELL("address",M21), "\$([A-Z]+)\$[0-9]+"))),_xlfn.REGEXEXTRACT(CELL("address",M21), "\$([A-Z]+)\$[0-9]+"))} | N21: {=IFERROR(IF(OR('Raw Data'!N21="",LEN(TRIM('Raw Data'!N21))=0),"",IF(AND(ISNUMBER('Raw Data'!N21), IFERROR('Raw Data'!N21 = ROUND('Raw Data'!N21, 2),FALSE)),"",_xlfn.REGEXEXTRACT(CELL("address",N21), "\$([A-Z]+)\$[0-9]+"))),_xlfn.REGEXEXTRACT(CELL("address",N21), "\$([A-Z]+)\$[0-9]+"))} | O21: {=IFERROR(IF(OR('Raw Data'!O21="",LEN(TRIM('Raw Data'!O21))=0),"",IF(AND(ISNUMBER('Raw Data'!O21), IFERROR('Raw Data'!O21 = ROUND('Raw Data'!O21, 2),FALSE)),"",_xlfn.REGEXEXTRACT(CELL("address",O21), "\$([A-Z]+)\$[0-9]+"))),_xlfn.REGEXEXTRACT(CELL("address",O21), "\$([A-Z]+)\$[0-9]+"))} | P21: {=IFERROR(IF(OR('Raw Data'!P21="",LEN(TRIM('Raw Data'!P21))=0),"",IF(AND(ISNUMBER('Raw Data'!P21),'Raw Data'!P21>=Configuration!$D$2),"",_xlfn.REGEXEXTRACT(CELL("address",'Raw Data'!P21),"\$([A-Z]+)\$[0-9]+"))),_xlfn.REGEXEXTRACT(CELL("address",P21), "\$([A-Z]+)\$[0-9]+"))} | Q21: {=IFERROR(IF(OR('Raw Data'!Q21="",LEN(TRIM('Raw Data'!Q21))=0),"",IF(AND(ISNUMBER('Raw Data'!Q21),'Raw Data'!Q21>=Configuration!$D$2),"",_xlfn.REGEXEXTRACT(CELL("address",'Raw Data'!Q21),"\$([A-Z]+)\$[0-9]+"))),_xlfn.REGEXEXTRACT(CELL("address",Q21), "\$([A-Z]+)\$[0-9]+"))} | R21: {=IFERROR(IF(OR('Raw Data'!R21="",LEN(TRIM('Raw Data'!R21))=0),"",IF(AND(ISNUMBER('Raw Data'!R21), IFERROR('Raw Data'!R21 = ROUND('Raw Data'!R21, 2),FALSE)),"",_xlfn.REGEXEXTRACT(CELL("address",R21), "\$([A-Z]+)\$[0-9]+"))),_xlfn.REGEXEXTRACT(CELL("address",R21), "\$([A-Z]+)\$[0-9]+"))} | S21: {=IFERROR(IF(OR('Raw Data'!S21="",LEN(TRIM('Raw Data'!S21))=0),"",IF(AND(ISNUMBER('Raw Data'!S21), IFERROR('Raw Data'!S21 = ROUND('Raw Data'!S21, 2),FALSE)),"",_xlfn.REGEXEXTRACT(CELL("address",S21), "\$([A-Z]+)\$[0-9]+"))),_xlfn.REGEXEXTRACT(CELL("address",S21), "\$([A-Z]+)\$[0-9]+"))} | T21: {=IFERROR(IF(OR('Raw Data'!T21="",LEN(TRIM('Raw Data'!T21))=0),"",IF(AND(ISNUMBER('Raw Data'!T21), IFERROR('Raw Data'!T21 = ROUND('Raw Data'!T21, 2),FALSE)),"",_xlfn.REGEXEXTRACT(CELL("address",T21), "\$([A-Z]+)\$[0-9]+"))),_xlfn.REGEXEXTRACT(CELL("address",T21), "\$([A-Z]+)\$[0-9]+"))} | U21: {=IFERROR(IF(OR('Raw Data'!U21="",LEN(TRIM('Raw Data'!U21))=0),"",IF(AND(LEN('Raw Data'!U21) <= 5,LEN('Raw Data'!U21)> 0),"",_xlfn.REGEXEXTRACT(CELL("address",'Raw Data'!U21),"\$([A-Z]+)\$[0-9]+"))),_xlfn.REGEXEXTRACT(CELL("address",'Raw Data'!U21),"\$([A-Z]+)\$[0-9]+"))} | V21: {=IFERROR(IF(OR('Raw Data'!V21="",LEN(TRIM('Raw Data'!V21))=0),"",IF(AND(ISNUMBER('Raw Data'!V21), IFERROR('Raw Data'!V21 = ROUND('Raw Data'!V21, 2),FALSE)),"",_xlfn.REGEXEXTRACT(CELL("address",V21), "\$([A-Z]+)\$[0-9]+"))),_xlfn.REGEXEXTRACT(CELL("address",V21), "\$([A-Z]+)\$[0-9]+"))} | W21: {=IFERROR(IF(OR('Raw Data'!W21="",LEN(TRIM('Raw Data'!W21))=0),"",IF(AND(ISNUMBER('Raw Data'!W21), IFERROR('Raw Data'!W21 = ROUND('Raw Data'!W21, 2),FALSE)),"",_xlfn.REGEXEXTRACT(CELL("address",W21), "\$([A-Z]+)\$[0-9]+"))),_xlfn.REGEXEXTRACT(CELL("address",W21), "\$([A-Z]+)\$[0-9]+"))} | X21: {=IFERROR(IF(OR('Raw Data'!X21="",LEN(TRIM('Raw Data'!X21))=0),"",IF(AND(ISNUMBER('Raw Data'!X21), IFERROR('Raw Data'!X21 = ROUND('Raw Data'!X21, 2),FALSE)),"",_xlfn.REGEXEXTRACT(CELL("address",X21), "\$([A-Z]+)\$[0-9]+"))),_xlfn.REGEXEXTRACT(CELL("address",X21), "\$([A-Z]+)\$[0-9]+"))}
B22: {=IFERROR(IF(OR('Raw Data'!B22="",LEN(TRIM('Raw Data'!B22))=0),"",IF(AND(LEN('Raw Data'!B22) <= 50,LEN('Raw Data'!B22)> 0),"",_xlfn.REGEXEXTRACT(CELL("address",'Raw Data'!B22),"\$([A-Z]+)\$[0-9]+"))),_xlfn.REGEXEXTRACT(CELL("address",'Raw Data'!B22),"\$([A-Z]+)\$[0-9]+"))} | C22: {=IFERROR(IF(OR('Raw Data'!C22="",LEN(TRIM('Raw Data'!C22))=0),"",IF(AND(LEN('Raw Data'!C22) <= 50,LEN('Raw Data'!C22)> 0),"",_xlfn.REGEXEXTRACT(CELL("address",'Raw Data'!C22),"\$([A-Z]+)\$[0-9]+"))),_xlfn.REGEXEXTRACT(CELL("address",'Raw Data'!C22),"\$([A-Z]+)\$[0-9]+"))} | D22: {=IFERROR(IF(OR('Raw Data'!D22="",LEN(TRIM('Raw Data'!D22))=0),"",IF(AND(LEN('Raw Data'!D22) <= 255,LEN('Raw Data'!D22)> 0),"",_xlfn.REGEXEXTRACT(CELL("address",'Raw Data'!D22),"\$([A-Z]+)\$[0-9]+"))),_xlfn.REGEXEXTRACT(CELL("address",'Raw Data'!D22),"\$([A-Z]+)\$[0-9]+"))} | E22: {=IFERROR(IF(OR('Raw Data'!E22="",LEN(TRIM('Raw Data'!E22))=0),"",IF(AND(ISNUMBER('Raw Data'!E22),'Raw Data'!E22>=Configuration!$D$2),"",_xlfn.REGEXEXTRACT(CELL("address",'Raw Data'!E22),"\$([A-Z]+)\$[0-9]+"))),_xlfn.REGEXEXTRACT(CELL("address",E22), "\$([A-Z]+)\$[0-9]+"))} | F22: {=IFERROR(IF(OR('Raw Data'!F22="",LEN(TRIM('Raw Data'!F22))=0),"",IF(AND(LEN('Raw Data'!F22) <= 20,LEN('Raw Data'!F22)> 0),"",_xlfn.REGEXEXTRACT(CELL("address",'Raw Data'!F22),"\$([A-Z]+)\$[0-9]+"))),_xlfn.REGEXEXTRACT(CELL("address",'Raw Data'!F22),"\$([A-Z]+)\$[0-9]+"))} | G22: {=IFERROR(IF(OR('Raw Data'!G22="",LEN(TRIM('Raw Data'!G22))=0),"",IF(AND(ISNUMBER('Raw Data'!G22), IFERROR('Raw Data'!G22 = ROUND('Raw Data'!G22, 2),FALSE)),"",_xlfn.REGEXEXTRACT(CELL("address",G22), "\$([A-Z]+)\$[0-9]+"))),_xlfn.REGEXEXTRACT(CELL("address",G22), "\$([A-Z]+)\$[0-9]+"))} | H22: {=IFERROR(IF(OR('Raw Data'!H22="",LEN(TRIM('Raw Data'!H22))=0),"",IF(AND(ISNUMBER('Raw Data'!H22), IFERROR('Raw Data'!H22 = ROUND('Raw Data'!H22, 2),FALSE)),"",_xlfn.REGEXEXTRACT(CELL("address",H22), "\$([A-Z]+)\$[0-9]+"))),_xlfn.REGEXEXTRACT(CELL("address",H22), "\$([A-Z]+)\$[0-9]+"))} | I22: {=IFERROR(IF(OR('Raw Data'!I22="",LEN(TRIM('Raw Data'!I22))=0),"",IF(AND(LEN('Raw Data'!I22) <= 50,LEN('Raw Data'!I22)> 0),"",_xlfn.REGEXEXTRACT(CELL("address",'Raw Data'!I22),"\$([A-Z]+)\$[0-9]+"))),_xlfn.REGEXEXTRACT(CELL("address",'Raw Data'!I22),"\$([A-Z]+)\$[0-9]+"))} | J22: {=IFERROR(IF(OR('Raw Data'!J22="",LEN(TRIM('Raw Data'!J22))=0),"",IF(AND(ISNUMBER('Raw Data'!J22),'Raw Data'!J22>=Configuration!$D$2),"",_xlfn.REGEXEXTRACT(CELL("address",'Raw Data'!J22),"\$([A-Z]+)\$[0-9]+"))),_xlfn.REGEXEXTRACT(CELL("address",J22), "\$([A-Z]+)\$[0-9]+"))} | K22: {=IFERROR(IF(OR('Raw Data'!K22="",LEN(TRIM('Raw Data'!K22))=0),"",IF(AND(ISNUMBER('Raw Data'!K22), IFERROR('Raw Data'!K22 = ROUND('Raw Data'!K22, 2),FALSE)),"",_xlfn.REGEXEXTRACT(CELL("address",K22), "\$([A-Z]+)\$[0-9]+"))),_xlfn.REGEXEXTRACT(CELL("address",K22), "\$([A-Z]+)\$[0-9]+"))} | L22: {=IFERROR(IF(OR('Raw Data'!L22="",LEN(TRIM('Raw Data'!L22))=0),"",IF(AND(ISNUMBER('Raw Data'!L22), IFERROR('Raw Data'!L22 = ROUND('Raw Data'!L22, 2),FALSE)),"",_xlfn.REGEXEXTRACT(CELL("address",L22), "\$([A-Z]+)\$[0-9]+"))),_xlfn.REGEXEXTRACT(CELL("address",L22), "\$([A-Z]+)\$[0-9]+"))} | M22: {=IFERROR(IF(OR('Raw Data'!M22="",LEN(TRIM('Raw Data'!M22))=0),"",IF(AND(ISNUMBER('Raw Data'!M22), IFERROR('Raw Data'!M22 = ROUND('Raw Data'!M22, 2),FALSE)),"",_xlfn.REGEXEXTRACT(CELL("address",M22), "\$([A-Z]+)\$[0-9]+"))),_xlfn.REGEXEXTRACT(CELL("address",M22), "\$([A-Z]+)\$[0-9]+"))} | N22: {=IFERROR(IF(OR('Raw Data'!N22="",LEN(TRIM('Raw Data'!N22))=0),"",IF(AND(ISNUMBER('Raw Data'!N22), IFERROR('Raw Data'!N22 = ROUND('Raw Data'!N22, 2),FALSE)),"",_xlfn.REGEXEXTRACT(CELL("address",N22), "\$([A-Z]+)\$[0-9]+"))),_xlfn.REGEXEXTRACT(CELL("address",N22), "\$([A-Z]+)\$[0-9]+"))} | O22: {=IFERROR(IF(OR('Raw Data'!O22="",LEN(TRIM('Raw Data'!O22))=0),"",IF(AND(ISNUMBER('Raw Data'!O22), IFERROR('Raw Data'!O22 = ROUND('Raw Data'!O22, 2),FALSE)),"",_xlfn.REGEXEXTRACT(CELL("address",O22), "\$([A-Z]+)\$[0-9]+"))),_xlfn.REGEXEXTRACT(CELL("address",O22), "\$([A-Z]+)\$[0-9]+"))} | P22: {=IFERROR(IF(OR('Raw Data'!P22="",LEN(TRIM('Raw Data'!P22))=0),"",IF(AND(ISNUMBER('Raw Data'!P22),'Raw Data'!P22>=Configuration!$D$2),"",_xlfn.REGEXEXTRACT(CELL("address",'Raw Data'!P22),"\$([A-Z]+)\$[0-9]+"))),_xlfn.REGEXEXTRACT(CELL("address",P22), "\$([A-Z]+)\$[0-9]+"))} | Q22: {=IFERROR(IF(OR('Raw Data'!Q22="",LEN(TRIM('Raw Data'!Q22))=0),"",IF(AND(ISNUMBER('Raw Data'!Q22),'Raw Data'!Q22>=Configuration!$D$2),"",_xlfn.REGEXEXTRACT(CELL("address",'Raw Data'!Q22),"\$([A-Z]+)\$[0-9]+"))),_xlfn.REGEXEXTRACT(CELL("address",Q22), "\$([A-Z]+)\$[0-9]+"))} | R22: {=IFERROR(IF(OR('Raw Data'!R22="",LEN(TRIM('Raw Data'!R22))=0),"",IF(AND(ISNUMBER('Raw Data'!R22), IFERROR('Raw Data'!R22 = ROUND('Raw Data'!R22, 2),FALSE)),"",_xlfn.REGEXEXTRACT(CELL("address",R22), "\$([A-Z]+)\$[0-9]+"))),_xlfn.REGEXEXTRACT(CELL("address",R22), "\$([A-Z]+)\$[0-9]+"))} | S22: {=IFERROR(IF(OR('Raw Data'!S22="",LEN(TRIM('Raw Data'!S22))=0),"",IF(AND(ISNUMBER('Raw Data'!S22), IFERROR('Raw Data'!S22 = ROUND('Raw Data'!S22, 2),FALSE)),"",_xlfn.REGEXEXTRACT(CELL("address",S22), "\$([A-Z]+)\$[0-9]+"))),_xlfn.REGEXEXTRACT(CELL("address",S22), "\$([A-Z]+)\$[0-9]+"))} | T22: {=IFERROR(IF(OR('Raw Data'!T22="",LEN(TRIM('Raw Data'!T22))=0),"",IF(AND(ISNUMBER('Raw Data'!T22), IFERROR('Raw Data'!T22 = ROUND('Raw Data'!T22, 2),FALSE)),"",_xlfn.REGEXEXTRACT(CELL("address",T22), "\$([A-Z]+)\$[0-9]+"))),_xlfn.REGEXEXTRACT(CELL("address",T22), "\$([A-Z]+)\$[0-9]+"))} | U22: {=IFERROR(IF(OR('Raw Data'!U22="",LEN(TRIM('Raw Data'!U22))=0),"",IF(AND(LEN('Raw Data'!U22) <= 5,LEN('Raw Data'!U22)> 0),"",_xlfn.REGEXEXTRACT(CELL("address",'Raw Data'!U22),"\$([A-Z]+)\$[0-9]+"))),_xlfn.REGEXEXTRACT(CELL("address",'Raw Data'!U22),"\$([A-Z]+)\$[0-9]+"))} | V22: {=IFERROR(IF(OR('Raw Data'!V22="",LEN(TRIM('Raw Data'!V22))=0),"",IF(AND(ISNUMBER('Raw Data'!V22), IFERROR('Raw Data'!V22 = ROUND('Raw Data'!V22, 2),FALSE)),"",_xlfn.REGEXEXTRACT(CELL("address",V22), "\$([A-Z]+)\$[0-9]+"))),_xlfn.REGEXEXTRACT(CELL("address",V22), "\$([A-Z]+)\$[0-9]+"))} | W22: {=IFERROR(IF(OR('Raw Data'!W22="",LEN(TRIM('Raw Data'!W22))=0),"",IF(AND(ISNUMBER('Raw Data'!W22), IFERROR('Raw Data'!W22 = ROUND('Raw Data'!W22, 2),FALSE)),"",_xlfn.REGEXEXTRACT(CELL("address",W22), "\$([A-Z]+)\$[0-9]+"))),_xlfn.REGEXEXTRACT(CELL("address",W22), "\$([A-Z]+)\$[0-9]+"))} | X22: {=IFERROR(IF(OR('Raw Data'!X22="",LEN(TRIM('Raw Data'!X22))=0),"",IF(AND(ISNUMBER('Raw Data'!X22), IFERROR('Raw Data'!X22 = ROUND('Raw Data'!X22, 2),FALSE)),"",_xlfn.REGEXEXTRACT(CELL("address",X22), "\$([A-Z]+)\$[0-9]+"))),_xlfn.REGEXEXTRACT(CELL("address",X22), "\$([A-Z]+)\$[0-9]+"))}
B23: {=IFERROR(IF(OR('Raw Data'!B23="",LEN(TRIM('Raw Data'!B23))=0),"",IF(AND(LEN('Raw Data'!B23) <= 50,LEN('Raw Data'!B23)> 0),"",_xlfn.REGEXEXTRACT(CELL("address",'Raw Data'!B23),"\$([A-Z]+)\$[0-9]+"))),_xlfn.REGEXEXTRACT(CELL("address",'Raw Data'!B23),"\$([A-Z]+)\$[0-9]+"))} | C23: {=IFERROR(IF(OR('Raw Data'!C23="",LEN(TRIM('Raw Data'!C23))=0),"",IF(AND(LEN('Raw Data'!C23) <= 50,LEN('Raw Data'!C23)> 0),"",_xlfn.REGEXEXTRACT(CELL("address",'Raw Data'!C23),"\$([A-Z]+)\$[0-9]+"))),_xlfn.REGEXEXTRACT(CELL("address",'Raw Data'!C23),"\$([A-Z]+)\$[0-9]+"))} | D23: {=IFERROR(IF(OR('Raw Data'!D23="",LEN(TRIM('Raw Data'!D23))=0),"",IF(AND(LEN('Raw Data'!D23) <= 255,LEN('Raw Data'!D23)> 0),"",_xlfn.REGEXEXTRACT(CELL("address",'Raw Data'!D23),"\$([A-Z]+)\$[0-9]+"))),_xlfn.REGEXEXTRACT(CELL("address",'Raw Data'!D23),"\$([A-Z]+)\$[0-9]+"))} | E23: {=IFERROR(IF(OR('Raw Data'!E23="",LEN(TRIM('Raw Data'!E23))=0),"",IF(AND(ISNUMBER('Raw Data'!E23),'Raw Data'!E23>=Configuration!$D$2),"",_xlfn.REGEXEXTRACT(CELL("address",'Raw Data'!E23),"\$([A-Z]+)\$[0-9]+"))),_xlfn.REGEXEXTRACT(CELL("address",E23), "\$([A-Z]+)\$[0-9]+"))} | F23: {=IFERROR(IF(OR('Raw Data'!F23="",LEN(TRIM('Raw Data'!F23))=0),"",IF(AND(LEN('Raw Data'!F23) <= 20,LEN('Raw Data'!F23)> 0),"",_xlfn.REGEXEXTRACT(CELL("address",'Raw Data'!F23),"\$([A-Z]+)\$[0-9]+"))),_xlfn.REGEXEXTRACT(CELL("address",'Raw Data'!F23),"\$([A-Z]+)\$[0-9]+"))} | G23: {=IFERROR(IF(OR('Raw Data'!G23="",LEN(TRIM('Raw Data'!G23))=0),"",IF(AND(ISNUMBER('Raw Data'!G23), IFERROR('Raw Data'!G23 = ROUND('Raw Data'!G23, 2),FALSE)),"",_xlfn.REGEXEXTRACT(CELL("address",G23), "\$([A-Z]+)\$[0-9]+"))),_xlfn.REGEXEXTRACT(CELL("address",G23), "\$([A-Z]+)\$[0-9]+"))} | H23: {=IFERROR(IF(OR('Raw Data'!H23="",LEN(TRIM('Raw Data'!H23))=0),"",IF(AND(ISNUMBER('Raw Data'!H23), IFERROR('Raw Data'!H23 = ROUND('Raw Data'!H23, 2),FALSE)),"",_xlfn.REGEXEXTRACT(CELL("address",H23), "\$([A-Z]+)\$[0-9]+"))),_xlfn.REGEXEXTRACT(CELL("address",H23), "\$([A-Z]+)\$[0-9]+"))} | I23: {=IFERROR(IF(OR('Raw Data'!I23="",LEN(TRIM('Raw Data'!I23))=0),"",IF(AND(LEN('Raw Data'!I23) <= 50,LEN('Raw Data'!I23)> 0),"",_xlfn.REGEXEXTRACT(CELL("address",'Raw Data'!I23),"\$([A-Z]+)\$[0-9]+"))),_xlfn.REGEXEXTRACT(CELL("address",'Raw Data'!I23),"\$([A-Z]+)\$[0-9]+"))} | J23: {=IFERROR(IF(OR('Raw Data'!J23="",LEN(TRIM('Raw Data'!J23))=0),"",IF(AND(ISNUMBER('Raw Data'!J23),'Raw Data'!J23>=Configuration!$D$2),"",_xlfn.REGEXEXTRACT(CELL("address",'Raw Data'!J23),"\$([A-Z]+)\$[0-9]+"))),_xlfn.REGEXEXTRACT(CELL("address",J23), "\$([A-Z]+)\$[0-9]+"))} | K23: {=IFERROR(IF(OR('Raw Data'!K23="",LEN(TRIM('Raw Data'!K23))=0),"",IF(AND(ISNUMBER('Raw Data'!K23), IFERROR('Raw Data'!K23 = ROUND('Raw Data'!K23, 2),FALSE)),"",_xlfn.REGEXEXTRACT(CELL("address",K23), "\$([A-Z]+)\$[0-9]+"))),_xlfn.REGEXEXTRACT(CELL("address",K23), "\$([A-Z]+)\$[0-9]+"))} | L23: {=IFERROR(IF(OR('Raw Data'!L23="",LEN(TRIM('Raw Data'!L23))=0),"",IF(AND(ISNUMBER('Raw Data'!L23), IFERROR('Raw Data'!L23 = ROUND('Raw Data'!L23, 2),FALSE)),"",_xlfn.REGEXEXTRACT(CELL("address",L23), "\$([A-Z]+)\$[0-9]+"))),_xlfn.REGEXEXTRACT(CELL("address",L23), "\$([A-Z]+)\$[0-9]+"))} | M23: {=IFERROR(IF(OR('Raw Data'!M23="",LEN(TRIM('Raw Data'!M23))=0),"",IF(AND(ISNUMBER('Raw Data'!M23), IFERROR('Raw Data'!M23 = ROUND('Raw Data'!M23, 2),FALSE)),"",_xlfn.REGEXEXTRACT(CELL("address",M23), "\$([A-Z]+)\$[0-9]+"))),_xlfn.REGEXEXTRACT(CELL("address",M23), "\$([A-Z]+)\$[0-9]+"))} | N23: {=IFERROR(IF(OR('Raw Data'!N23="",LEN(TRIM('Raw Data'!N23))=0),"",IF(AND(ISNUMBER('Raw Data'!N23), IFERROR('Raw Data'!N23 = ROUND('Raw Data'!N23, 2),FALSE)),"",_xlfn.REGEXEXTRACT(CELL("address",N23), "\$([A-Z]+)\$[0-9]+"))),_xlfn.REGEXEXTRACT(CELL("address",N23), "\$([A-Z]+)\$[0-9]+"))} | O23: {=IFERROR(IF(OR('Raw Data'!O23="",LEN(TRIM('Raw Data'!O23))=0),"",IF(AND(ISNUMBER('Raw Data'!O23), IFERROR('Raw Data'!O23 = ROUND('Raw Data'!O23, 2),FALSE)),"",_xlfn.REGEXEXTRACT(CELL("address",O23), "\$([A-Z]+)\$[0-9]+"))),_xlfn.REGEXEXTRACT(CELL("address",O23), "\$([A-Z]+)\$[0-9]+"))} | P23: {=IFERROR(IF(OR('Raw Data'!P23="",LEN(TRIM('Raw Data'!P23))=0),"",IF(AND(ISNUMBER('Raw Data'!P23),'Raw Data'!P23>=Configuration!$D$2),"",_xlfn.REGEXEXTRACT(CELL("address",'Raw Data'!P23),"\$([A-Z]+)\$[0-9]+"))),_xlfn.REGEXEXTRACT(CELL("address",P23), "\$([A-Z]+)\$[0-9]+"))} | Q23: {=IFERROR(IF(OR('Raw Data'!Q23="",LEN(TRIM('Raw Data'!Q23))=0),"",IF(AND(ISNUMBER('Raw Data'!Q23),'Raw Data'!Q23>=Configuration!$D$2),"",_xlfn.REGEXEXTRACT(CELL("address",'Raw Data'!Q23),"\$([A-Z]+)\$[0-9]+"))),_xlfn.REGEXEXTRACT(CELL("address",Q23), "\$([A-Z]+)\$[0-9]+"))} | R23: {=IFERROR(IF(OR('Raw Data'!R23="",LEN(TRIM('Raw Data'!R23))=0),"",IF(AND(ISNUMBER('Raw Data'!R23), IFERROR('Raw Data'!R23 = ROUND('Raw Data'!R23, 2),FALSE)),"",_xlfn.REGEXEXTRACT(CELL("address",R23), "\$([A-Z]+)\$[0-9]+"))),_xlfn.REGEXEXTRACT(CELL("address",R23), "\$([A-Z]+)\$[0-9]+"))} | S23: {=IFERROR(IF(OR('Raw Data'!S23="",LEN(TRIM('Raw Data'!S23))=0),"",IF(AND(ISNUMBER('Raw Data'!S23), IFERROR('Raw Data'!S23 = ROUND('Raw Data'!S23, 2),FALSE)),"",_xlfn.REGEXEXTRACT(CELL("address",S23), "\$([A-Z]+)\$[0-9]+"))),_xlfn.REGEXEXTRACT(CELL("address",S23), "\$([A-Z]+)\$[0-9]+"))} | T23: {=IFERROR(IF(OR('Raw Data'!T23="",LEN(TRIM('Raw Data'!T23))=0),"",IF(AND(ISNUMBER('Raw Data'!T23), IFERROR('Raw Data'!T23 = ROUND('Raw Data'!T23, 2),FALSE)),"",_xlfn.REGEXEXTRACT(CELL("address",T23), "\$([A-Z]+)\$[0-9]+"))),_xlfn.REGEXEXTRACT(CELL("address",T23), "\$([A-Z]+)\$[0-9]+"))} | U23: {=IFERROR(IF(OR('Raw Data'!U23="",LEN(TRIM('Raw Data'!U23))=0),"",IF(AND(LEN('Raw Data'!U23) <= 5,LEN('Raw Data'!U23)> 0),"",_xlfn.REGEXEXTRACT(CELL("address",'Raw Data'!U23),"\$([A-Z]+)\$[0-9]+"))),_xlfn.REGEXEXTRACT(CELL("address",'Raw Data'!U23),"\$([A-Z]+)\$[0-9]+"))} | V23: {=IFERROR(IF(OR('Raw Data'!V23="",LEN(TRIM('Raw Data'!V23))=0),"",IF(AND(ISNUMBER('Raw Data'!V23), IFERROR('Raw Data'!V23 = ROUND('Raw Data'!V23, 2),FALSE)),"",_xlfn.REGEXEXTRACT(CELL("address",V23), "\$([A-Z]+)\$[0-9]+"))),_xlfn.REGEXEXTRACT(CELL("address",V23), "\$([A-Z]+)\$[0-9]+"))} | W23: {=IFERROR(IF(OR('Raw Data'!W23="",LEN(TRIM('Raw Data'!W23))=0),"",IF(AND(ISNUMBER('Raw Data'!W23), IFERROR('Raw Data'!W23 = ROUND('Raw Data'!W23, 2),FALSE)),"",_xlfn.REGEXEXTRACT(CELL("address",W23), "\$([A-Z]+)\$[0-9]+"))),_xlfn.REGEXEXTRACT(CELL("address",W23), "\$([A-Z]+)\$[0-9]+"))} | X23: {=IFERROR(IF(OR('Raw Data'!X23="",LEN(TRIM('Raw Data'!X23))=0),"",IF(AND(ISNUMBER('Raw Data'!X23), IFERROR('Raw Data'!X23 = ROUND('Raw Data'!X23, 2),FALSE)),"",_xlfn.REGEXEXTRACT(CELL("address",X23), "\$([A-Z]+)\$[0-9]+"))),_xlfn.REGEXEXTRACT(CELL("address",X23), "\$([A-Z]+)\$[0-9]+"))}
B24: {=IFERROR(IF(OR('Raw Data'!B24="",LEN(TRIM('Raw Data'!B24))=0),"",IF(AND(LEN('Raw Data'!B24) <= 50,LEN('Raw Data'!B24)> 0),"",_xlfn.REGEXEXTRACT(CELL("address",'Raw Data'!B24),"\$([A-Z]+)\$[0-9]+"))),_xlfn.REGEXEXTRACT(CELL("address",'Raw Data'!B24),"\$([A-Z]+)\$[0-9]+"))} | C24: {=IFERROR(IF(OR('Raw Data'!C24="",LEN(TRIM('Raw Data'!C24))=0),"",IF(AND(LEN('Raw Data'!C24) <= 50,LEN('Raw Data'!C24)> 0),"",_xlfn.REGEXEXTRACT(CELL("address",'Raw Data'!C24),"\$([A-Z]+)\$[0-9]+"))),_xlfn.REGEXEXTRACT(CELL("address",'Raw Data'!C24),"\$([A-Z]+)\$[0-9]+"))} | D24: {=IFERROR(IF(OR('Raw Data'!D24="",LEN(TRIM('Raw Data'!D24))=0),"",IF(AND(LEN('Raw Data'!D24) <= 255,LEN('Raw Data'!D24)> 0),"",_xlfn.REGEXEXTRACT(CELL("address",'Raw Data'!D24),"\$([A-Z]+)\$[0-9]+"))),_xlfn.REGEXEXTRACT(CELL("address",'Raw Data'!D24),"\$([A-Z]+)\$[0-9]+"))} | E24: {=IFERROR(IF(OR('Raw Data'!E24="",LEN(TRIM('Raw Data'!E24))=0),"",IF(AND(ISNUMBER('Raw Data'!E24),'Raw Data'!E24>=Configuration!$D$2),"",_xlfn.REGEXEXTRACT(CELL("address",'Raw Data'!E24),"\$([A-Z]+)\$[0-9]+"))),_xlfn.REGEXEXTRACT(CELL("address",E24), "\$([A-Z]+)\$[0-9]+"))} | F24: {=IFERROR(IF(OR('Raw Data'!F24="",LEN(TRIM('Raw Data'!F24))=0),"",IF(AND(LEN('Raw Data'!F24) <= 20,LEN('Raw Data'!F24)> 0),"",_xlfn.REGEXEXTRACT(CELL("address",'Raw Data'!F24),"\$([A-Z]+)\$[0-9]+"))),_xlfn.REGEXEXTRACT(CELL("address",'Raw Data'!F24),"\$([A-Z]+)\$[0-9]+"))} | G24: {=IFERROR(IF(OR('Raw Data'!G24="",LEN(TRIM('Raw Data'!G24))=0),"",IF(AND(ISNUMBER('Raw Data'!G24), IFERROR('Raw Data'!G24 = ROUND('Raw Data'!G24, 2),FALSE)),"",_xlfn.REGEXEXTRACT(CELL("address",G24), "\$([A-Z]+)\$[0-9]+"))),_xlfn.REGEXEXTRACT(CELL("address",G24), "\$([A-Z]+)\$[0-9]+"))} | H24: {=IFERROR(IF(OR('Raw Data'!H24="",LEN(TRIM('Raw Data'!H24))=0),"",IF(AND(ISNUMBER('Raw Data'!H24), IFERROR('Raw Data'!H24 = ROUND('Raw Data'!H24, 2),FALSE)),"",_xlfn.REGEXEXTRACT(CELL("address",H24), "\$([A-Z]+)\$[0-9]+"))),_xlfn.REGEXEXTRACT(CELL("address",H24), "\$([A-Z]+)\$[0-9]+"))} | I24: {=IFERROR(IF(OR('Raw Data'!I24="",LEN(TRIM('Raw Data'!I24))=0),"",IF(AND(LEN('Raw Data'!I24) <= 50,LEN('Raw Data'!I24)> 0),"",_xlfn.REGEXEXTRACT(CELL("address",'Raw Data'!I24),"\$([A-Z]+)\$[0-9]+"))),_xlfn.REGEXEXTRACT(CELL("address",'Raw Data'!I24),"\$([A-Z]+)\$[0-9]+"))} | J24: {=IFERROR(IF(OR('Raw Data'!J24="",LEN(TRIM('Raw Data'!J24))=0),"",IF(AND(ISNUMBER('Raw Data'!J24),'Raw Data'!J24>=Configuration!$D$2),"",_xlfn.REGEXEXTRACT(CELL("address",'Raw Data'!J24),"\$([A-Z]+)\$[0-9]+"))),_xlfn.REGEXEXTRACT(CELL("address",J24), "\$([A-Z]+)\$[0-9]+"))} | K24: {=IFERROR(IF(OR('Raw Data'!K24="",LEN(TRIM('Raw Data'!K24))=0),"",IF(AND(ISNUMBER('Raw Data'!K24), IFERROR('Raw Data'!K24 = ROUND('Raw Data'!K24, 2),FALSE)),"",_xlfn.REGEXEXTRACT(CELL("address",K24), "\$([A-Z]+)\$[0-9]+"))),_xlfn.REGEXEXTRACT(CELL("address",K24), "\$([A-Z]+)\$[0-9]+"))} | L24: {=IFERROR(IF(OR('Raw Data'!L24="",LEN(TRIM('Raw Data'!L24))=0),"",IF(AND(ISNUMBER('Raw Data'!L24), IFERROR('Raw Data'!L24 = ROUND('Raw Data'!L24, 2),FALSE)),"",_xlfn.REGEXEXTRACT(CELL("address",L24), "\$([A-Z]+)\$[0-9]+"))),_xlfn.REGEXEXTRACT(CELL("address",L24), "\$([A-Z]+)\$[0-9]+"))} | M24: {=IFERROR(IF(OR('Raw Data'!M24="",LEN(TRIM('Raw Data'!M24))=0),"",IF(AND(ISNUMBER('Raw Data'!M24), IFERROR('Raw Data'!M24 = ROUND('Raw Data'!M24, 2),FALSE)),"",_xlfn.REGEXEXTRACT(CELL("address",M24), "\$([A-Z]+)\$[0-9]+"))),_xlfn.REGEXEXTRACT(CELL("address",M24), "\$([A-Z]+)\$[0-9]+"))} | N24: {=IFERROR(IF(OR('Raw Data'!N24="",LEN(TRIM('Raw Data'!N24))=0),"",IF(AND(ISNUMBER('Raw Data'!N24), IFERROR('Raw Data'!N24 = ROUND('Raw Data'!N24, 2),FALSE)),"",_xlfn.REGEXEXTRACT(CELL("address",N24), "\$([A-Z]+)\$[0-9]+"))),_xlfn.REGEXEXTRACT(CELL("address",N24), "\$([A-Z]+)\$[0-9]+"))} | O24: {=IFERROR(IF(OR('Raw Data'!O24="",LEN(TRIM('Raw Data'!O24))=0),"",IF(AND(ISNUMBER('Raw Data'!O24), IFERROR('Raw Data'!O24 = ROUND('Raw Data'!O24, 2),FALSE)),"",_xlfn.REGEXEXTRACT(CELL("address",O24), "\$([A-Z]+)\$[0-9]+"))),_xlfn.REGEXEXTRACT(CELL("address",O24), "\$([A-Z]+)\$[0-9]+"))} | P24: {=IFERROR(IF(OR('Raw Data'!P24="",LEN(TRIM('Raw Data'!P24))=0),"",IF(AND(ISNUMBER('Raw Data'!P24),'Raw Data'!P24>=Configuration!$D$2),"",_xlfn.REGEXEXTRACT(CELL("address",'Raw Data'!P24),"\$([A-Z]+)\$[0-9]+"))),_xlfn.REGEXEXTRACT(CELL("address",P24), "\$([A-Z]+)\$[0-9]+"))} | Q24: {=IFERROR(IF(OR('Raw Data'!Q24="",LEN(TRIM('Raw Data'!Q24))=0),"",IF(AND(ISNUMBER('Raw Data'!Q24),'Raw Data'!Q24>=Configuration!$D$2),"",_xlfn.REGEXEXTRACT(CELL("address",'Raw Data'!Q24),"\$([A-Z]+)\$[0-9]+"))),_xlfn.REGEXEXTRACT(CELL("address",Q24), "\$([A-Z]+)\$[0-9]+"))} | R24: {=IFERROR(IF(OR('Raw Data'!R24="",LEN(TRIM('Raw Data'!R24))=0),"",IF(AND(ISNUMBER('Raw Data'!R24), IFERROR('Raw Data'!R24 = ROUND('Raw Data'!R24, 2),FALSE)),"",_xlfn.REGEXEXTRACT(CELL("address",R24), "\$([A-Z]+)\$[0-9]+"))),_xlfn.REGEXEXTRACT(CELL("address",R24), "\$([A-Z]+)\$[0-9]+"))} | S24: {=IFERROR(IF(OR('Raw Data'!S24="",LEN(TRIM('Raw Data'!S24))=0),"",IF(AND(ISNUMBER('Raw Data'!S24), IFERROR('Raw Data'!S24 = ROUND('Raw Data'!S24, 2),FALSE)),"",_xlfn.REGEXEXTRACT(CELL("address",S24), "\$([A-Z]+)\$[0-9]+"))),_xlfn.REGEXEXTRACT(CELL("address",S24), "\$([A-Z]+)\$[0-9]+"))} | T24: {=IFERROR(IF(OR('Raw Data'!T24="",LEN(TRIM('Raw Data'!T24))=0),"",IF(AND(ISNUMBER('Raw Data'!T24), IFERROR('Raw Data'!T24 = ROUND('Raw Data'!T24, 2),FALSE)),"",_xlfn.REGEXEXTRACT(CELL("address",T24), "\$([A-Z]+)\$[0-9]+"))),_xlfn.REGEXEXTRACT(CELL("address",T24), "\$([A-Z]+)\$[0-9]+"))} | U24: {=IFERROR(IF(OR('Raw Data'!U24="",LEN(TRIM('Raw Data'!U24))=0),"",IF(AND(LEN('Raw Data'!U24) <= 5,LEN('Raw Data'!U24)> 0),"",_xlfn.REGEXEXTRACT(CELL("address",'Raw Data'!U24),"\$([A-Z]+)\$[0-9]+"))),_xlfn.REGEXEXTRACT(CELL("address",'Raw Data'!U24),"\$([A-Z]+)\$[0-9]+"))} | V24: {=IFERROR(IF(OR('Raw Data'!V24="",LEN(TRIM('Raw Data'!V24))=0),"",IF(AND(ISNUMBER('Raw Data'!V24), IFERROR('Raw Data'!V24 = ROUND('Raw Data'!V24, 2),FALSE)),"",_xlfn.REGEXEXTRACT(CELL("address",V24), "\$([A-Z]+)\$[0-9]+"))),_xlfn.REGEXEXTRACT(CELL("address",V24), "\$([A-Z]+)\$[0-9]+"))} | W24: {=IFERROR(IF(OR('Raw Data'!W24="",LEN(TRIM('Raw Data'!W24))=0),"",IF(AND(ISNUMBER('Raw Data'!W24), IFERROR('Raw Data'!W24 = ROUND('Raw Data'!W24, 2),FALSE)),"",_xlfn.REGEXEXTRACT(CELL("address",W24), "\$([A-Z]+)\$[0-9]+"))),_xlfn.REGEXEXTRACT(CELL("address",W24), "\$([A-Z]+)\$[0-9]+"))} | X24: {=IFERROR(IF(OR('Raw Data'!X24="",LEN(TRIM('Raw Data'!X24))=0),"",IF(AND(ISNUMBER('Raw Data'!X24), IFERROR('Raw Data'!X24 = ROUND('Raw Data'!X24, 2),FALSE)),"",_xlfn.REGEXEXTRACT(CELL("address",X24), "\$([A-Z]+)\$[0-9]+"))),_xlfn.REGEXEXTRACT(CELL("address",X24), "\$([A-Z]+)\$[0-9]+"))}
... B251: {=IFERROR(IF(OR('Raw Data'!B251="",LEN(TRIM('Raw Data'!B251))=0),"",IF(AND(LEN('Raw Data'!B251) <= 50,LEN('Raw Data'!B251)> 0),"",_xlfn.REGEXEXTRACT(CELL("address",'Raw Data'!B251),"\$([A-Z]+)\$[0-9]+"))),_xlfn.REGEXEXTRACT(CELL("address",'Raw Data'!B251),"\$([A-Z]+)\$[0-9]+"))} | C251: {=IFERROR(IF(OR('Raw Data'!C251="",LEN(TRIM('Raw Data'!C251))=0),"",IF(AND(LEN('Raw Data'!C251) <= 50,LEN('Raw Data'!C251)> 0),"",_xlfn.REGEXEXTRACT(CELL("address",'Raw Data'!C251),"\$([A-Z]+)\$[0-9]+"))),_xlfn.REGEXEXTRACT(CELL("address",'Raw Data'!C251),"\$([A-Z]+)\$[0-9]+"))} | D251: {=IFERROR(IF(OR('Raw Data'!D251="",LEN(TRIM('Raw Data'!D251))=0),"",IF(AND(LEN('Raw Data'!D251) <= 255,LEN('Raw Data'!D251)> 0),"",_xlfn.REGEXEXTRACT(CELL("address",'Raw Data'!D251),"\$([A-Z]+)\$[0-9]+"))),_xlfn.REGEXEXTRACT(CELL("address",'Raw Data'!D251),"\$([A-Z]+)\$[0-9]+"))} | E251: {=IFERROR(IF(OR('Raw Data'!E251="",LEN(TRIM('Raw Data'!E251))=0),"",IF(AND(ISNUMBER('Raw Data'!E251),'Raw Data'!E251>=Configuration!$D$2),"",_xlfn.REGEXEXTRACT(CELL("address",'Raw Data'!E251),"\$([A-Z]+)\$[0-9]+"))),_xlfn.REGEXEXTRACT(CELL("address",E251), "\$([A-Z]+)\$[0-9]+"))} | F251: {=IFERROR(IF(OR('Raw Data'!F251="",LEN(TRIM('Raw Data'!F251))=0),"",IF(AND(LEN('Raw Data'!F251) <= 20,LEN('Raw Data'!F251)> 0),"",_xlfn.REGEXEXTRACT(CELL("address",'Raw Data'!F251),"\$([A-Z]+)\$[0-9]+"))),_xlfn.REGEXEXTRACT(CELL("address",'Raw Data'!F251),"\$([A-Z]+)\$[0-9]+"))} | G251: {=IFERROR(IF(OR('Raw Data'!G251="",LEN(TRIM('Raw Data'!G251))=0),"",IF(AND(ISNUMBER('Raw Data'!G251), IFERROR('Raw Data'!G251 = ROUND('Raw Data'!G251, 2),FALSE)),"",_xlfn.REGEXEXTRACT(CELL("address",G251), "\$([A-Z]+)\$[0-9]+"))),_xlfn.REGEXEXTRACT(CELL("address",G251), "\$([A-Z]+)\$[0-9]+"))} | H251: {=IFERROR(IF(OR('Raw Data'!H251="",LEN(TRIM('Raw Data'!H251))=0),"",IF(AND(ISNUMBER('Raw Data'!H251), IFERROR('Raw Data'!H251 = ROUND('Raw Data'!H251, 2),FALSE)),"",_xlfn.REGEXEXTRACT(CELL("address",H251), "\$([A-Z]+)\$[0-9]+"))),_xlfn.REGEXEXTRACT(CELL("address",H251), "\$([A-Z]+)\$[0-9]+"))} | I251: {=IFERROR(IF(OR('Raw Data'!I251="",LEN(TRIM('Raw Data'!I251))=0),"",IF(AND(LEN('Raw Data'!I251) <= 50,LEN('Raw Data'!I251)> 0),"",_xlfn.REGEXEXTRACT(CELL("address",'Raw Data'!I251),"\$([A-Z]+)\$[0-9]+"))),_xlfn.REGEXEXTRACT(CELL("address",'Raw Data'!I251),"\$([A-Z]+)\$[0-9]+"))} | J251: {=IFERROR(IF(OR('Raw Data'!J251="",LEN(TRIM('Raw Data'!J251))=0),"",IF(AND(ISNUMBER('Raw Data'!J251),'Raw Data'!J251>=Configuration!$D$2),"",_xlfn.REGEXEXTRACT(CELL("address",'Raw Data'!J251),"\$([A-Z]+)\$[0-9]+"))),_xlfn.REGEXEXTRACT(CELL("address",J251), "\$([A-Z]+)\$[0-9]+"))} | K251: {=IFERROR(IF(OR('Raw Data'!K251="",LEN(TRIM('Raw Data'!K251))=0),"",IF(AND(ISNUMBER('Raw Data'!K251), IFERROR('Raw Data'!K251 = ROUND('Raw Data'!K251, 2),FALSE)),"",_xlfn.REGEXEXTRACT(CELL("address",K251), "\$([A-Z]+)\$[0-9]+"))),_xlfn.REGEXEXTRACT(CELL("address",K251), "\$([A-Z]+)\$[0-9]+"))} | L251: {=IFERROR(IF(OR('Raw Data'!L251="",LEN(TRIM('Raw Data'!L251))=0),"",IF(AND(ISNUMBER('Raw Data'!L251), IFERROR('Raw Data'!L251 = ROUND('Raw Data'!L251, 2),FALSE)),"",_xlfn.REGEXEXTRACT(CELL("address",L251), "\$([A-Z]+)\$[0-9]+"))),_xlfn.REGEXEXTRACT(CELL("address",L251), "\$([A-Z]+)\$[0-9]+"))} | M251: {=IFERROR(IF(OR('Raw Data'!M251="",LEN(TRIM('Raw Data'!M251))=0),"",IF(AND(ISNUMBER('Raw Data'!M251), IFERROR('Raw Data'!M251 = ROUND('Raw Data'!M251, 2),FALSE)),"",_xlfn.REGEXEXTRACT(CELL("address",M251), "\$([A-Z]+)\$[0-9]+"))),_xlfn.REGEXEXTRACT(CELL("address",M251), "\$([A-Z]+)\$[0-9]+"))} | N251: {=IFERROR(IF(OR('Raw Data'!N251="",LEN(TRIM('Raw Data'!N251))=0),"",IF(AND(ISNUMBER('Raw Data'!N251), IFERROR('Raw Data'!N251 = ROUND('Raw Data'!N251, 2),FALSE)),"",_xlfn.REGEXEXTRACT(CELL("address",N251), "\$([A-Z]+)\$[0-9]+"))),_xlfn.REGEXEXTRACT(CELL("address",N251), "\$([A-Z]+)\$[0-9]+"))} | O251: {=IFERROR(IF(OR('Raw Data'!O251="",LEN(TRIM('Raw Data'!O251))=0),"",IF(AND(ISNUMBER('Raw Data'!O251), IFERROR('Raw Data'!O251 = ROUND('Raw Data'!O251, 2),FALSE)),"",_xlfn.REGEXEXTRACT(CELL("address",O251), "\$([A-Z]+)\$[0-9]+"))),_xlfn.REGEXEXTRACT(CELL("address",O251), "\$([A-Z]+)\$[0-9]+"))} | P251: {=IFERROR(IF(OR('Raw Data'!P251="",LEN(TRIM('Raw Data'!P251))=0),"",IF(AND(ISNUMBER('Raw Data'!P251),'Raw Data'!P251>=Configuration!$D$2),"",_xlfn.REGEXEXTRACT(CELL("address",'Raw Data'!P251),"\$([A-Z]+)\$[0-9]+"))),_xlfn.REGEXEXTRACT(CELL("address",P251), "\$([A-Z]+)\$[0-9]+"))} | Q251: {=IFERROR(IF(OR('Raw Data'!Q251="",LEN(TRIM('Raw Data'!Q251))=0),"",IF(AND(ISNUMBER('Raw Data'!Q251),'Raw Data'!Q251>=Configuration!$D$2),"",_xlfn.REGEXEXTRACT(CELL("address",'Raw Data'!Q251),"\$([A-Z]+)\$[0-9]+"))),_xlfn.REGEXEXTRACT(CELL("address",Q251), "\$([A-Z]+)\$[0-9]+"))} | R251: {=IFERROR(IF(OR('Raw Data'!R251="",LEN(TRIM('Raw Data'!R251))=0),"",IF(AND(ISNUMBER('Raw Data'!R251), IFERROR('Raw Data'!R251 = ROUND('Raw Data'!R251, 2),FALSE)),"",_xlfn.REGEXEXTRACT(CELL("address",R251), "\$([A-Z]+)\$[0-9]+"))),_xlfn.REGEXEXTRACT(CELL("address",R251), "\$([A-Z]+)\$[0-9]+"))} | S251: {=IFERROR(IF(OR('Raw Data'!S251="",LEN(TRIM('Raw Data'!S251))=0),"",IF(AND(ISNUMBER('Raw Data'!S251), IFERROR('Raw Data'!S251 = ROUND('Raw Data'!S251, 2),FALSE)),"",_xlfn.REGEXEXTRACT(CELL("address",S251), "\$([A-Z]+)\$[0-9]+"))),_xlfn.REGEXEXTRACT(CELL("address",S251), "\$([A-Z]+)\$[0-9]+"))} | T251: {=IFERROR(IF(OR('Raw Data'!T251="",LEN(TRIM('Raw Data'!T251))=0),"",IF(AND(ISNUMBER('Raw Data'!T251), IFERROR('Raw Data'!T251 = ROUND('Raw Data'!T251, 2),FALSE)),"",_xlfn.REGEXEXTRACT(CELL("address",T251), "\$([A-Z]+)\$[0-9]+"))),_xlfn.REGEXEXTRACT(CELL("address",T251), "\$([A-Z]+)\$[0-9]+"))} | U251: {=IFERROR(IF(OR('Raw Data'!U251="",LEN(TRIM('Raw Data'!U251))=0),"",IF(AND(LEN('Raw Data'!U251) <= 5,LEN('Raw Data'!U251)> 0),"",_xlfn.REGEXEXTRACT(CELL("address",'Raw Data'!U251),"\$([A-Z]+)\$[0-9]+"))),_xlfn.REGEXEXTRACT(CELL("address",'Raw Data'!U251),"\$([A-Z]+)\$[0-9]+"))} | V251: {=IFERROR(IF(OR('Raw Data'!V251="",LEN(TRIM('Raw Data'!V251))=0),"",IF(AND(ISNUMBER('Raw Data'!V251), IFERROR('Raw Data'!V251 = ROUND('Raw Data'!V251, 2),FALSE)),"",_xlfn.REGEXEXTRACT(CELL("address",V251), "\$([A-Z]+)\$[0-9]+"))),_xlfn.REGEXEXTRACT(CELL("address",V251), "\$([A-Z]+)\$[0-9]+"))} | W251: {=IFERROR(IF(OR('Raw Data'!W251="",LEN(TRIM('Raw Data'!W251))=0),"",IF(AND(ISNUMBER('Raw Data'!W251), IFERROR('Raw Data'!W251 = ROUND('Raw Data'!W251, 2),FALSE)),"",_xlfn.REGEXEXTRACT(CELL("address",W251), "\$([A-Z]+)\$[0-9]+"))),_xlfn.REGEXEXTRACT(CELL("address",W251), "\$([A-Z]+)\$[0-9]+"))} | X251: {=IFERROR(IF(OR('Raw Data'!X251="",LEN(TRIM('Raw Data'!X251))=0),"",IF(AND(ISNUMBER('Raw Data'!X251), IFERROR('Raw Data'!X251 = ROUND('Raw Data'!X251, 2),FALSE)),"",_xlfn.REGEXEXTRACT(CELL("address",X251), "\$([A-Z]+)\$[0-9]+"))),_xlfn.REGEXEXTRACT(CELL("address",X251), "\$([A-Z]+)\$[0-9]+"))}

Sheet Validate_Condition
C10: Yes | M10: Yes | P10: Yes | T10: Yes | U10: Yes | V10: Yes
B11: C1 | C11: C2 | D11: C3 | E11: C4 | F11: C5 | G11: C6 | H11: C7 | I11: C8 | J11: C9 | K11: C10 | L11: C11 | M11: C12 | N11: C13 | O11: C14 | P11: C15 | Q11: C16 | R11: C17 | S11: C18 | T11: C19 | U11: C20 | V11: C21 | W11: C22 | X11: C23
C12: {=IF(OR('Raw Data'!C12="",LEN(TRIM('Raw Data'!C12))=0,Validate_Empty!C12<>"",Validate_Value!C12<>""),"",IF(OR(NOT(OR(LEN(TRIM('Raw Data'!B12:X12))>0)),OR('Raw Data'!C12="",LEN(TRIM('Raw Data'!C12))=0)),"",IF(OR(AND('Raw Data'!B12="Main Contract", LEFT('Raw Data'!C12, LEN("Payment"))="Payment"),AND('Raw Data'!B12="Change Order", LEFT('Raw Data'!C12, LEN("CO Payment No."))="CO Payment No.")),"",_xlfn.REGEXEXTRACT(CELL("address",'Raw Data'!C12),"\$([A-Z]+)\$[0-9]+"))))} | M12: {=IF(OR('Raw Data'!M12="",LEN(TRIM('Raw Data'!M12))=0,Validate_Empty!M12<>"",Validate_Value!M12<>""),"",IF(OR(NOT(OR(LEN(TRIM('Raw Data'!B12:X12))>0)),OR('Raw Data'!M12="",LEN(TRIM('Raw Data'!M12))=0)),"",IF('Raw Data'!M12 = SUM('Raw Data'!K12:L12),"",_xlfn.REGEXEXTRACT(CELL("address",'Raw Data'!M12),"\$([A-Z]+)\$[0-9]+"))))} | P12: {=IF(OR('Raw Data'!P12="",LEN(TRIM('Raw Data'!P12))=0,Validate_Empty!P12<>"",Validate_Value!P12<>""),"",IF(OR(NOT(OR(LEN(TRIM('Raw Data'!B12:X12))>0)),OR('Raw Data'!P12="",LEN(TRIM('Raw Data'!P12))=0)),"",IF(AND('Raw Data'!J12 + Configuration!$G$2 + 5 >= 'Raw Data'!P12,'Raw Data'!J12 + Configuration!$G$2 - 5 <= 'Raw Data'!P12),"",_xlfn.REGEXEXTRACT(CELL("address",'Raw Data'!P12),"\$([A-Z]+)\$[0-9]+"))))} | T12: {=IF(OR('Raw Data'!T12="",LEN(TRIM('Raw Data'!T12))=0,Validate_Empty!T12<>"",Validate_Value!T12<>""),"",IF(OR(NOT(OR(LEN(TRIM('Raw Data'!B12:X12))>0)),OR('Raw Data'!T12="",LEN(TRIM('Raw Data'!T12))=0)),"",IF('Raw Data'!T12 = SUM('Raw Data'!R12:S12),"",_xlfn.REGEXEXTRACT(CELL("address",'Raw Data'!T12),"\$([A-Z]+)\$[0-9]+"))))} | U12: {=IF(OR('Raw Data'!U12="",LEN(TRIM('Raw Data'!U12))=0,Validate_Empty!U12<>"",Validate_Value!U12<>""),"",IF(OR(NOT(OR(LEN(TRIM('Raw Data'!B12:X12))>0)),OR('Raw Data'!T12="",LEN(TRIM('Raw Data'!T12))=0)),"",IF(ISNUMBER(SEARCH('Raw Data'!U12, Configuration!$H$2)),"",_xlfn.REGEXEXTRACT(CELL("address",'Raw Data'!U12),"\$([A-Z]+)\$[0-9]+"))))} | V12: {=IF(OR('Raw Data'!V12="",LEN(TRIM('Raw Data'!V12))=0,Validate_Empty!V12<>"",Validate_Value!V12<>""),"",IF(OR(NOT(OR(LEN(TRIM('Raw Data'!B12:X12))>0)),OR('Raw Data'!V12="",LEN(TRIM('Raw Data'!V12))=0)),"",IF('Raw Data'!V12 = Configuration!$I$2,"",_xlfn.REGEXEXTRACT(CELL("address",'Raw Data'!V12),"\$([A-Z]+)\$[0-9]+"))))}
C13: {=IF(OR('Raw Data'!C13="",LEN(TRIM('Raw Data'!C13))=0,Validate_Empty!C13<>"",Validate_Value!C13<>""),"",IF(OR(NOT(OR(LEN(TRIM('Raw Data'!B13:X13))>0)),OR('Raw Data'!C13="",LEN(TRIM('Raw Data'!C13))=0)),"",IF(OR(AND('Raw Data'!B13="Main Contract", LEFT('Raw Data'!C13, LEN("Payment"))="Payment"),AND('Raw Data'!B13="Change Order", LEFT('Raw Data'!C13, LEN("CO Payment No."))="CO Payment No.")),"",_xlfn.REGEXEXTRACT(CELL("address",'Raw Data'!C13),"\$([A-Z]+)\$[0-9]+"))))} | M13: {=IF(OR('Raw Data'!M13="",LEN(TRIM('Raw Data'!M13))=0,Validate_Empty!M13<>"",Validate_Value!M13<>""),"",IF(OR(NOT(OR(LEN(TRIM('Raw Data'!B13:X13))>0)),OR('Raw Data'!M13="",LEN(TRIM('Raw Data'!M13))=0)),"",IF('Raw Data'!M13 = SUM('Raw Data'!K13:L13),"",_xlfn.REGEXEXTRACT(CELL("address",'Raw Data'!M13),"\$([A-Z]+)\$[0-9]+"))))} | P13: {=IF(OR('Raw Data'!P13="",LEN(TRIM('Raw Data'!P13))=0,Validate_Empty!P13<>"",Validate_Value!P13<>""),"",IF(OR(NOT(OR(LEN(TRIM('Raw Data'!B13:X13))>0)),OR('Raw Data'!P13="",LEN(TRIM('Raw Data'!P13))=0)),"",IF(AND('Raw Data'!J13 + Configuration!$G$2 + 5 >= 'Raw Data'!P13,'Raw Data'!J13 + Configuration!$G$2 - 5 <= 'Raw Data'!P13),"",_xlfn.REGEXEXTRACT(CELL("address",'Raw Data'!P13),"\$([A-Z]+)\$[0-9]+"))))} | T13: {=IF(OR('Raw Data'!T13="",LEN(TRIM('Raw Data'!T13))=0,Validate_Empty!T13<>"",Validate_Value!T13<>""),"",IF(OR(NOT(OR(LEN(TRIM('Raw Data'!B13:X13))>0)),OR('Raw Data'!T13="",LEN(TRIM('Raw Data'!T13))=0)),"",IF('Raw Data'!T13 = SUM('Raw Data'!R13:S13),"",_xlfn.REGEXEXTRACT(CELL("address",'Raw Data'!T13),"\$([A-Z]+)\$[0-9]+"))))} | U13: {=IF(OR('Raw Data'!U13="",LEN(TRIM('Raw Data'!U13))=0,Validate_Empty!U13<>"",Validate_Value!U13<>""),"",IF(OR(NOT(OR(LEN(TRIM('Raw Data'!B13:X13))>0)),OR('Raw Data'!T13="",LEN(TRIM('Raw Data'!T13))=0)),"",IF(ISNUMBER(SEARCH('Raw Data'!U13, Configuration!$H$2)),"",_xlfn.REGEXEXTRACT(CELL("address",'Raw Data'!U13),"\$([A-Z]+)\$[0-9]+"))))} | V13: {=IF(OR('Raw Data'!V13="",LEN(TRIM('Raw Data'!V13))=0,Validate_Empty!V13<>"",Validate_Value!V13<>""),"",IF(OR(NOT(OR(LEN(TRIM('Raw Data'!B13:X13))>0)),OR('Raw Data'!V13="",LEN(TRIM('Raw Data'!V13))=0)),"",IF('Raw Data'!V13 = Configuration!$I$2,"",_xlfn.REGEXEXTRACT(CELL("address",'Raw Data'!V13),"\$([A-Z]+)\$[0-9]+"))))}
C14: {=IF(OR('Raw Data'!C14="",LEN(TRIM('Raw Data'!C14))=0,Validate_Empty!C14<>"",Validate_Value!C14<>""),"",IF(OR(NOT(OR(LEN(TRIM('Raw Data'!B14:X14))>0)),OR('Raw Data'!C14="",LEN(TRIM('Raw Data'!C14))=0)),"",IF(OR(AND('Raw Data'!B14="Main Contract", LEFT('Raw Data'!C14, LEN("Payment"))="Payment"),AND('Raw Data'!B14="Change Order", LEFT('Raw Data'!C14, LEN("CO Payment No."))="CO Payment No.")),"",_xlfn.REGEXEXTRACT(CELL("address",'Raw Data'!C14),"\$([A-Z]+)\$[0-9]+"))))} | M14: {=IF(OR('Raw Data'!M14="",LEN(TRIM('Raw Data'!M14))=0,Validate_Empty!M14<>"",Validate_Value!M14<>""),"",IF(OR(NOT(OR(LEN(TRIM('Raw Data'!B14:X14))>0)),OR('Raw Data'!M14="",LEN(TRIM('Raw Data'!M14))=0)),"",IF('Raw Data'!M14 = SUM('Raw Data'!K14:L14),"",_xlfn.REGEXEXTRACT(CELL("address",'Raw Data'!M14),"\$([A-Z]+)\$[0-9]+"))))} | P14: {=IF(OR('Raw Data'!P14="",LEN(TRIM('Raw Data'!P14))=0,Validate_Empty!P14<>"",Validate_Value!P14<>""),"",IF(OR(NOT(OR(LEN(TRIM('Raw Data'!B14:X14))>0)),OR('Raw Data'!P14="",LEN(TRIM('Raw Data'!P14))=0)),"",IF(AND('Raw Data'!J14 + Configuration!$G$2 + 5 >= 'Raw Data'!P14,'Raw Data'!J14 + Configuration!$G$2 - 5 <= 'Raw Data'!P14),"",_xlfn.REGEXEXTRACT(CELL("address",'Raw Data'!P14),"\$([A-Z]+)\$[0-9]+"))))} | T14: {=IF(OR('Raw Data'!T14="",LEN(TRIM('Raw Data'!T14))=0,Validate_Empty!T14<>"",Validate_Value!T14<>""),"",IF(OR(NOT(OR(LEN(TRIM('Raw Data'!B14:X14))>0)),OR('Raw Data'!T14="",LEN(TRIM('Raw Data'!T14))=0)),"",IF('Raw Data'!T14 = SUM('Raw Data'!R14:S14),"",_xlfn.REGEXEXTRACT(CELL("address",'Raw Data'!T14),"\$([A-Z]+)\$[0-9]+"))))} | U14: {=IF(OR('Raw Data'!U14="",LEN(TRIM('Raw Data'!U14))=0,Validate_Empty!U14<>"",Validate_Value!U14<>""),"",IF(OR(NOT(OR(LEN(TRIM('Raw Data'!B14:X14))>0)),OR('Raw Data'!T14="",LEN(TRIM('Raw Data'!T14))=0)),"",IF(ISNUMBER(SEARCH('Raw Data'!U14, Configuration!$H$2)),"",_xlfn.REGEXEXTRACT(CELL("address",'Raw Data'!U14),"\$([A-Z]+)\$[0-9]+"))))} | V14: {=IF(OR('Raw Data'!V14="",LEN(TRIM('Raw Data'!V14))=0,Validate_Empty!V14<>"",Validate_Value!V14<>""),"",IF(OR(NOT(OR(LEN(TRIM('Raw Data'!B14:X14))>0)),OR('Raw Data'!V14="",LEN(TRIM('Raw Data'!V14))=0)),"",IF('Raw Data'!V14 = Configuration!$I$2,"",_xlfn.REGEXEXTRACT(CELL("address",'Raw Data'!V14),"\$([A-Z]+)\$[0-9]+"))))}
C15: {=IF(OR('Raw Data'!C15="",LEN(TRIM('Raw Data'!C15))=0,Validate_Empty!C15<>"",Validate_Value!C15<>""),"",IF(OR(NOT(OR(LEN(TRIM('Raw Data'!B15:X15))>0)),OR('Raw Data'!C15="",LEN(TRIM('Raw Data'!C15))=0)),"",IF(OR(AND('Raw Data'!B15="Main Contract", LEFT('Raw Data'!C15, LEN("Payment"))="Payment"),AND('Raw Data'!B15="Change Order", LEFT('Raw Data'!C15, LEN("CO Payment No."))="CO Payment No.")),"",_xlfn.REGEXEXTRACT(CELL("address",'Raw Data'!C15),"\$([A-Z]+)\$[0-9]+"))))} | M15: {=IF(OR('Raw Data'!M15="",LEN(TRIM('Raw Data'!M15))=0,Validate_Empty!M15<>"",Validate_Value!M15<>""),"",IF(OR(NOT(OR(LEN(TRIM('Raw Data'!B15:X15))>0)),OR('Raw Data'!M15="",LEN(TRIM('Raw Data'!M15))=0)),"",IF('Raw Data'!M15 = SUM('Raw Data'!K15:L15),"",_xlfn.REGEXEXTRACT(CELL("address",'Raw Data'!M15),"\$([A-Z]+)\$[0-9]+"))))} | P15: {=IF(OR('Raw Data'!P15="",LEN(TRIM('Raw Data'!P15))=0,Validate_Empty!P15<>"",Validate_Value!P15<>""),"",IF(OR(NOT(OR(LEN(TRIM('Raw Data'!B15:X15))>0)),OR('Raw Data'!P15="",LEN(TRIM('Raw Data'!P15))=0)),"",IF(AND('Raw Data'!J15 + Configuration!$G$2 + 5 >= 'Raw Data'!P15,'Raw Data'!J15 + Configuration!$G$2 - 5 <= 'Raw Data'!P15),"",_xlfn.REGEXEXTRACT(CELL("address",'Raw Data'!P15),"\$([A-Z]+)\$[0-9]+"))))} | T15: {=IF(OR('Raw Data'!T15="",LEN(TRIM('Raw Data'!T15))=0,Validate_Empty!T15<>"",Validate_Value!T15<>""),"",IF(OR(NOT(OR(LEN(TRIM('Raw Data'!B15:X15))>0)),OR('Raw Data'!T15="",LEN(TRIM('Raw Data'!T15))=0)),"",IF('Raw Data'!T15 = SUM('Raw Data'!R15:S15),"",_xlfn.REGEXEXTRACT(CELL("address",'Raw Data'!T15),"\$([A-Z]+)\$[0-9]+"))))} | U15: {=IF(OR('Raw Data'!U15="",LEN(TRIM('Raw Data'!U15))=0,Validate_Empty!U15<>"",Validate_Value!U15<>""),"",IF(OR(NOT(OR(LEN(TRIM('Raw Data'!B15:X15))>0)),OR('Raw Data'!T15="",LEN(TRIM('Raw Data'!T15))=0)),"",IF(ISNUMBER(SEARCH('Raw Data'!U15, Configuration!$H$2)),"",_xlfn.REGEXEXTRACT(CELL("address",'Raw Data'!U15),"\$([A-Z]+)\$[0-9]+"))))} | V15: {=IF(OR('Raw Data'!V15="",LEN(TRIM('Raw Data'!V15))=0,Validate_Empty!V15<>"",Validate_Value!V15<>""),"",IF(OR(NOT(OR(LEN(TRIM('Raw Data'!B15:X15))>0)),OR('Raw Data'!V15="",LEN(TRIM('Raw Data'!V15))=0)),"",IF('Raw Data'!V15 = Configuration!$I$2,"",_xlfn.REGEXEXTRACT(CELL("address",'Raw Data'!V15),"\$([A-Z]+)\$[0-9]+"))))}
C16: {=IF(OR('Raw Data'!C16="",LEN(TRIM('Raw Data'!C16))=0,Validate_Empty!C16<>"",Validate_Value!C16<>""),"",IF(OR(NOT(OR(LEN(TRIM('Raw Data'!B16:X16))>0)),OR('Raw Data'!C16="",LEN(TRIM('Raw Data'!C16))=0)),"",IF(OR(AND('Raw Data'!B16="Main Contract", LEFT('Raw Data'!C16, LEN("Payment"))="Payment"),AND('Raw Data'!B16="Change Order", LEFT('Raw Data'!C16, LEN("CO Payment No."))="CO Payment No.")),"",_xlfn.REGEXEXTRACT(CELL("address",'Raw Data'!C16),"\$([A-Z]+)\$[0-9]+"))))} | M16: {=IF(OR('Raw Data'!M16="",LEN(TRIM('Raw Data'!M16))=0,Validate_Empty!M16<>"",Validate_Value!M16<>""),"",IF(OR(NOT(OR(LEN(TRIM('Raw Data'!B16:X16))>0)),OR('Raw Data'!M16="",LEN(TRIM('Raw Data'!M16))=0)),"",IF('Raw Data'!M16 = SUM('Raw Data'!K16:L16),"",_xlfn.REGEXEXTRACT(CELL("address",'Raw Data'!M16),"\$([A-Z]+)\$[0-9]+"))))} | P16: {=IF(OR('Raw Data'!P16="",LEN(TRIM('Raw Data'!P16))=0,Validate_Empty!P16<>"",Validate_Value!P16<>""),"",IF(OR(NOT(OR(LEN(TRIM('Raw Data'!B16:X16))>0)),OR('Raw Data'!P16="",LEN(TRIM('Raw Data'!P16))=0)),"",IF(AND('Raw Data'!J16 + Configuration!$G$2 + 5 >= 'Raw Data'!P16,'Raw Data'!J16 + Configuration!$G$2 - 5 <= 'Raw Data'!P16),"",_xlfn.REGEXEXTRACT(CELL("address",'Raw Data'!P16),"\$([A-Z]+)\$[0-9]+"))))} | T16: {=IF(OR('Raw Data'!T16="",LEN(TRIM('Raw Data'!T16))=0,Validate_Empty!T16<>"",Validate_Value!T16<>""),"",IF(OR(NOT(OR(LEN(TRIM('Raw Data'!B16:X16))>0)),OR('Raw Data'!T16="",LEN(TRIM('Raw Data'!T16))=0)),"",IF('Raw Data'!T16 = SUM('Raw Data'!R16:S16),"",_xlfn.REGEXEXTRACT(CELL("address",'Raw Data'!T16),"\$([A-Z]+)\$[0-9]+"))))} | U16: {=IF(OR('Raw Data'!U16="",LEN(TRIM('Raw Data'!U16))=0,Validate_Empty!U16<>"",Validate_Value!U16<>""),"",IF(OR(NOT(OR(LEN(TRIM('Raw Data'!B16:X16))>0)),OR('Raw Data'!T16="",LEN(TRIM('Raw Data'!T16))=0)),"",IF(ISNUMBER(SEARCH('Raw Data'!U16, Configuration!$H$2)),"",_xlfn.REGEXEXTRACT(CELL("address",'Raw Data'!U16),"\$([A-Z]+)\$[0-9]+"))))} | V16: {=IF(OR('Raw Data'!V16="",LEN(TRIM('Raw Data'!V16))=0,Validate_Empty!V16<>"",Validate_Value!V16<>""),"",IF(OR(NOT(OR(LEN(TRIM('Raw Data'!B16:X16))>0)),OR('Raw Data'!V16="",LEN(TRIM('Raw Data'!V16))=0)),"",IF('Raw Data'!V16 = Configuration!$I$2,"",_xlfn.REGEXEXTRACT(CELL("address",'Raw Data'!V16),"\$([A-Z]+)\$[0-9]+"))))}
C17: {=IF(OR('Raw Data'!C17="",LEN(TRIM('Raw Data'!C17))=0,Validate_Empty!C17<>"",Validate_Value!C17<>""),"",IF(OR(NOT(OR(LEN(TRIM('Raw Data'!B17:X17))>0)),OR('Raw Data'!C17="",LEN(TRIM('Raw Data'!C17))=0)),"",IF(OR(AND('Raw Data'!B17="Main Contract", LEFT('Raw Data'!C17, LEN("Payment"))="Payment"),AND('Raw Data'!B17="Change Order", LEFT('Raw Data'!C17, LEN("CO Payment No."))="CO Payment No.")),"",_xlfn.REGEXEXTRACT(CELL("address",'Raw Data'!C17),"\$([A-Z]+)\$[0-9]+"))))} | M17: {=IF(OR('Raw Data'!M17="",LEN(TRIM('Raw Data'!M17))=0,Validate_Empty!M17<>"",Validate_Value!M17<>""),"",IF(OR(NOT(OR(LEN(TRIM('Raw Data'!B17:X17))>0)),OR('Raw Data'!M17="",LEN(TRIM('Raw Data'!M17))=0)),"",IF('Raw Data'!M17 = SUM('Raw Data'!K17:L17),"",_xlfn.REGEXEXTRACT(CELL("address",'Raw Data'!M17),"\$([A-Z]+)\$[0-9]+"))))} | P17: {=IF(OR('Raw Data'!P17="",LEN(TRIM('Raw Data'!P17))=0,Validate_Empty!P17<>"",Validate_Value!P17<>""),"",IF(OR(NOT(OR(LEN(TRIM('Raw Data'!B17:X17))>0)),OR('Raw Data'!P17="",LEN(TRIM('Raw Data'!P17))=0)),"",IF(AND('Raw Data'!J17 + Configuration!$G$2 + 5 >= 'Raw Data'!P17,'Raw Data'!J17 + Configuration!$G$2 - 5 <= 'Raw Data'!P17),"",_xlfn.REGEXEXTRACT(CELL("address",'Raw Data'!P17),"\$([A-Z]+)\$[0-9]+"))))} | T17: {=IF(OR('Raw Data'!T17="",LEN(TRIM('Raw Data'!T17))=0,Validate_Empty!T17<>"",Validate_Value!T17<>""),"",IF(OR(NOT(OR(LEN(TRIM('Raw Data'!B17:X17))>0)),OR('Raw Data'!T17="",LEN(TRIM('Raw Data'!T17))=0)),"",IF('Raw Data'!T17 = SUM('Raw Data'!R17:S17),"",_xlfn.REGEXEXTRACT(CELL("address",'Raw Data'!T17),"\$([A-Z]+)\$[0-9]+"))))} | U17: {=IF(OR('Raw Data'!U17="",LEN(TRIM('Raw Data'!U17))=0,Validate_Empty!U17<>"",Validate_Value!U17<>""),"",IF(OR(NOT(OR(LEN(TRIM('Raw Data'!B17:X17))>0)),OR('Raw Data'!T17="",LEN(TRIM('Raw Data'!T17))=0)),"",IF(ISNUMBER(SEARCH('Raw Data'!U17, Configuration!$H$2)),"",_xlfn.REGEXEXTRACT(CELL("address",'Raw Data'!U17),"\$([A-Z]+)\$[0-9]+"))))} | V17: {=IF(OR('Raw Data'!V17="",LEN(TRIM('Raw Data'!V17))=0,Validate_Empty!V17<>"",Validate_Value!V17<>""),"",IF(OR(NOT(OR(LEN(TRIM('Raw Data'!B17:X17))>0)),OR('Raw Data'!V17="",LEN(TRIM('Raw Data'!V17))=0)),"",IF('Raw Data'!V17 = Configuration!$I$2,"",_xlfn.REGEXEXTRACT(CELL("address",'Raw Data'!V17),"\$([A-Z]+)\$[0-9]+"))))}
C18: {=IF(OR('Raw Data'!C18="",LEN(TRIM('Raw Data'!C18))=0,Validate_Empty!C18<>"",Validate_Value!C18<>""),"",IF(OR(NOT(OR(LEN(TRIM('Raw Data'!B18:X18))>0)),OR('Raw Data'!C18="",LEN(TRIM('Raw Data'!C18))=0)),"",IF(OR(AND('Raw Data'!B18="Main Contract", LEFT('Raw Data'!C18, LEN("Payment"))="Payment"),AND('Raw Data'!B18="Change Order", LEFT('Raw Data'!C18, LEN("CO Payment No."))="CO Payment No.")),"",_xlfn.REGEXEXTRACT(CELL("address",'Raw Data'!C18),"\$([A-Z]+)\$[0-9]+"))))} | M18: {=IF(OR('Raw Data'!M18="",LEN(TRIM('Raw Data'!M18))=0,Validate_Empty!M18<>"",Validate_Value!M18<>""),"",IF(OR(NOT(OR(LEN(TRIM('Raw Data'!B18:X18))>0)),OR('Raw Data'!M18="",LEN(TRIM('Raw Data'!M18))=0)),"",IF('Raw Data'!M18 = SUM('Raw Data'!K18:L18),"",_xlfn.REGEXEXTRACT(CELL("address",'Raw Data'!M18),"\$([A-Z]+)\$[0-9]+"))))} | P18: {=IF(OR('Raw Data'!P18="",LEN(TRIM('Raw Data'!P18))=0,Validate_Empty!P18<>"",Validate_Value!P18<>""),"",IF(OR(NOT(OR(LEN(TRIM('Raw Data'!B18:X18))>0)),OR('Raw Data'!P18="",LEN(TRIM('Raw Data'!P18))=0)),"",IF(AND('Raw Data'!J18 + Configuration!$G$2 + 5 >= 'Raw Data'!P18,'Raw Data'!J18 + Configuration!$G$2 - 5 <= 'Raw Data'!P18),"",_xlfn.REGEXEXTRACT(CELL("address",'Raw Data'!P18),"\$([A-Z]+)\$[0-9]+"))))} | T18: {=IF(OR('Raw Data'!T18="",LEN(TRIM('Raw Data'!T18))=0,Validate_Empty!T18<>"",Validate_Value!T18<>""),"",IF(OR(NOT(OR(LEN(TRIM('Raw Data'!B18:X18))>0)),OR('Raw Data'!T18="",LEN(TRIM('Raw Data'!T18))=0)),"",IF('Raw Data'!T18 = SUM('Raw Data'!R18:S18),"",_xlfn.REGEXEXTRACT(CELL("address",'Raw Data'!T18),"\$([A-Z]+)\$[0-9]+"))))} | U18: {=IF(OR('Raw Data'!U18="",LEN(TRIM('Raw Data'!U18))=0,Validate_Empty!U18<>"",Validate_Value!U18<>""),"",IF(OR(NOT(OR(LEN(TRIM('Raw Data'!B18:X18))>0)),OR('Raw Data'!T18="",LEN(TRIM('Raw Data'!T18))=0)),"",IF(ISNUMBER(SEARCH('Raw Data'!U18, Configuration!$H$2)),"",_xlfn.REGEXEXTRACT(CELL("address",'Raw Data'!U18),"\$([A-Z]+)\$[0-9]+"))))} | V18: {=IF(OR('Raw Data'!V18="",LEN(TRIM('Raw Data'!V18))=0,Validate_Empty!V18<>"",Validate_Value!V18<>""),"",IF(OR(NOT(OR(LEN(TRIM('Raw Data'!B18:X18))>0)),OR('Raw Data'!V18="",LEN(TRIM('Raw Data'!V18))=0)),"",IF('Raw Data'!V18 = Configuration!$I$2,"",_xlfn.REGEXEXTRACT(CELL("address",'Raw Data'!V18),"\$([A-Z]+)\$[0-9]+"))))}
C19: {=IF(OR('Raw Data'!C19="",LEN(TRIM('Raw Data'!C19))=0,Validate_Empty!C19<>"",Validate_Value!C19<>""),"",IF(OR(NOT(OR(LEN(TRIM('Raw Data'!B19:X19))>0)),OR('Raw Data'!C19="",LEN(TRIM('Raw Data'!C19))=0)),"",IF(OR(AND('Raw Data'!B19="Main Contract", LEFT('Raw Data'!C19, LEN("Payment"))="Payment"),AND('Raw Data'!B19="Change Order", LEFT('Raw Data'!C19, LEN("CO Payment No."))="CO Payment No.")),"",_xlfn.REGEXEXTRACT(CELL("address",'Raw Data'!C19),"\$([A-Z]+)\$[0-9]+"))))} | M19: {=IF(OR('Raw Data'!M19="",LEN(TRIM('Raw Data'!M19))=0,Validate_Empty!M19<>"",Validate_Value!M19<>""),"",IF(OR(NOT(OR(LEN(TRIM('Raw Data'!B19:X19))>0)),OR('Raw Data'!M19="",LEN(TRIM('Raw Data'!M19))=0)),"",IF('Raw Data'!M19 = SUM('Raw Data'!K19:L19),"",_xlfn.REGEXEXTRACT(CELL("address",'Raw Data'!M19),"\$([A-Z]+)\$[0-9]+"))))} | P19: {=IF(OR('Raw Data'!P19="",LEN(TRIM('Raw Data'!P19))=0,Validate_Empty!P19<>"",Validate_Value!P19<>""),"",IF(OR(NOT(OR(LEN(TRIM('Raw Data'!B19:X19))>0)),OR('Raw Data'!P19="",LEN(TRIM('Raw Data'!P19))=0)),"",IF(AND('Raw Data'!J19 + Configuration!$G$2 + 5 >= 'Raw Data'!P19,'Raw Data'!J19 + Configuration!$G$2 - 5 <= 'Raw Data'!P19),"",_xlfn.REGEXEXTRACT(CELL("address",'Raw Data'!P19),"\$([A-Z]+)\$[0-9]+"))))} | T19: {=IF(OR('Raw Data'!T19="",LEN(TRIM('Raw Data'!T19))=0,Validate_Empty!T19<>"",Validate_Value!T19<>""),"",IF(OR(NOT(OR(LEN(TRIM('Raw Data'!B19:X19))>0)),OR('Raw Data'!T19="",LEN(TRIM('Raw Data'!T19))=0)),"",IF('Raw Data'!T19 = SUM('Raw Data'!R19:S19),"",_xlfn.REGEXEXTRACT(CELL("address",'Raw Data'!T19),"\$([A-Z]+)\$[0-9]+"))))} | U19: {=IF(OR('Raw Data'!U19="",LEN(TRIM('Raw Data'!U19))=0,Validate_Empty!U19<>"",Validate_Value!U19<>""),"",IF(OR(NOT(OR(LEN(TRIM('Raw Data'!B19:X19))>0)),OR('Raw Data'!T19="",LEN(TRIM('Raw Data'!T19))=0)),"",IF(ISNUMBER(SEARCH('Raw Data'!U19, Configuration!$H$2)),"",_xlfn.REGEXEXTRACT(CELL("address",'Raw Data'!U19),"\$([A-Z]+)\$[0-9]+"))))} | V19: {=IF(OR('Raw Data'!V19="",LEN(TRIM('Raw Data'!V19))=0,Validate_Empty!V19<>"",Validate_Value!V19<>""),"",IF(OR(NOT(OR(LEN(TRIM('Raw Data'!B19:X19))>0)),OR('Raw Data'!V19="",LEN(TRIM('Raw Data'!V19))=0)),"",IF('Raw Data'!V19 = Configuration!$I$2,"",_xlfn.REGEXEXTRACT(CELL("address",'Raw Data'!V19),"\$([A-Z]+)\$[0-9]+"))))}
C20: {=IF(OR('Raw Data'!C20="",LEN(TRIM('Raw Data'!C20))=0,Validate_Empty!C20<>"",Validate_Value!C20<>""),"",IF(OR(NOT(OR(LEN(TRIM('Raw Data'!B20:X20))>0)),OR('Raw Data'!C20="",LEN(TRIM('Raw Data'!C20))=0)),"",IF(OR(AND('Raw Data'!B20="Main Contract", LEFT('Raw Data'!C20, LEN("Payment"))="Payment"),AND('Raw Data'!B20="Change Order", LEFT('Raw Data'!C20, LEN("CO Payment No."))="CO Payment No.")),"",_xlfn.REGEXEXTRACT(CELL("address",'Raw Data'!C20),"\$([A-Z]+)\$[0-9]+"))))} | M20: {=IF(OR('Raw Data'!M20="",LEN(TRIM('Raw Data'!M20))=0,Validate_Empty!M20<>"",Validate_Value!M20<>""),"",IF(OR(NOT(OR(LEN(TRIM('Raw Data'!B20:X20))>0)),OR('Raw Data'!M20="",LEN(TRIM('Raw Data'!M20))=0)),"",IF('Raw Data'!M20 = SUM('Raw Data'!K20:L20),"",_xlfn.REGEXEXTRACT(CELL("address",'Raw Data'!M20),"\$([A-Z]+)\$[0-9]+"))))} | P20: {=IF(OR('Raw Data'!P20="",LEN(TRIM('Raw Data'!P20))=0,Validate_Empty!P20<>"",Validate_Value!P20<>""),"",IF(OR(NOT(OR(LEN(TRIM('Raw Data'!B20:X20))>0)),OR('Raw Data'!P20="",LEN(TRIM('Raw Data'!P20))=0)),"",IF(AND('Raw Data'!J20 + Configuration!$G$2 + 5 >= 'Raw Data'!P20,'Raw Data'!J20 + Configuration!$G$2 - 5 <= 'Raw Data'!P20),"",_xlfn.REGEXEXTRACT(CELL("address",'Raw Data'!P20),"\$([A-Z]+)\$[0-9]+"))))} | T20: {=IF(OR('Raw Data'!T20="",LEN(TRIM('Raw Data'!T20))=0,Validate_Empty!T20<>"",Validate_Value!T20<>""),"",IF(OR(NOT(OR(LEN(TRIM('Raw Data'!B20:X20))>0)),OR('Raw Data'!T20="",LEN(TRIM('Raw Data'!T20))=0)),"",IF('Raw Data'!T20 = SUM('Raw Data'!R20:S20),"",_xlfn.REGEXEXTRACT(CELL("address",'Raw Data'!T20),"\$([A-Z]+)\$[0-9]+"))))} | U20: {=IF(OR('Raw Data'!U20="",LEN(TRIM('Raw Data'!U20))=0,Validate_Empty!U20<>"",Validate_Value!U20<>""),"",IF(OR(NOT(OR(LEN(TRIM('Raw Data'!B20:X20))>0)),OR('Raw Data'!T20="",LEN(TRIM('Raw Data'!T20))=0)),"",IF(ISNUMBER(SEARCH('Raw Data'!U20, Configuration!$H$2)),"",_xlfn.REGEXEXTRACT(CELL("address",'Raw Data'!U20),"\$([A-Z]+)\$[0-9]+"))))} | V20: {=IF(OR('Raw Data'!V20="",LEN(TRIM('Raw Data'!V20))=0,Validate_Empty!V20<>"",Validate_Value!V20<>""),"",IF(OR(NOT(OR(LEN(TRIM('Raw Data'!B20:X20))>0)),OR('Raw Data'!V20="",LEN(TRIM('Raw Data'!V20))=0)),"",IF('Raw Data'!V20 = Configuration!$I$2,"",_xlfn.REGEXEXTRACT(CELL("address",'Raw Data'!V20),"\$([A-Z]+)\$[0-9]+"))))}
C21: {=IF(OR('Raw Data'!C21="",LEN(TRIM('Raw Data'!C21))=0,Validate_Empty!C21<>"",Validate_Value!C21<>""),"",IF(OR(NOT(OR(LEN(TRIM('Raw Data'!B21:X21))>0)),OR('Raw Data'!C21="",LEN(TRIM('Raw Data'!C21))=0)),"",IF(OR(AND('Raw Data'!B21="Main Contract", LEFT('Raw Data'!C21, LEN("Payment"))="Payment"),AND('Raw Data'!B21="Change Order", LEFT('Raw Data'!C21, LEN("CO Payment No."))="CO Payment No.")),"",_xlfn.REGEXEXTRACT(CELL("address",'Raw Data'!C21),"\$([A-Z]+)\$[0-9]+"))))} | M21: {=IF(OR('Raw Data'!M21="",LEN(TRIM('Raw Data'!M21))=0,Validate_Empty!M21<>"",Validate_Value!M21<>""),"",IF(OR(NOT(OR(LEN(TRIM('Raw Data'!B21:X21))>0)),OR('Raw Data'!M21="",LEN(TRIM('Raw Data'!M21))=0)),"",IF('Raw Data'!M21 = SUM('Raw Data'!K21:L21),"",_xlfn.REGEXEXTRACT(CELL("address",'Raw Data'!M21),"\$([A-Z]+)\$[0-9]+"))))} | P21: {=IF(OR('Raw Data'!P21="",LEN(TRIM('Raw Data'!P21))=0,Validate_Empty!P21<>"",Validate_Value!P21<>""),"",IF(OR(NOT(OR(LEN(TRIM('Raw Data'!B21:X21))>0)),OR('Raw Data'!P21="",LEN(TRIM('Raw Data'!P21))=0)),"",IF(AND('Raw Data'!J21 + Configuration!$G$2 + 5 >= 'Raw Data'!P21,'Raw Data'!J21 + Configuration!$G$2 - 5 <= 'Raw Data'!P21),"",_xlfn.REGEXEXTRACT(CELL("address",'Raw Data'!P21),"\$([A-Z]+)\$[0-9]+"))))} | T21: {=IF(OR('Raw Data'!T21="",LEN(TRIM('Raw Data'!T21))=0,Validate_Empty!T21<>"",Validate_Value!T21<>""),"",IF(OR(NOT(OR(LEN(TRIM('Raw Data'!B21:X21))>0)),OR('Raw Data'!T21="",LEN(TRIM('Raw Data'!T21))=0)),"",IF('Raw Data'!T21 = SUM('Raw Data'!R21:S21),"",_xlfn.REGEXEXTRACT(CELL("address",'Raw Data'!T21),"\$([A-Z]+)\$[0-9]+"))))} | U21: {=IF(OR('Raw Data'!U21="",LEN(TRIM('Raw Data'!U21))=0,Validate_Empty!U21<>"",Validate_Value!U21<>""),"",IF(OR(NOT(OR(LEN(TRIM('Raw Data'!B21:X21))>0)),OR('Raw Data'!T21="",LEN(TRIM('Raw Data'!T21))=0)),"",IF(ISNUMBER(SEARCH('Raw Data'!U21, Configuration!$H$2)),"",_xlfn.REGEXEXTRACT(CELL("address",'Raw Data'!U21),"\$([A-Z]+)\$[0-9]+"))))} | V21: {=IF(OR('Raw Data'!V21="",LEN(TRIM('Raw Data'!V21))=0,Validate_Empty!V21<>"",Validate_Value!V21<>""),"",IF(OR(NOT(OR(LEN(TRIM('Raw Data'!B21:X21))>0)),OR('Raw Data'!V21="",LEN(TRIM('Raw Data'!V21))=0)),"",IF('Raw Data'!V21 = Configuration!$I$2,"",_xlfn.REGEXEXTRACT(CELL("address",'Raw Data'!V21),"\$([A-Z]+)\$[0-9]+"))))}
C22: {=IF(OR('Raw Data'!C22="",LEN(TRIM('Raw Data'!C22))=0,Validate_Empty!C22<>"",Validate_Value!C22<>""),"",IF(OR(NOT(OR(LEN(TRIM('Raw Data'!B22:X22))>0)),OR('Raw Data'!C22="",LEN(TRIM('Raw Data'!C22))=0)),"",IF(OR(AND('Raw Data'!B22="Main Contract", LEFT('Raw Data'!C22, LEN("Payment"))="Payment"),AND('Raw Data'!B22="Change Order", LEFT('Raw Data'!C22, LEN("CO Payment No."))="CO Payment No.")),"",_xlfn.REGEXEXTRACT(CELL("address",'Raw Data'!C22),"\$([A-Z]+)\$[0-9]+"))))} | M22: {=IF(OR('Raw Data'!M22="",LEN(TRIM('Raw Data'!M22))=0,Validate_Empty!M22<>"",Validate_Value!M22<>""),"",IF(OR(NOT(OR(LEN(TRIM('Raw Data'!B22:X22))>0)),OR('Raw Data'!M22="",LEN(TRIM('Raw Data'!M22))=0)),"",IF('Raw Data'!M22 = SUM('Raw Data'!K22:L22),"",_xlfn.REGEXEXTRACT(CELL("address",'Raw Data'!M22),"\$([A-Z]+)\$[0-9]+"))))} | P22: {=IF(OR('Raw Data'!P22="",LEN(TRIM('Raw Data'!P22))=0,Validate_Empty!P22<>"",Validate_Value!P22<>""),"",IF(OR(NOT(OR(LEN(TRIM('Raw Data'!B22:X22))>0)),OR('Raw Data'!P22="",LEN(TRIM('Raw Data'!P22))=0)),"",IF(AND('Raw Data'!J22 + Configuration!$G$2 + 5 >= 'Raw Data'!P22,'Raw Data'!J22 + Configuration!$G$2 - 5 <= 'Raw Data'!P22),"",_xlfn.REGEXEXTRACT(CELL("address",'Raw Data'!P22),"\$([A-Z]+)\$[0-9]+"))))} | T22: {=IF(OR('Raw Data'!T22="",LEN(TRIM('Raw Data'!T22))=0,Validate_Empty!T22<>"",Validate_Value!T22<>""),"",IF(OR(NOT(OR(LEN(TRIM('Raw Data'!B22:X22))>0)),OR('Raw Data'!T22="",LEN(TRIM('Raw Data'!T22))=0)),"",IF('Raw Data'!T22 = SUM('Raw Data'!R22:S22),"",_xlfn.REGEXEXTRACT(CELL("address",'Raw Data'!T22),"\$([A-Z]+)\$[0-9]+"))))} | U22: {=IF(OR('Raw Data'!U22="",LEN(TRIM('Raw Data'!U22))=0,Validate_Empty!U22<>"",Validate_Value!U22<>""),"",IF(OR(NOT(OR(LEN(TRIM('Raw Data'!B22:X22))>0)),OR('Raw Data'!T22="",LEN(TRIM('Raw Data'!T22))=0)),"",IF(ISNUMBER(SEARCH('Raw Data'!U22, Configuration!$H$2)),"",_xlfn.REGEXEXTRACT(CELL("address",'Raw Data'!U22),"\$([A-Z]+)\$[0-9]+"))))} | V22: {=IF(OR('Raw Data'!V22="",LEN(TRIM('Raw Data'!V22))=0,Validate_Empty!V22<>"",Validate_Value!V22<>""),"",IF(OR(NOT(OR(LEN(TRIM('Raw Data'!B22:X22))>0)),OR('Raw Data'!V22="",LEN(TRIM('Raw Data'!V22))=0)),"",IF('Raw Data'!V22 = Configuration!$I$2,"",_xlfn.REGEXEXTRACT(CELL("address",'Raw Data'!V22),"\$([A-Z]+)\$[0-9]+"))))}
C23: {=IF(OR('Raw Data'!C23="",LEN(TRIM('Raw Data'!C23))=0,Validate_Empty!C23<>"",Validate_Value!C23<>""),"",IF(OR(NOT(OR(LEN(TRIM('Raw Data'!B23:X23))>0)),OR('Raw Data'!C23="",LEN(TRIM('Raw Data'!C23))=0)),"",IF(OR(AND('Raw Data'!B23="Main Contract", LEFT('Raw Data'!C23, LEN("Payment"))="Payment"),AND('Raw Data'!B23="Change Order", LEFT('Raw Data'!C23, LEN("CO Payment No."))="CO Payment No.")),"",_xlfn.REGEXEXTRACT(CELL("address",'Raw Data'!C23),"\$([A-Z]+)\$[0-9]+"))))} | M23: {=IF(OR('Raw Data'!M23="",LEN(TRIM('Raw Data'!M23))=0,Validate_Empty!M23<>"",Validate_Value!M23<>""),"",IF(OR(NOT(OR(LEN(TRIM('Raw Data'!B23:X23))>0)),OR('Raw Data'!M23="",LEN(TRIM('Raw Data'!M23))=0)),"",IF('Raw Data'!M23 = SUM('Raw Data'!K23:L23),"",_xlfn.REGEXEXTRACT(CELL("address",'Raw Data'!M23),"\$([A-Z]+)\$[0-9]+"))))} | P23: {=IF(OR('Raw Data'!P23="",LEN(TRIM('Raw Data'!P23))=0,Validate_Empty!P23<>"",Validate_Value!P23<>""),"",IF(OR(NOT(OR(LEN(TRIM('Raw Data'!B23:X23))>0)),OR('Raw Data'!P23="",LEN(TRIM('Raw Data'!P23))=0)),"",IF(AND('Raw Data'!J23 + Configuration!$G$2 + 5 >= 'Raw Data'!P23,'Raw Data'!J23 + Configuration!$G$2 - 5 <= 'Raw Data'!P23),"",_xlfn.REGEXEXTRACT(CELL("address",'Raw Data'!P23),"\$([A-Z]+)\$[0-9]+"))))} | T23: {=IF(OR('Raw Data'!T23="",LEN(TRIM('Raw Data'!T23))=0,Validate_Empty!T23<>"",Validate_Value!T23<>""),"",IF(OR(NOT(OR(LEN(TRIM('Raw Data'!B23:X23))>0)),OR('Raw Data'!T23="",LEN(TRIM('Raw Data'!T23))=0)),"",IF('Raw Data'!T23 = SUM('Raw Data'!R23:S23),"",_xlfn.REGEXEXTRACT(CELL("address",'Raw Data'!T23),"\$([A-Z]+)\$[0-9]+"))))} | U23: {=IF(OR('Raw Data'!U23="",LEN(TRIM('Raw Data'!U23))=0,Validate_Empty!U23<>"",Validate_Value!U23<>""),"",IF(OR(NOT(OR(LEN(TRIM('Raw Data'!B23:X23))>0)),OR('Raw Data'!T23="",LEN(TRIM('Raw Data'!T23))=0)),"",IF(ISNUMBER(SEARCH('Raw Data'!U23, Configuration!$H$2)),"",_xlfn.REGEXEXTRACT(CELL("address",'Raw Data'!U23),"\$([A-Z]+)\$[0-9]+"))))} | V23: {=IF(OR('Raw Data'!V23="",LEN(TRIM('Raw Data'!V23))=0,Validate_Empty!V23<>"",Validate_Value!V23<>""),"",IF(OR(NOT(OR(LEN(TRIM('Raw Data'!B23:X23))>0)),OR('Raw Data'!V23="",LEN(TRIM('Raw Data'!V23))=0)),"",IF('Raw Data'!V23 = Configuration!$I$2,"",_xlfn.REGEXEXTRACT(CELL("address",'Raw Data'!V23),"\$([A-Z]+)\$[0-9]+"))))}
... C251: {=IF(OR('Raw Data'!C251="",LEN(TRIM('Raw Data'!C251))=0,Validate_Empty!C251<>"",Validate_Value!C251<>""),"",IF(OR(NOT(OR(LEN(TRIM('Raw Data'!B251:X251))>0)),OR('Raw Data'!C251="",LEN(TRIM('Raw Data'!C251))=0)),"",IF(OR(AND('Raw Data'!B251="Main Contract", LEFT('Raw Data'!C251, LEN("Payment"))="Payment"),AND('Raw Data'!B251="Change Order", LEFT('Raw Data'!C251, LEN("CO Payment No."))="CO Payment No.")),"",_xlfn.REGEXEXTRACT(CELL("address",'Raw Data'!C251),"\$([A-Z]+)\$[0-9]+"))))} | M251: {=IF(OR('Raw Data'!M251="",LEN(TRIM('Raw Data'!M251))=0,Validate_Empty!M251<>"",Validate_Value!M251<>""),"",IF(OR(NOT(OR(LEN(TRIM('Raw Data'!B251:X251))>0)),OR('Raw Data'!M251="",LEN(TRIM('Raw Data'!M251))=0)),"",IF('Raw Data'!M251 = SUM('Raw Data'!K251:L251),"",_xlfn.REGEXEXTRACT(CELL("address",'Raw Data'!M251),"\$([A-Z]+)\$[0-9]+"))))} | P251: {=IF(OR('Raw Data'!P251="",LEN(TRIM('Raw Data'!P251))=0,Validate_Empty!P251<>"",Validate_Value!P251<>""),"",IF(OR(NOT(OR(LEN(TRIM('Raw Data'!B251:X251))>0)),OR('Raw Data'!P251="",LEN(TRIM('Raw Data'!P251))=0)),"",IF(AND('Raw Data'!J251 + Configuration!$G$2 + 5 >= 'Raw Data'!P251,'Raw Data'!J251 + Configuration!$G$2 - 5 <= 'Raw Data'!P251),"",_xlfn.REGEXEXTRACT(CELL("address",'Raw Data'!P251),"\$([A-Z]+)\$[0-9]+"))))} | T251: {=IF(OR('Raw Data'!T251="",LEN(TRIM('Raw Data'!T251))=0,Validate_Empty!T251<>"",Validate_Value!T251<>""),"",IF(OR(NOT(OR(LEN(TRIM('Raw Data'!B251:X251))>0)),OR('Raw Data'!T251="",LEN(TRIM('Raw Data'!T251))=0)),"",IF('Raw Data'!T251 = SUM('Raw Data'!R251:S251),"",_xlfn.REGEXEXTRACT(CELL("address",'Raw Data'!T251),"\$([A-Z]+)\$[0-9]+"))))} | U251: {=IF(OR('Raw Data'!U251="",LEN(TRIM('Raw Data'!U251))=0,Validate_Empty!U251<>"",Validate_Value!U251<>""),"",IF(OR(NOT(OR(LEN(TRIM('Raw Data'!B251:X251))>0)),OR('Raw Data'!T251="",LEN(TRIM('Raw Data'!T251))=0)),"",IF(ISNUMBER(SEARCH('Raw Data'!U251, Configuration!$H$2)),"",_xlfn.REGEXEXTRACT(CELL("address",'Raw Data'!U251),"\$([A-Z]+)\$[0-9]+"))))} | V251: {=IF(OR('Raw Data'!V251="",LEN(TRIM('Raw Data'!V251))=0,Validate_Empty!V251<>"",Validate_Value!V251<>""),"",IF(OR(NOT(OR(LEN(TRIM('Raw Data'!B251:X251))>0)),OR('Raw Data'!V251="",LEN(TRIM('Raw Data'!V251))=0)),"",IF('Raw Data'!V251 = Configuration!$I$2,"",_xlfn.REGEXEXTRACT(CELL("address",'Raw Data'!V251),"\$([A-Z]+)\$[0-9]+"))))}

Sheet Condition
B11: C1 | C11: C2 | D11: C3 | E11: C4 | F11: C5 | G11: C6 | H11: C7 | I11: C8 | J11: C9 | K11: C10 | L11: C11 | M11: C12 | N11: C13 | O11: C14 | P11: C15 | Q11: C16 | R11: C17 | S11: C18 | T11: C19 | U11: C20 | V11: C21 | W11: C22 | X11: C23

Sheet Configuration
A1: col_number | B1: range_start | C1: range_stop | D1: project_active_start | E1: project_inactive_end | F1: relate_document | G1: Credit Term (Day) | H1: Currency | I1: Project Exchange Rate
A2: 2 | B2: B12 | C2: X? | D2: 45292 | E2: 46388 | F2: 01. Project Information | G2: 30 | H2: Project Exchange Rate THB/USD | I2: 35.7
F3: 1. Prj Information-Edited | G3: F44 | H3: E53 | I3: F53

Sheet Validate_Type
B1: C1 | C1: C2 | D1: C3 | E1: C4 | F1: C5 | G1: C6 | H1: C7 | I1: C8
B2: {=IF('Raw Data'!B2="",_xlfn.REGEXEXTRACT(CELL("address",'Raw Data'!B2),"\$([A-Z]+)\$[0-9]+"),"")} -> $B$2 | C2: {=IF('Raw Data'!C2="",_xlfn.REGEXEXTRACT(CELL("address",'Raw Data'!C2),"\$([A-Z]+)\$[0-9]+"),"")} -> $C$2 | D2: {=IF('Raw Data'!D2="",_xlfn.REGEXEXTRACT(CELL("address",'Raw Data'!D2),"\$([A-Z]+)\$[0-9]+"),"")} -> $D$2 | E2: {=IF('Raw Data'!E2="",_xlfn.REGEXEXTRACT(CELL("address",'Raw Data'!E2),"\$([A-Z]+)\$[0-9]+"),"")} -> $E$2 | F2: {=IF('Raw Data'!F2="",_xlfn.REGEXEXTRACT(CELL("address",'Raw Data'!F2),"\$([A-Z]+)\$[0-9]+"),"")} -> $F$2 | G2: {=IF('Raw Data'!#REF!="",_xlfn.REGEXEXTRACT(CELL("address",'Raw Data'!#REF!),"\$([A-Z]+)\$[0-9]+"),"")} -> #REF! | H2: {=IF('Raw Data'!G2="",_xlfn.REGEXEXTRACT(CELL("address",'Raw Data'!G2),"\$([A-Z]+)\$[0-9]+"),"")} -> $G$2 | I2: {=IF('Raw Data'!H2="",_xlfn.REGEXEXTRACT(CELL("address",'Raw Data'!H2),"\$([A-Z]+)\$[0-9]+"),"")} -> $H$2
B3: {=IF('Raw Data'!B3="",_xlfn.REGEXEXTRACT(CELL("address",'Raw Data'!B3),"\$([A-Z]+)\$[0-9]+"),"")} -> $B$3 | C3: {=IF('Raw Data'!C3="",_xlfn.REGEXEXTRACT(CELL("address",'Raw Data'!C3),"\$([A-Z]+)\$[0-9]+"),"")} -> $C$3 | D3: {=IF('Raw Data'!D3="",_xlfn.REGEXEXTRACT(CELL("address",'Raw Data'!D3),"\$([A-Z]+)\$[0-9]+"),"")} -> $D$3 | E3: {=IF('Raw Data'!E3="",_xlfn.REGEXEXTRACT(CELL("address",'Raw Data'!E3),"\$([A-Z]+)\$[0-9]+"),"")} -> $E$3 | F3: {=IF('Raw Data'!F3="",_xlfn.REGEXEXTRACT(CELL("address",'Raw Data'!F3),"\$([A-Z]+)\$[0-9]+"),"")} -> $F$3 | G3: {=IF('Raw Data'!#REF!="",_xlfn.REGEXEXTRACT(CELL("address",'Raw Data'!#REF!),"\$([A-Z]+)\$[0-9]+"),"")} -> #REF! | H3: {=IF('Raw Data'!G3="",_xlfn.REGEXEXTRACT(CELL("address",'Raw Data'!G3),"\$([A-Z]+)\$[0-9]+"),"")} -> $G$3 | I3: {=IF('Raw Data'!H3="",_xlfn.REGEXEXTRACT(CELL("address",'Raw Data'!H3),"\$([A-Z]+)\$[0-9]+"),"")} -> $H$3
B4: {=IF('Raw Data'!B4="",_xlfn.REGEXEXTRACT(CELL("address",'Raw Data'!B4),"\$([A-Z]+)\$[0-9]+"),"")} -> $B$4 | C4: {=IF('Raw Data'!C4="",_xlfn.REGEXEXTRACT(CELL("address",'Raw Data'!C4),"\$([A-Z]+)\$[0-9]+"),"")} -> $C$4 | D4: {=IF('Raw Data'!D4="",_xlfn.REGEXEXTRACT(CELL("address",'Raw Data'!D4),"\$([A-Z]+)\$[0-9]+"),"")} -> $D$4 | E4: {=IF('Raw Data'!E4="",_xlfn.REGEXEXTRACT(CELL("address",'Raw Data'!E4),"\$([A-Z]+)\$[0-9]+"),"")} -> $E$4 | F4: {=IF('Raw Data'!F4="",_xlfn.REGEXEXTRACT(CELL("address",'Raw Data'!F4),"\$([A-Z]+)\$[0-9]+"),"")} -> $F$4 | G4: {=IF('Raw Data'!#REF!="",_xlfn.REGEXEXTRACT(CELL("address",'Raw Data'!#REF!),"\$([A-Z]+)\$[0-9]+"),"")} -> #REF! | H4: {=IF('Raw Data'!G4="",_xlfn.REGEXEXTRACT(CELL("address",'Raw Data'!G4),"\$([A-Z]+)\$[0-9]+"),"")} -> $G$4 | I4: {=IF('Raw Data'!H4="",_xlfn.REGEXEXTRACT(CELL("address",'Raw Data'!H4),"\$([A-Z]+)\$[0-9]+"),"")} -> $H$4
B5: {=IF('Raw Data'!B5="",_xlfn.REGEXEXTRACT(CELL("address",'Raw Data'!B5),"\$([A-Z]+)\$[0-9]+"),"")} -> $B$5 | C5: {=IF('Raw Data'!C5="",_xlfn.REGEXEXTRACT(CELL("address",'Raw Data'!C5),"\$([A-Z]+)\$[0-9]+"),"")} -> $C$5 | D5: {=IF('Raw Data'!D5="",_xlfn.REGEXEXTRACT(CELL("address",'Raw Data'!D5),"\$([A-Z]+)\$[0-9]+"),"")} -> $D$5 | E5: {=IF('Raw Data'!E5="",_xlfn.REGEXEXTRACT(CELL("address",'Raw Data'!E5),"\$([A-Z]+)\$[0-9]+"),"")} -> $E$5 | F5: {=IF('Raw Data'!F5="",_xlfn.REGEXEXTRACT(CELL("address",'Raw Data'!F5),"\$([A-Z]+)\$[0-9]+"),"")} -> $F$5 | G5: {=IF('Raw Data'!#REF!="",_xlfn.REGEXEXTRACT(CELL("address",'Raw Data'!#REF!),"\$([A-Z]+)\$[0-9]+"),"")} -> #REF! | H5: {=IF('Raw Data'!G5="",_xlfn.REGEXEXTRACT(CELL("address",'Raw Data'!G5),"\$([A-Z]+)\$[0-9]+"),"")} -> $G$5 | I5: {=IF('Raw Data'!H5="",_xlfn.REGEXEXTRACT(CELL("address",'Raw Data'!H5),"\$([A-Z]+)\$[0-9]+"),"")} -> $H$5
B6: {=IF('Raw Data'!B6="",_xlfn.REGEXEXTRACT(CELL("address",'Raw Data'!B6),"\$([A-Z]+)\$[0-9]+"),"")} -> $B$6 | C6: {=IF('Raw Data'!C6="",_xlfn.REGEXEXTRACT(CELL("address",'Raw Data'!C6),"\$([A-Z]+)\$[0-9]+"),"")} -> $C$6 | D6: {=IF('Raw Data'!D6="",_xlfn.REGEXEXTRACT(CELL("address",'Raw Data'!D6),"\$([A-Z]+)\$[0-9]+"),"")} -> $D$6 | E6: {=IF('Raw Data'!E6="",_xlfn.REGEXEXTRACT(CELL("address",'Raw Data'!E6),"\$([A-Z]+)\$[0-9]+"),"")} -> $E$6 | F6: {=IF('Raw Data'!F6="",_xlfn.REGEXEXTRACT(CELL("address",'Raw Data'!F6),"\$([A-Z]+)\$[0-9]+"),"")} -> $F$6 | G6: {=IF('Raw Data'!#REF!="",_xlfn.REGEXEXTRACT(CELL("address",'Raw Data'!#REF!),"\$([A-Z]+)\$[0-9]+"),"")} -> #REF! | H6: {=IF('Raw Data'!G6="",_xlfn.REGEXEXTRACT(CELL("address",'Raw Data'!G6),"\$([A-Z]+)\$[0-9]+"),"")} -> $G$6 | I6: {=IF('Raw Data'!H6="",_xlfn.REGEXEXTRACT(CELL("address",'Raw Data'!H6),"\$([A-Z]+)\$[0-9]+"),"")} -> $H$6
B7: {=IF('Raw Data'!B8="",_xlfn.REGEXEXTRACT(CELL("address",'Raw Data'!B8),"\$([A-Z]+)\$[0-9]+"),"")} -> $B$8 | C7: {=IF('Raw Data'!C8="",_xlfn.REGEXEXTRACT(CELL("address",'Raw Data'!C8),"\$([A-Z]+)\$[0-9]+"),"")} -> $C$8 | D7: {=IF('Raw Data'!D8="",_xlfn.REGEXEXTRACT(CELL("address",'Raw Data'!D8),"\$([A-Z]+)\$[0-9]+"),"")} -> $D$8 | E7: {=IF('Raw Data'!E8="",_xlfn.REGEXEXTRACT(CELL("address",'Raw Data'!E8),"\$([A-Z]+)\$[0-9]+"),"")} -> $E$8 | F7: {=IF('Raw Data'!F8="",_xlfn.REGEXEXTRACT(CELL("address",'Raw Data'!F8),"\$([A-Z]+)\$[0-9]+"),"")} -> $F$8 | G7: {=IF('Raw Data'!#REF!="",_xlfn.REGEXEXTRACT(CELL("address",'Raw Data'!#REF!),"\$([A-Z]+)\$[0-9]+"),"")} -> #REF! | H7: {=IF('Raw Data'!G8="",_xlfn.REGEXEXTRACT(CELL("address",'Raw Data'!G8),"\$([A-Z]+)\$[0-9]+"),"")} -> $G$8 | I7: {=IF('Raw Data'!H8="",_xlfn.REGEXEXTRACT(CELL("address",'Raw Data'!H8),"\$([A-Z]+)\$[0-9]+"),"")} -> $H$8
B8: {=IF('Raw Data'!B10="",_xlfn.REGEXEXTRACT(CELL("address",'Raw Data'!B10),"\$([A-Z]+)\$[0-9]+"),"")} -> $B$10 | C8: {=IF('Raw Data'!C10="",_xlfn.REGEXEXTRACT(CELL("address",'Raw Data'!C10),"\$([A-Z]+)\$[0-9]+"),"")} -> $C$10 | D8: {=IF('Raw Data'!D10="",_xlfn.REGEXEXTRACT(CELL("address",'Raw Data'!D10),"\$([A-Z]+)\$[0-9]+"),"")} -> $D$10 | E8: {=IF('Raw Data'!E10="",_xlfn.REGEXEXTRACT(CELL("address",'Raw Data'!E10),"\$([A-Z]+)\$[0-9]+"),"")} -> $E$10 | F8: {=IF('Raw Data'!F10="",_xlfn.REGEXEXTRACT(CELL("address",'Raw Data'!F10),"\$([A-Z]+)\$[0-9]+"),"")} -> $F$10 | G8: {=IF('Raw Data'!#REF!="",_xlfn.REGEXEXTRACT(CELL("address",'Raw Data'!#REF!),"\$([A-Z]+)\$[0-9]+"),"")} -> #REF! | H8: {=IF('Raw Data'!G10="",_xlfn.REGEXEXTRACT(CELL("address",'Raw Data'!G10),"\$([A-Z]+)\$[0-9]+"),"")} -> $G$10 | I8: {=IF('Raw Data'!H10="",_xlfn.REGEXEXTRACT(CELL("address",'Raw Data'!H10),"\$([A-Z]+)\$[0-9]+"),"")} -> $H$10
B9: {=IF('Raw Data'!#REF!="",_xlfn.REGEXEXTRACT(CELL("address",'Raw Data'!#REF!),"\$([A-Z]+)\$[0-9]+"),"")} -> #REF! | C9: {=IF('Raw Data'!#REF!="",_xlfn.REGEXEXTRACT(CELL("address",'Raw Data'!#REF!),"\$([A-Z]+)\$[0-9]+"),"")} -> #REF! | D9: {=IF('Raw Data'!#REF!="",_xlfn.REGEXEXTRACT(CELL("address",'Raw Data'!#REF!),"\$([A-Z]+)\$[0-9]+"),"")} -> #REF! | E9: {=IF('Raw Data'!#REF!="",_xlfn.REGEXEXTRACT(CELL("address",'Raw Data'!#REF!),"\$([A-Z]+)\$[0-9]+"),"")} -> #REF! | F9: {=IF('Raw Data'!#REF!="",_xlfn.REGEXEXTRACT(CELL("address",'Raw Data'!#REF!),"\$([A-Z]+)\$[0-9]+"),"")} -> #REF! | G9: {=IF('Raw Data'!#REF!="",_xlfn.REGEXEXTRACT(CELL("address",'Raw Data'!#REF!),"\$([A-Z]+)\$[0-9]+"),"")} -> #REF! | H9: {=IF('Raw Data'!G11="",_xlfn.REGEXEXTRACT(CELL("address",'Raw Data'!G11),"\$([A-Z]+)\$[0-9]+"),"")} | I9: {=IF('Raw Data'!H11="",_xlfn.REGEXEXTRACT(CELL("address",'Raw Data'!H11),"\$([A-Z]+)\$[0-9]+"),"")}
B10: {=IF('Raw Data'!B12="",_xlfn.REGEXEXTRACT(CELL("address",'Raw Data'!B12),"\$([A-Z]+)\$[0-9]+"),"")} | C10: {=IF('Raw Data'!C12="",_xlfn.REGEXEXTRACT(CELL("address",'Raw Data'!C12),"\$([A-Z]+)\$[0-9]+"),"")} | D10: {=IF('Raw Data'!D12="",_xlfn.REGEXEXTRACT(CELL("address",'Raw Data'!D12),"\$([A-Z]+)\$[0-9]+"),"")} | E10: {=IF('Raw Data'!E12="",_xlfn.REGEXEXTRACT(CELL("address",'Raw Data'!E12),"\$([A-Z]+)\$[0-9]+"),"")} -> $E$12 | F10: {=IF('Raw Data'!F12="",_xlfn.REGEXEXTRACT(CELL("address",'Raw Data'!F12),"\$([A-Z]+)\$[0-9]+"),"")} -> $F$12 | G10: {=IF('Raw Data'!#REF!="",_xlfn.REGEXEXTRACT(CELL("address",'Raw Data'!#REF!),"\$([A-Z]+)\$[0-9]+"),"")} -> #REF! | H10: {=IF('Raw Data'!G12="",_xlfn.REGEXEXTRACT(CELL("address",'Raw Data'!G12),"\$([A-Z]+)\$[0-9]+"),"")} -> $G$12 | I10: {=IF('Raw Data'!H12="",_xlfn.REGEXEXTRACT(CELL("address",'Raw Data'!H12),"\$([A-Z]+)\$[0-9]+"),"")} -> $H$12
B11: {=IF('Raw Data'!B13="",_xlfn.REGEXEXTRACT(CELL("address",'Raw Data'!B13),"\$([A-Z]+)\$[0-9]+"),"")} | C11: {=IF('Raw Data'!C13="",_xlfn.REGEXEXTRACT(CELL("address",'Raw Data'!C13),"\$([A-Z]+)\$[0-9]+"),"")} | D11: {=IF('Raw Data'!D13="",_xlfn.REGEXEXTRACT(CELL("address",'Raw Data'!D13),"\$([A-Z]+)\$[0-9]+"),"")} | E11: {=IF('Raw Data'!E13="",_xlfn.REGEXEXTRACT(CELL("address",'Raw Data'!E13),"\$([A-Z]+)\$[0-9]+"),"")} | F11: {=IF('Raw Data'!F13="",_xlfn.REGEXEXTRACT(CELL("address",'Raw Data'!F13),"\$([A-Z]+)\$[0-9]+"),"")} | G11: {=IF('Raw Data'!#REF!="",_xlfn.REGEXEXTRACT(CELL("address",'Raw Data'!#REF!),"\$([A-Z]+)\$[0-9]+"),"")} -> #REF! | H11: {=IF('Raw Data'!G13="",_xlfn.REGEXEXTRACT(CELL("address",'Raw Data'!G13),"\$([A-Z]+)\$[0-9]+"),"")} | I11: {=IF('Raw Data'!H13="",_xlfn.REGEXEXTRACT(CELL("address",'Raw Data'!H13),"\$([A-Z]+)\$[0-9]+"),"")} -> $H$13
B12: {=IF('Raw Data'!B14="",_xlfn.REGEXEXTRACT(CELL("address",'Raw Data'!B14),"\$([A-Z]+)\$[0-9]+"),"")} | C12: {=IF('Raw Data'!C14="",_xlfn.REGEXEXTRACT(CELL("address",'Raw Data'!C14),"\$([A-Z]+)\$[0-9]+"),"")} | D12: {=IF('Raw Data'!D14="",_xlfn.REGEXEXTRACT(CELL("address",'Raw Data'!D14),"\$([A-Z]+)\$[0-9]+"),"")} | E12: {=IF('Raw Data'!E14="",_xlfn.REGEXEXTRACT(CELL("address",'Raw Data'!E14),"\$([A-Z]+)\$[0-9]+"),"")} | F12: {=IF('Raw Data'!F14="",_xlfn.REGEXEXTRACT(CELL("address",'Raw Data'!F14),"\$([A-Z]+)\$[0-9]+"),"")} | G12: {=IF('Raw Data'!#REF!="",_xlfn.REGEXEXTRACT(CELL("address",'Raw Data'!#REF!),"\$([A-Z]+)\$[0-9]+"),"")} -> #REF! | H12: {=IF('Raw Data'!G14="",_xlfn.REGEXEXTRACT(CELL("address",'Raw Data'!G14),"\$([A-Z]+)\$[0-9]+"),"")} | I12: {=IF('Raw Data'!H14="",_xlfn.REGEXEXTRACT(CELL("address",'Raw Data'!H14),"\$([A-Z]+)\$[0-9]+"),"")} -> $H$14
B13: {=IF('Raw Data'!B15="",_xlfn.REGEXEXTRACT(CELL("address",'Raw Data'!B15),"\$([A-Z]+)\$[0-9]+"),"")} | C13: {=IF('Raw Data'!C15="",_xlfn.REGEXEXTRACT(CELL("address",'Raw Data'!C15),"\$([A-Z]+)\$[0-9]+"),"")} | D13: {=IF('Raw Data'!D15="",_xlfn.REGEXEXTRACT(CELL("address",'Raw Data'!D15),"\$([A-Z]+)\$[0-9]+"),"")} | E13: {=IF('Raw Data'!E15="",_xlfn.REGEXEXTRACT(CELL("address",'Raw Data'!E15),"\$([A-Z]+)\$[0-9]+"),"")} | F13: {=IF('Raw Data'!F15="",_xlfn.REGEXEXTRACT(CELL("address",'Raw Data'!F15),"\$([A-Z]+)\$[0-9]+"),"")} | G13: {=IF('Raw Data'!#REF!="",_xlfn.REGEXEXTRACT(CELL("address",'Raw Data'!#REF!),"\$([A-Z]+)\$[0-9]+"),"")} -> #REF! | H13: {=IF('Raw Data'!G15="",_xlfn.REGEXEXTRACT(CELL("address",'Raw Data'!G15),"\$([A-Z]+)\$[0-9]+"),"")} | I13: {=IF('Raw Data'!H15="",_xlfn.REGEXEXTRACT(CELL("address",'Raw Data'!H15),"\$([A-Z]+)\$[0-9]+"),"")} -> $H$15
B14: {=IF('Raw Data'!B16="",_xlfn.REGEXEXTRACT(CELL("address",'Raw Data'!B16),"\$([A-Z]+)\$[0-9]+"),"")} | C14: {=IF('Raw Data'!C16="",_xlfn.REGEXEXTRACT(CELL("address",'Raw Data'!C16),"\$([A-Z]+)\$[0-9]+"),"")} | D14: {=IF('Raw Data'!D16="",_xlfn.REGEXEXTRACT(CELL("address",'Raw Data'!D16),"\$([A-Z]+)\$[0-9]+"),"")} | E14: {=IF('Raw Data'!E16="",_xlfn.REGEXEXTRACT(CELL("address",'Raw Data'!E16),"\$([A-Z]+)\$[0-9]+"),"")} | F14: {=IF('Raw Data'!F16="",_xlfn.REGEXEXTRACT(CELL("address",'Raw Data'!F16),"\$([A-Z]+)\$[0-9]+"),"")} | G14: {=IF('Raw Data'!#REF!="",_xlfn.REGEXEXTRACT(CELL("address",'Raw Data'!#REF!),"\$([A-Z]+)\$[0-9]+"),"")} -> #REF! | H14: {=IF('Raw Data'!G16="",_xlfn.REGEXEXTRACT(CELL("address",'Raw Data'!G16),"\$([A-Z]+)\$[0-9]+"),"")} | I14: {=IF('Raw Data'!H16="",_xlfn.REGEXEXTRACT(CELL("address",'Raw Data'!H16),"\$([A-Z]+)\$[0-9]+"),"")} -> $H$16
B15: {=IF('Raw Data'!B17="",_xlfn.REGEXEXTRACT(CELL("address",'Raw Data'!B17),"\$([A-Z]+)\$[0-9]+"),"")} | C15: {=IF('Raw Data'!C17="",_xlfn.REGEXEXTRACT(CELL("address",'Raw Data'!C17),"\$([A-Z]+)\$[0-9]+"),"")} | D15: {=IF('Raw Data'!D17="",_xlfn.REGEXEXTRACT(CELL("address",'Raw Data'!D17),"\$([A-Z]+)\$[0-9]+"),"")} | E15: {=IF('Raw Data'!E17="",_xlfn.REGEXEXTRACT(CELL("address",'Raw Data'!E17),"\$([A-Z]+)\$[0-9]+"),"")} | F15: {=IF('Raw Data'!F17="",_xlfn.REGEXEXTRACT(CELL("address",'Raw Data'!F17),"\$([A-Z]+)\$[0-9]+"),"")} | G15: {=IF('Raw Data'!#REF!="",_xlfn.REGEXEXTRACT(CELL("address",'Raw Data'!#REF!),"\$([A-Z]+)\$[0-9]+"),"")} -> #REF! | H15: {=IF('Raw Data'!G17="",_xlfn.REGEXEXTRACT(CELL("address",'Raw Data'!G17),"\$([A-Z]+)\$[0-9]+"),"")} | I15: {=IF('Raw Data'!H17="",_xlfn.REGEXEXTRACT(CELL("address",'Raw Data'!H17),"\$([A-Z]+)\$[0-9]+"),"")} -> $H$17
B16: {=IF('Raw Data'!B18="",_xlfn.REGEXEXTRACT(CELL("address",'Raw Data'!B18),"\$([A-Z]+)\$[0-9]+"),"")} | C16: {=IF('Raw Data'!C18="",_xlfn.REGEXEXTRACT(CELL("address",'Raw Data'!C18),"\$([A-Z]+)\$[0-9]+"),"")} | D16: {=IF('Raw Data'!D18="",_xlfn.REGEXEXTRACT(CELL("address",'Raw Data'!D18),"\$([A-Z]+)\$[0-9]+"),"")} | E16: {=IF('Raw Data'!E18="",_xlfn.REGEXEXTRACT(CELL("address",'Raw Data'!E18),"\$([A-Z]+)\$[0-9]+"),"")} | F16: {=IF('Raw Data'!F18="",_xlfn.REGEXEXTRACT(CELL("address",'Raw Data'!F18),"\$([A-Z]+)\$[0-9]+"),"")} | G16: {=IF('Raw Data'!#REF!="",_xlfn.REGEXEXTRACT(CELL("address",'Raw Data'!#REF!),"\$([A-Z]+)\$[0-9]+"),"")} -> #REF! | H16: {=IF('Raw Data'!G18="",_xlfn.REGEXEXTRACT(CELL("address",'Raw Data'!G18),"\$([A-Z]+)\$[0-9]+"),"")} | I16: {=IF('Raw Data'!H18="",_xlfn.REGEXEXTRACT(CELL("address",'Raw Data'!H18),"\$([A-Z]+)\$[0-9]+"),"")} -> $H$18
B17: {=IF('Raw Data'!B19="",_xlfn.REGEXEXTRACT(CELL("address",'Raw Data'!B19),"\$([A-Z]+)\$[0-9]+"),"")} | C17: {=IF('Raw Data'!C19="",_xlfn.REGEXEXTRACT(CELL("address",'Raw Data'!C19),"\$([A-Z]+)\$[0-9]+"),"")} | D17: {=IF('Raw Data'!D19="",_xlfn.REGEXEXTRACT(CELL("address",'Raw Data'!D19),"\$([A-Z]+)\$[0-9]+"),"")} | E17: {=IF('Raw Data'!E19="",_xlfn.REGEXEXTRACT(CELL("address",'Raw Data'!E19),"\$([A-Z]+)\$[0-9]+"),"")} | F17: {=IF('Raw Data'!F19="",_xlfn.REGEXEXTRACT(CELL("address",'Raw Data'!F19),"\$([A-Z]+)\$[0-9]+"),"")} | G17: {=IF('Raw Data'!#REF!="",_xlfn.REGEXEXTRACT(CELL("address",'Raw Data'!#REF!),"\$([A-Z]+)\$[0-9]+"),"")} -> #REF! | H17: {=IF('Raw Data'!G19="",_xlfn.REGEXEXTRACT(CELL("address",'Raw Data'!G19),"\$([A-Z]+)\$[0-9]+"),"")} | I17: {=IF('Raw Data'!H19="",_xlfn.REGEXEXTRACT(CELL("address",'Raw Data'!H19),"\$([A-Z]+)\$[0-9]+"),"")} -> $H$19
B18: {=IF('Raw Data'!B20="",_xlfn.REGEXEXTRACT(CELL("address",'Raw Data'!B20),"\$([A-Z]+)\$[0-9]+"),"")} | C18: {=IF('Raw Data'!C20="",_xlfn.REGEXEXTRACT(CELL("address",'Raw Data'!C20),"\$([A-Z]+)\$[0-9]+"),"")} | D18: {=IF('Raw Data'!D20="",_xlfn.REGEXEXTRACT(CELL("address",'Raw Data'!D20),"\$([A-Z]+)\$[0-9]+"),"")} | E18: {=IF('Raw Data'!E20="",_xlfn.REGEXEXTRACT(CELL("address",'Raw Data'!E20),"\$([A-Z]+)\$[0-9]+"),"")} | F18: {=IF('Raw Data'!F20="",_xlfn.REGEXEXTRACT(CELL("address",'Raw Data'!F20),"\$([A-Z]+)\$[0-9]+"),"")} | G18: {=IF('Raw Data'!#REF!="",_xlfn.REGEXEXTRACT(CELL("address",'Raw Data'!#REF!),"\$([A-Z]+)\$[0-9]+"),"")} -> #REF! | H18: {=IF('Raw Data'!G20="",_xlfn.REGEXEXTRACT(CELL("address",'Raw Data'!G20),"\$([A-Z]+)\$[0-9]+"),"")} | I18: {=IF('Raw Data'!H20="",_xlfn.REGEXEXTRACT(CELL("address",'Raw Data'!H20),"\$([A-Z]+)\$[0-9]+"),"")} -> $H$20
B19: {=IF('Raw Data'!B21="",_xlfn.REGEXEXTRACT(CELL("address",'Raw Data'!B21),"\$([A-Z]+)\$[0-9]+"),"")} | C19: {=IF('Raw Data'!C21="",_xlfn.REGEXEXTRACT(CELL("address",'Raw Data'!C21),"\$([A-Z]+)\$[0-9]+"),"")} | D19: {=IF('Raw Data'!D21="",_xlfn.REGEXEXTRACT(CELL("address",'Raw Data'!D21),"\$([A-Z]+)\$[0-9]+"),"")} | E19: {=IF('Raw Data'!E21="",_xlfn.REGEXEXTRACT(CELL("address",'Raw Data'!E21),"\$([A-Z]+)\$[0-9]+"),"")} | F19: {=IF('Raw Data'!F21="",_xlfn.REGEXEXTRACT(CELL("address",'Raw Data'!F21),"\$([A-Z]+)\$[0-9]+"),"")} | G19: {=IF('Raw Data'!#REF!="",_xlfn.REGEXEXTRACT(CELL("address",'Raw Data'!#REF!),"\$([A-Z]+)\$[0-9]+"),"")} -> #REF! | H19: {=IF('Raw Data'!G21="",_xlfn.REGEXEXTRACT(CELL("address",'Raw Data'!G21),"\$([A-Z]+)\$[0-9]+"),"")} | I19: {=IF('Raw Data'!H21="",_xlfn.REGEXEXTRACT(CELL("address",'Raw Data'!H21),"\$([A-Z]+)\$[0-9]+"),"")} -> $H$21
B20: {=IF('Raw Data'!B22="",_xlfn.REGEXEXTRACT(CELL("address",'Raw Data'!B22),"\$([A-Z]+)\$[0-9]+"),"")} | C20: {=IF('Raw Data'!C22="",_xlfn.REGEXEXTRACT(CELL("address",'Raw Data'!C22),"\$([A-Z]+)\$[0-9]+"),"")} | D20: {=IF('Raw Data'!D22="",_xlfn.REGEXEXTRACT(CELL("address",'Raw Data'!D22),"\$([A-Z]+)\$[0-9]+"),"")} | E20: {=IF('Raw Data'!E22="",_xlfn.REGEXEXTRACT(CELL("address",'Raw Data'!E22),"\$([A-Z]+)\$[0-9]+"),"")} | F20: {=IF('Raw Data'!F22="",_xlfn.REGEXEXTRACT(CELL("address",'Raw Data'!F22),"\$([A-Z]+)\$[0-9]+"),"")} | G20: {=IF('Raw Data'!#REF!="",_xlfn.REGEXEXTRACT(CELL("address",'Raw Data'!#REF!),"\$([A-Z]+)\$[0-9]+"),"")} -> #REF! | H20: {=IF('Raw Data'!G22="",_xlfn.REGEXEXTRACT(CELL("address",'Raw Data'!G22),"\$([A-Z]+)\$[0-9]+"),"")} | I20: {=IF('Raw Data'!H22="",_xlfn.REGEXEXTRACT(CELL("address",'Raw Data'!H22),"\$([A-Z]+)\$[0-9]+"),"")} -> $H$22
B21: {=IF('Raw Data'!B23="",_xlfn.REGEXEXTRACT(CELL("address",'Raw Data'!B23),"\$([A-Z]+)\$[0-9]+"),"")} | C21: {=IF('Raw Data'!C23="",_xlfn.REGEXEXTRACT(CELL("address",'Raw Data'!C23),"\$([A-Z]+)\$[0-9]+"),"")} | D21: {=IF('Raw Data'!D23="",_xlfn.REGEXEXTRACT(CELL("address",'Raw Data'!D23),"\$([A-Z]+)\$[0-9]+"),"")} -> $D$23 | E21: {=IF('Raw Data'!E23="",_xlfn.REGEXEXTRACT(CELL("address",'Raw Data'!E23),"\$([A-Z]+)\$[0-9]+"),"")} -> $E$23 | F21: {=IF('Raw Data'!F23="",_xlfn.REGEXEXTRACT(CELL("address",'Raw Data'!F23),"\$([A-Z]+)\$[0-9]+"),"")} -> $F$23 | G21: {=IF('Raw Data'!#REF!="",_xlfn.REGEXEXTRACT(CELL("address",'Raw Data'!#REF!),"\$([A-Z]+)\$[0-9]+"),"")} -> #REF! | H21: {=IF('Raw Data'!G23="",_xlfn.REGEXEXTRACT(CELL("address",'Raw Data'!G23),"\$([A-Z]+)\$[0-9]+"),"")} -> $G$23 | I21: {=IF('Raw Data'!H23="",_xlfn.REGEXEXTRACT(CELL("address",'Raw Data'!H23),"\$([A-Z]+)\$[0-9]+"),"")} -> $H$23
... B300: {=IF('Raw Data'!B302="",_xlfn.REGEXEXTRACT(CELL("address",'Raw Data'!B302),"\$([A-Z]+)\$[0-9]+"),"")} -> $B$302 | C300: {=IF('Raw Data'!C302="",_xlfn.REGEXEXTRACT(CELL("address",'Raw Data'!C302),"\$([A-Z]+)\$[0-9]+"),"")} -> $C$302 | D300: {=IF('Raw Data'!D302="",_xlfn.REGEXEXTRACT(CELL("address",'Raw Data'!D302),"\$([A-Z]+)\$[0-9]+"),"")} -> $D$302 | E300: {=IF('Raw Data'!E302="",_xlfn.REGEXEXTRACT(CELL("address",'Raw Data'!E302),"\$([A-Z]+)\$[0-9]+"),"")} -> $E$302 | F300: {=IF('Raw Data'!F302="",_xlfn.REGEXEXTRACT(CELL("address",'Raw Data'!F302),"\$([A-Z]+)\$[0-9]+"),"")} -> $F$302 | G300: {=IF('Raw Data'!#REF!="",_xlfn.REGEXEXTRACT(CELL("address",'Raw Data'!#REF!),"\$([A-Z]+)\$[0-9]+"),"")} -> #REF! | H300: {=IF('Raw Data'!G302="",_xlfn.REGEXEXTRACT(CELL("address",'Raw Data'!G302),"\$([A-Z]+)\$[0-9]+"),"")} -> $G$302 | I300: {=IF('Raw Data'!H302="",_xlfn.REGEXEXTRACT(CELL("address",'Raw Data'!H302),"\$([A-Z]+)\$[0-9]+"),"")} -> $H$302
