Workbook

Sheet Raw Data
B9: C1 | C9: C2 | D9: C3 | E9: C4 | F9: C5 | G9: C6 | H9: C7 | I9: C8 | J9: C9 | K9: C10 | L9: C11 | M9: C12 | N9: C13 | O9: C14 | P9: C15 | Q9: C16 | R9: C17 | S9: C18 | T9: C19 | U9: C20 | V9: C21 | W9: C22 | X9: C23 | Y9: C24
B10: 200 | C10: 200-1 | D10: 200-1-1 | E10: 200-1-1-1 | F10: 200-1-1-1-1 | G10: ENG | H10: 200-1-1-1-1-ENG | I10: Onshore | J10: Small EPC | K10: EPC | L10: Power Plant | M10: CSA | N10: Engineering | O10: Onshore-Small EPC-EPC-Power Plant-CSA-Engineering | P10: SQM | W10: 0 | X10: 0 | Y10: 0
B11: 200 | C11: 200-1 | D11: 200-1-1 | E11: 200-1-1-1 | F11: 200-1-1-1-2 | G11: ENG | H11: 200-1-1-1-2-ENG | I11: Onshore | J11: Small EPC | K11: EPC | L11: Power Plant | M11: Structure Steel | N11: Engineering | O11: Onshore-Small EPC-EPC-Power Plant-Structure Steel-Engineering | P11: MT | W11: 0 | X11: 0 | Y11: 0
B12: 200 | C12: 200-1 | D12: 200-1-1 | E12: 200-1-1-1 | F12: 200-1-1-1-3 | G12: ENG | H12: 200-1-1-1-3-ENG | I12: Onshore | J12: Small EPC | K12: EPC | L12: Power Plant | M12: Process | N12: Engineering | O12: Onshore-Small EPC-EPC-Power Plant-Process-Engineering | P12: Lot | W12: 0 | X12: 0 | Y12: 0
B13: 200 | C13: 200-1 | D13: 200-1-1 | E13: 200-1-1-1 | F13: 200-1-1-1-4 | G13: ENG | H13: 200-1-1-1-4-ENG | I13: Onshore | J13: Small EPC | K13: EPC | L13: Power Plant | M13: Piping | N13: Engineering | O13: Onshore-Small EPC-EPC-Power Plant-Piping-Engineering | P13: DB | W13: 0 | X13: 0 | Y13: 0
B14: 200 | C14: 200-1 | D14: 200-1-1 | E14: 200-1-1-1 | F14: 200-1-1-1-5 | G14: ENG | H14: 200-1-1-1-5-ENG | I14: Onshore | J14: Small EPC | K14: EPC | L14: Power Plant | M14: Mechanical | N14: Engineering | O14: Onshore-Small EPC-EPC-Power Plant-Mechanical-Engineering | P14: MT | W14: 0 | X14: 0 | Y14: 0
B15: 200 | C15: 200-1 | D15: 200-1-1 | E15: 200-1-1-1 | F15: 200-1-1-1-6 | G15: ENG | H15: 200-1-1-1-6-ENG | I15: Onshore | J15: Small EPC | K15: EPC | L15: Power Plant | M15: Electrical | N15: Engineering | O15: Onshore-Small EPC-EPC-Power Plant-Electrical-Engineering | P15: M | W15: 0 | X15: 0 | Y15: 0
B16: 200 | C16: 200-1 | D16: 200-1-1 | E16: 200-1-1-1 | F16: 200-1-1-1-7 | G16: ENG | H16: 200-1-1-1-7-ENG | I16: Onshore | J16: Small EPC | K16: EPC | L16: Power Plant | M16: Instrument | N16: Engineering | O16: Onshore-Small EPC-EPC-Power Plant-Instrument-Engineering | P16: M | W16: 0 | X16: 0 | Y16: 0
B17: 200 | C17: 200-1 | D17: 200-1-1 | E17: 200-1-1-1 | F17: 200-1-1-1-8 | G17: ENG | H17: 200-1-1-1-8-ENG | I17: Onshore | J17: Small EPC | K17: EPC | L17: Power Plant | M17: Blast & Paint | N17: Engineering | O17: Onshore-Small EPC-EPC-Power Plant-Blast & Paint-Engineering | P17: SQM | W17: 0 | X17: 0 | Y17: 0
B18: 200 | C18: 200-1 | D18: 200-1-1 | E18: 200-1-1-1 | F18: 200-1-1-1-9 | G18: ENG | H18: 200-1-1-1-9-ENG | I18: Onshore | J18: Small EPC | K18: EPC | L18: Power Plant | M18: Insulation | N18: Engineering | O18: Onshore-Small EPC-EPC-Power Plant-Insulation-Engineering | P18: SQM | W18: 0 | X18: 0 | Y18: 0
B19: 200 | C19: 200-1 | D19: 200-1-1 | E19: 200-1-1-1 | F19: 200-1-1-1-10 | G19: ENG | H19: 200-1-1-1-10-ENG | I19: Onshore | J19: Small EPC | K19: EPC | L19: Power Plant | M19: Fireproofing | N19: Engineering | O19: Onshore-Small EPC-EPC-Power Plant-Fireproofing-Engineering | P19: SQM | W19: 0 | X19: 0 | Y19: 0
B20: 200 | C20: 200-1 | D20: 200-1-1 | E20: 200-1-1-1 | F20: 200-1-1-1-11 | G20: ENG | H20: 200-1-1-1-11-ENG | I20: Onshore | J20: Small EPC | K20: EPC | L20: Power Plant | M20: Load & Sail | N20: Engineering | O20: Onshore-Small EPC-EPC-Power Plant-Load & Sail-Engineering | P20: MT | W20: 0 | X20: 0 | Y20: 0
B21: 200 | C21: 200-1 | D21: 200-1-1 | E21: 200-1-1-1 | F21: 200-1-1-1-12 | G21: ENG | H21: 200-1-1-1-12-ENG | I21: Onshore | J21: Small EPC | K21: EPC | L21: Power Plant | M21: Common of Project | N21: Engineering | O21: Onshore-Small EPC-EPC-Power Plant-Common of Project-Engineering | P21: Lot | W21: 0 | X21: 0 | Y21: 0
... B74: 200 | C74: 200-1 | D74: 200-1-1 | E74: 200-1-1-1 | F74: 200-1-1-1-13 | G74: HUC | H74: 200-1-1-1-13-HUC | I74: Onshore | J74: Small EPC | K74: EPC | L74: Power Plant | M74: Other | N74: HUC | O74: Onshore-Small EPC-EPC-Power Plant-Other-HUC | P74: Lot | W74: 0 | X74: 0 | Y74: 0
B75: 200 | C75: 200-1 | D75: 200-1-1 | E75: 200-1-1-1 | F75: 200-1-1-1-1 | G75: ALL | H75: 200-1-1-1-1-ALL | I75: Onshore | J75: Small EPC | K75: EPC | L75: Power Plant | M75: CSA | N75: Overall Project | O75: Onshore-Small EPC-EPC-Power Plant-CSA-Overall Project | P75: SQM | T75: 0 | U75: 0 | V75: 0 | W75: 0 | X75: 0 | Y75: 0
B76: 200 | C76: 200-1 | D76: 200-1-1 | E76: 200-1-1-1 | F76: 200-1-1-1-2 | G76: ALL | H76: 200-1-1-1-2-ALL | I76: Onshore | J76: Small EPC | K76: EPC | L76: Power Plant | M76: Structure Steel | N76: Overall Project | O76: Onshore-Small EPC-EPC-Power Plant-Structure Steel-Overall Project | P76: MT | T76: 0 | U76: 0 | V76: 0 | W76: 0 | X76: 0 | Y76: 0
B77: 200 | C77: 200-1 | D77: 200-1-1 | E77: 200-1-1-1 | F77: 200-1-1-1-3 | G77: ALL | H77: 200-1-1-1-3-ALL | I77: Onshore | J77: Small EPC | K77: EPC | L77: Power Plant | M77: Process | N77: Overall Project | O77: Onshore-Small EPC-EPC-Power Plant-Process-Overall Project | P77: Lot | T77: 0 | U77: 0 | V77: 0 | W77: 0 | X77: 0 | Y77: 0
B78: 200 | C78: 200-1 | D78: 200-1-1 | E78: 200-1-1-1 | F78: 200-1-1-1-4 | G78: ALL | H78: 200-1-1-1-4-ALL | I78: Onshore | J78: Small EPC | K78: EPC | L78: Power Plant | M78: Piping | N78: Overall Project | O78: Onshore-Small EPC-EPC-Power Plant-Piping-Overall Project | P78: DB | T78: 0 | U78: 0 | V78: 0 | W78: 0 | X78: 0 | Y78: 0
B79: 200 | C79: 200-1 | D79: 200-1-1 | E79: 200-1-1-1 | F79: 200-1-1-1-5 | G79: ALL | H79: 200-1-1-1-5-ALL | I79: Onshore | J79: Small EPC | K79: EPC | L79: Power Plant | M79: Mechanical | N79: Overall Project | O79: Onshore-Small EPC-EPC-Power Plant-Mechanical-Overall Project | P79: MT | T79: 0 | U79: 0 | V79: 0 | W79: 0 | X79: 0 | Y79: 0
B80: 200 | C80: 200-1 | D80: 200-1-1 | E80: 200-1-1-1 | F80: 200-1-1-1-6 | G80: ALL | H80: 200-1-1-1-6-ALL | I80: Onshore | J80: Small EPC | K80: EPC | L80: Power Plant | M80: Electrical | N80: Overall Project | O80: Onshore-Small EPC-EPC-Power Plant-Electrical-Overall Project | P80: M | T80: 0 | U80: 0 | V80: 0 | W80: 0 | X80: 0 | Y80: 0
B81: 200 | C81: 200-1 | D81: 200-1-1 | E81: 200-1-1-1 | F81: 200-1-1-1-7 | G81: ALL | H81: 200-1-1-1-7-ALL | I81: Onshore | J81: Small EPC | K81: EPC | L81: Power Plant | M81: Instrument | N81: Overall Project | O81: Onshore-Small EPC-EPC-Power Plant-Instrument-Overall Project | P81: M | T81: 0 | U81: 0 | V81: 0 | W81: 0 | X81: 0 | Y81: 0
B82: 200 | C82: 200-1 | D82: 200-1-1 | E82: 200-1-1-1 | F82: 200-1-1-1-8 | G82: ALL | H82: 200-1-1-1-8-ALL | I82: Onshore | J82: Small EPC | K82: EPC | L82: Power Plant | M82: Blast & Paint | N82: Overall Project | O82: Onshore-Small EPC-EPC-Power Plant-Blast & Paint-Overall Project | P82: SQM | T82: 0 | U82: 0 | V82: 0 | W82: 0 | X82: 0 | Y82: 0
B83: 200 | C83: 200-1 | D83: 200-1-1 | E83: 200-1-1-1 | F83: 200-1-1-1-9 | G83: ALL | H83: 200-1-1-1-9-ALL | I83: Onshore | J83: Small EPC | K83: EPC | L83: Power Plant | M83: Insulation | N83: Overall Project | O83: Onshore-Small EPC-EPC-Power Plant-Insulation-Overall Project | P83: SQM | T83: 0 | U83: 0 | V83: 0 | W83: 0 | X83: 0 | Y83: 0
B84: 200 | C84: 200-1 | D84: 200-1-1 | E84: 200-1-1-1 | F84: 200-1-1-1-10 | G84: ALL | H84: 200-1-1-1-10-ALL | I84: Onshore | J84: Small EPC | K84: EPC | L84: Power Plant | M84: Fireproofing | N84: Overall Project | O84: Onshore-Small EPC-EPC-Power Plant-Fireproofing-Overall Project | P84: SQM | T84: 0 | U84: 0 | V84: 0 | W84: 0 | X84: 0 | Y84: 0
B85: 200 | C85: 200-1 | D85: 200-1-1 | E85: 200-1-1-1 | F85: 200-1-1-1-11 | G85: ALL | H85: 200-1-1-1-11-ALL | I85: Onshore | J85: Small EPC | K85: EPC | L85: Power Plant | M85: Load & Sail | N85: Overall Project | O85: Onshore-Small EPC-EPC-Power Plant-Load & Sail-Overall Project | P85: MT | T85: 0 | U85: 0 | V85: 0 | W85: 0 | X85: 0 | Y85: 0
B86: 200 | C86: 200-1 | D86: 200-1-1 | E86: 200-1-1-1 | F86: 200-1-1-1-12 | G86: ALL | H86: 200-1-1-1-12-ALL | I86: Onshore | J86: Small EPC | K86: EPC | L86: Power Plant | M86: Common of Project | N86: Overall Project | O86: Onshore-Small EPC-EPC-Power Plant-Common of Project-Overall Project | P86: Lot | T86: 0 | U86: 0 | V86: 0 | W86: 0 | X86: 0 | Y86: 0
B87: 200 | C87: 200-1 | D87: 200-1-1 | E87: 200-1-1-1 | F87: 200-1-1-1-13 | G87: ALL | H87: 200-1-1-1-13-ALL | I87: Onshore | J87: Small EPC | K87: EPC | L87: Power Plant | M87: Other | N87: Overall Project | O87: Onshore-Small EPC-EPC-Power Plant-Other-Overall Project | P87: Lot | T87: 0 | U87: 0 | V87: 0 | W87: 0 | X87: 0 | Y87: 0
B88: 200 | C88: 200-1 | D88: 200-1-1 | E88: 200-1-1-2 | F88: 200-1-1-2-1 | G88: ENG | H88: 200-1-1-2-1-ENG | I88: Onshore | J88: Small EPC | K88: EPC | L88: Factory Plant | M88: CSA | N88: Engineering | O88: Onshore-Small EPC-EPC-Factory Plant-CSA-Engineering | P88: SQM | W88: 0 | X88: 0 | Y88: 0
B89: 200 | C89: 200-1 | D89: 200-1-1 | E89: 200-1-1-2 | F89: 200-1-1-2-2 | G89: ENG | H89: 200-1-1-2-2-ENG | I89: Onshore | J89: Small EPC | K89: EPC | L89: Factory Plant | M89: Structure Steel | N89: Engineering | O89: Onshore-Small EPC-EPC-Factory Plant-Structure Steel-Engineering | P89: MT | W89: 0 | X89: 0 | Y89: 0
B90: 200 | C90: 200-1 | D90: 200-1-1 | E90: 200-1-1-2 | F90: 200-1-1-2-3 | G90: ENG | H90: 200-1-1-2-3-ENG | I90: Onshore | J90: Small EPC | K90: EPC | L90: Factory Plant | M90: Process | N90: Engineering | O90: Onshore-Small EPC-EPC-Factory Plant-Process-Engineering | P90: Lot | W90: 0 | X90: 0 | Y90: 0
B91: 200 | C91: 200-1 | D91: 200-1-1 | E91: 200-1-1-2 | F91: 200-1-1-2-4 | G91: ENG | H91: 200-1-1-2-4-ENG | I91: Onshore | J91: Small EPC | K91: EPC | L91: Factory Plant | M91: Piping | N91: Engineering | O91: Onshore-Small EPC-EPC-Factory Plant-Piping-Engineering | P91: DB | W91: 0 | X91: 0 | Y91: 0
B92: 200 | C92: 200-1 | D92: 200-1-1 | E92: 200-1-1-2 | F92: 200-1-1-2-5 | G92: ENG | H92: 200-1-1-2-5-ENG | I92: Onshore | J92: Small EPC | K92: EPC | L92: Factory Plant | M92: Mechanical | N92: Engineering | O92: Onshore-Small EPC-EPC-Factory Plant-Mechanical-Engineering | P92: MT | W92: 0 | X92: 0 | Y92: 0
B93: 200 | C93: 200-1 | D93: 200-1-1 | E93: 200-1-1-2 | F93: 200-1-1-2-6 | G93: ENG | H93: 200-1-1-2-6-ENG | I93: Onshore | J93: Small EPC | K93: EPC | L93: Factory Plant | M93: Electrical | N93: Engineering | O93: Onshore-Small EPC-EPC-Factory Plant-Electrical-Engineering | P93: M | W93: 0 | X93: 0 | Y93: 0
B94: 200 | C94: 200-1 | D94: 200-1-1 | E94: 200-1-1-2 | F94: 200-1-1-2-7 | G94: ENG | H94: 200-1-1-2-7-ENG | I94: Onshore | J94: Small EPC | K94: EPC | L94: Factory Plant | M94: Instrument | N94: Engineering | O94: Onshore-Small EPC-EPC-Factory Plant-Instrument-Engineering | P94: M | W94: 0 | X94: 0 | Y94: 0
B95: 200 | C95: 200-1 | D95: 200-1-1 | E95: 200-1-1-2 | F95: 200-1-1-2-8 | G95: ENG | H95: 200-1-1-2-8-ENG | I95: Onshore | J95: Small EPC | K95: EPC | L95: Factory Plant | M95: Blast & Paint | N95: Engineering | O95: Onshore-Small EPC-EPC-Factory Plant-Blast & Paint-Engineering | P95: SQM | W95: 0 | X95: 0 | Y95: 0
B96: 200 | C96: 200-1 | D96: 200-1-1 | E96: 200-1-1-2 | F96: 200-1-1-2-9 | G96: ENG | H96: 200-1-1-2-9-ENG | I96: Onshore | J96: Small EPC | K96: EPC | L96: Factory Plant | M96: Insulation | N96: Engineering | O96: Onshore-Small EPC-EPC-Factory Plant-Insulation-Engineering | P96: SQM | W96: 0 | X96: 0 | Y96: 0
B97: 200 | C97: 200-1 | D97: 200-1-1 | E97: 200-1-1-2 | F97: 200-1-1-2-10 | G97: ENG | H97: 200-1-1-2-10-ENG | I97: Onshore | J97: Small EPC | K97: EPC | L97: Factory Plant | M97: Fireproofing | N97: Engineering | O97: Onshore-Small EPC-EPC-Factory Plant-Fireproofing-Engineering | P97: SQM | W97: 0 | X97: 0 | Y97: 0
B98: 200 | C98: 200-1 | D98: 200-1-1 | E98: 200-1-1-2 | F98: 200-1-1-2-11 | G98: ENG | H98: 200-1-1-2-11-ENG | I98: Onshore | J98: Small EPC | K98: EPC | L98: Factory Plant | M98: Load & Sail | N98: Engineering | O98: Onshore-Small EPC-EPC-Factory Plant-Load & Sail-Engineering | P98: MT | W98: 0 | X98: 0 | Y98: 0
B99: 200 | C99: 200-1 | D99: 200-1-1 | E99: 200-1-1-2 | F99: 200-1-1-2-12 | G99: ENG | H99: 200-1-1-2-12-ENG | I99: Onshore | J99: Small EPC | K99: EPC | L99: Factory Plant | M99: Common of Project | N99: Engineering | O99: Onshore-Small EPC-EPC-Factory Plant-Common of Project-Engineering | P99: Lot | W99: 0 | X99: 0 | Y99: 0
... B152: 200 | C152: 200-1 | D152: 200-1-1 | E152: 200-1-1-2 | F152: 200-1-1-2-13 | G152: HUC | H152: 200-1-1-2-13-HUC | I152: Onshore | J152: Small EPC | K152: EPC | L152: Factory Plant | M152: Other | N152: HUC | O152: Onshore-Small EPC-EPC-Factory Plant-Other-HUC | P152: Lot | W152: 0 | X152: 0 | Y152: 0
B153: 200 | C153: 200-1 | D153: 200-1-1 | E153: 200-1-1-2 | F153: 200-1-1-2-1 | G153: ALL | H153: 200-1-1-2-1-ALL | I153: Onshore | J153: Small EPC | K153: EPC | L153: Factory Plant | M153: CSA | N153: Overall Project | O153: Onshore-Small EPC-EPC-Factory Plant-CSA-Overall Project | P153: SQM | T153: 0 | U153: 0 | V153: 0 | W153: 0 | X153: 0 | Y153: 0
B154: 200 | C154: 200-1 | D154: 200-1-1 | E154: 200-1-1-2 | F154: 200-1-1-2-2 | G154: ALL | H154: 200-1-1-2-2-ALL | I154: Onshore | J154: Small EPC | K154: EPC | L154: Factory Plant | M154: Structure Steel | N154: Overall Project | O154: Onshore-Small EPC-EPC-Factory Plant-Structure Steel-Overall Project | P154: MT | T154: 0 | U154: 0 | V154: 0 | W154: 0 | X154: 0 | Y154: 0
B155: 200 | C155: 200-1 | D155: 200-1-1 | E155: 200-1-1-2 | F155: 200-1-1-2-3 | G155: ALL | H155: 200-1-1-2-3-ALL | I155: Onshore | J155: Small EPC | K155: EPC | L155: Factory Plant | M155: Process | N155: Overall Project | O155: Onshore-Small EPC-EPC-Factory Plant-Process-Overall Project | P155: Lot | T155: 0 | U155: 0 | V155: 0 | W155: 0 | X155: 0 | Y155: 0
B156: 200 | C156: 200-1 | D156: 200-1-1 | E156: 200-1-1-2 | F156: 200-1-1-2-4 | G156: ALL | H156: 200-1-1-2-4-ALL | I156: Onshore | J156: Small EPC | K156: EPC | L156: Factory Plant | M156: Piping | N156: Overall Project | O156: Onshore-Small EPC-EPC-Factory Plant-Piping-Overall Project | P156: DB | T156: 0 | U156: 0 | V156: 0 | W156: 0 | X156: 0 | Y156: 0
B157: 200 | C157: 200-1 | D157: 200-1-1 | E157: 200-1-1-2 | F157: 200-1-1-2-5 | G157: ALL | H157: 200-1-1-2-5-ALL | I157: Onshore | J157: Small EPC | K157: EPC | L157: Factory Plant | M157: Mechanical | N157: Overall Project | O157: Onshore-Small EPC-EPC-Factory Plant-Mechanical-Overall Project | P157: MT | T157: 0 | U157: 0 | V157: 0 | W157: 0 | X157: 0 | Y157: 0
B158: 200 | C158: 200-1 | D158: 200-1-1 | E158: 200-1-1-2 | F158: 200-1-1-2-6 | G158: ALL | H158: 200-1-1-2-6-ALL | I158: Onshore | J158: Small EPC | K158: EPC | L158: Factory Plant | M158: Electrical | N158: Overall Project | O158: Onshore-Small EPC-EPC-Factory Plant-Electrical-Overall Project | P158: M | T158: 0 | U158: 0 | V158: 0 | W158: 0 | X158: 0 | Y158: 0
B159: 200 | C159: 200-1 | D159: 200-1-1 | E159: 200-1-1-2 | F159: 200-1-1-2-7 | G159: ALL | H159: 200-1-1-2-7-ALL | I159: Onshore | J159: Small EPC | K159: EPC | L159: Factory Plant | M159: Instrument | N159: Overall Project | O159: Onshore-Small EPC-EPC-Factory Plant-Instrument-Overall Project | P159: M | T159: 0 | U159: 0 | V159: 0 | W159: 0 | X159: 0 | Y159: 0
B160: 200 | C160: 200-1 | D160: 200-1-1 | E160: 200-1-1-2 | F160: 200-1-1-2-8 | G160: ALL | H160: 200-1-1-2-8-ALL | I160: Onshore | J160: Small EPC | K160: EPC | L160: Factory Plant | M160: Blast & Paint | N160: Overall Project | O160: Onshore-Small EPC-EPC-Factory Plant-Blast & Paint-Overall Project | P160: SQM | T160: 0 | U160: 0 | V160: 0 | W160: 0 | X160: 0 | Y160: 0
B161: 200 | C161: 200-1 | D161: 200-1-1 | E161: 200-1-1-2 | F161: 200-1-1-2-9 | G161: ALL | H161: 200-1-1-2-9-ALL | I161: Onshore | J161: Small EPC | K161: EPC | L161: Factory Plant | M161: Insulation | N161: Overall Project | O161: Onshore-Small EPC-EPC-Factory Plant-Insulation-Overall Project | P161: SQM | T161: 0 | U161: 0 | V161: 0 | W161: 0 | X161: 0 | Y161: 0
B162: 200 | C162: 200-1 | D162: 200-1-1 | E162: 200-1-1-2 | F162: 200-1-1-2-10 | G162: ALL | H162: 200-1-1-2-10-ALL | I162: Onshore | J162: Small EPC | K162: EPC | L162: Factory Plant | M162: Fireproofing | N162: Overall Project | O162: Onshore-Small EPC-EPC-Factory Plant-Fireproofing-Overall Project | P162: SQM | T162: 0 | U162: 0 | V162: 0 | W162: 0 | X162: 0 | Y162: 0
B163: 200 | C163: 200-1 | D163: 200-1-1 | E163: 200-1-1-2 | F163: 200-1-1-2-11 | G163: ALL | H163: 200-1-1-2-11-ALL | I163: Onshore | J163: Small EPC | K163: EPC | L163: Factory Plant | M163: Load & Sail | N163: Overall Project | O163: Onshore-Small EPC-EPC-Factory Plant-Load & Sail-Overall Project | P163: MT | T163: 0 | U163: 0 | V163: 0 | W163: 0 | X163: 0 | Y163: 0
B164: 200 | C164: 200-1 | D164: 200-1-1 | E164: 200-1-1-2 | F164: 200-1-1-2-12 | G164: ALL | H164: 200-1-1-2-12-ALL | I164: Onshore | J164: Small EPC | K164: EPC | L164: Factory Plant | M164: Common of Project | N164: Overall Project | O164: Onshore-Small EPC-EPC-Factory Plant-Common of Project-Overall Project | P164: Lot | T164: 0 | U164: 0 | V164: 0 | W164: 0 | X164: 0 | Y164: 0
B165: 200 | C165: 200-1 | D165: 200-1-1 | E165: 200-1-1-2 | F165: 200-1-1-2-13 | G165: ALL | H165: 200-1-1-2-13-ALL | I165: Onshore | J165: Small EPC | K165: EPC | L165: Factory Plant | M165: Other | N165: Overall Project | O165: Onshore-Small EPC-EPC-Factory Plant-Other-Overall Project | P165: Lot | T165: 0 | U165: 0 | V165: 0 | W165: 0 | X165: 0 | Y165: 0
B166: 200 | C166: 200-1 | D166: 200-1-1 | E166: 200-1-1-3 | F166: 200-1-1-3-1 | G166: ENG | H166: 200-1-1-3-1-ENG | I166: Onshore | J166: Small EPC | K166: EPC | L166: Refinery & Petrochemical | M166: CSA | N166: Engineering | O166: Onshore-Small EPC-EPC-Refinery & Petrochemical-CSA-Engineering | P166: SQM | Q166: 20 | R166: 214.2 | S166: 214.2 | T166: 0 | U166: 0 | V166: 0 | W166: 0 | X166: 0 | Y166: 0
B167: 200 | C167: 200-1 | D167: 200-1-1 | E167: 200-1-1-3 | F167: 200-1-1-3-2 | G167: ENG | H167: 200-1-1-3-2-ENG | I167: Onshore | J167: Small EPC | K167: EPC | L167: Refinery & Petrochemical | M167: Structure Steel | N167: Engineering | O167: Onshore-Small EPC-EPC-Refinery & Petrochemical-Structure Steel-Engineering | P167: MT | Q167: 21.75 | R167: 21.75 | S167: 21.75 | T167: 0 | U167: 0 | V167: 0 | W167: 0 | X167: 0 | Y167: 0
B168: 200 | C168: 200-1 | D168: 200-1-1 | E168: 200-1-1-3 | F168: 200-1-1-3-3 | G168: ENG | H168: 200-1-1-3-3-ENG | I168: Onshore | J168: Small EPC | K168: EPC | L168: Refinery & Petrochemical | M168: Process | N168: Engineering | O168: Onshore-Small EPC-EPC-Refinery & Petrochemical-Process-Engineering | P168: Lot | Q168: 1565.25 | R168: 1565.25 | S168: 1565.25 | T168: 0 | U168: 0 | V168: 0 | W168: 0 | X168: 0 | Y168: 0
B169: 200 | C169: 200-1 | D169: 200-1-1 | E169: 200-1-1-3 | F169: 200-1-1-3-4 | G169: ENG | H169: 200-1-1-3-4-ENG | I169: Onshore | J169: Small EPC | K169: EPC | L169: Refinery & Petrochemical | M169: Piping | N169: Engineering | O169: Onshore-Small EPC-EPC-Refinery & Petrochemical-Piping-Engineering | P169: DB | Q169: 1 | R169: 1 | S169: 1 | T169: 0 | U169: 0 | V169: 0 | W169: 0 | X169: 0 | Y169: 0
B170: 200 | C170: 200-1 | D170: 200-1-1 | E170: 200-1-1-3 | F170: 200-1-1-3-5 | G170: ENG | H170: 200-1-1-3-5-ENG | I170: Onshore | J170: Small EPC | K170: EPC | L170: Refinery & Petrochemical | M170: Mechanical | N170: Engineering | O170: Onshore-Small EPC-EPC-Refinery & Petrochemical-Mechanical-Engineering | P170: MT | Q170: 30.56 | R170: 30.56 | S170: 30.56 | T170: 0 | U170: 0 | V170: 0 | W170: 0 | X170: 0 | Y170: 0
B171: 200 | C171: 200-1 | D171: 200-1-1 | E171: 200-1-1-3 | F171: 200-1-1-3-6 | G171: ENG | H171: 200-1-1-3-6-ENG | I171: Onshore | J171: Small EPC | K171: EPC | L171: Refinery & Petrochemical | M171: Electrical | N171: Engineering | O171: Onshore-Small EPC-EPC-Refinery & Petrochemical-Electrical-Engineering | P171: M | Q171: 3745 | R171: 3745 | S171: 3745 | T171: 0 | U171: 0 | V171: 0 | W171: 0 | X171: 0 | Y171: 0
B172: 200 | C172: 200-1 | D172: 200-1-1 | E172: 200-1-1-3 | F172: 200-1-1-3-7 | G172: ENG | H172: 200-1-1-3-7-ENG | I172: Onshore | J172: Small EPC | K172: EPC | L172: Refinery & Petrochemical | M172: Instrument | N172: Engineering | O172: Onshore-Small EPC-EPC-Refinery & Petrochemical-Instrument-Engineering | P172: M | Q172: 10085 | R172: 10085 | S172: 10085 | T172: 0 | U172: 0 | V172: 0 | W172: 0 | X172: 0 | Y172: 0
B173: 200 | C173: 200-1 | D173: 200-1-1 | E173: 200-1-1-3 | F173: 200-1-1-3-8 | G173: ENG | H173: 200-1-1-3-8-ENG | I173: Onshore | J173: Small EPC | K173: EPC | L173: Refinery & Petrochemical | M173: Blast & Paint | N173: Engineering | O173: Onshore-Small EPC-EPC-Refinery & Petrochemical-Blast & Paint-Engineering | P173: SQM | Q173: 468.17 | R173: 468.17 | S173: 468.17 | T173: 0 | U173: 0 | V173: 0 | W173: 0 | X173: 0 | Y173: 0
B174: 200 | C174: 200-1 | D174: 200-1-1 | E174: 200-1-1-3 | F174: 200-1-1-3-9 | G174: ENG | H174: 200-1-1-3-9-ENG | I174: Onshore | J174: Small EPC | K174: EPC | L174: Refinery & Petrochemical | M174: Insulation | N174: Engineering | O174: Onshore-Small EPC-EPC-Refinery & Petrochemical-Insulation-Engineering | P174: SQM | T174: 0 | U174: 0 | V174: 0 | W174: 0 | X174: 0 | Y174: 0
B175: 200 | C175: 200-1 | D175: 200-1-1 | E175: 200-1-1-3 | F175: 200-1-1-3-10 | G175: ENG | H175: 200-1-1-3-10-ENG | I175: Onshore | J175: Small EPC | K175: EPC | L175: Refinery & Petrochemical | M175: Fireproofing | N175: Engineering | O175: Onshore-Small EPC-EPC-Refinery & Petrochemical-Fireproofing-Engineering | P175: SQM | T175: 0 | U175: 0 | V175: 0 | W175: 0 | X175: 0 | Y175: 0
B176: 200 | C176: 200-1 | D176: 200-1-1 | E176: 200-1-1-3 | F176: 200-1-1-3-11 | G176: ENG | H176: 200-1-1-3-11-ENG | I176: Onshore | J176: Small EPC | K176: EPC | L176: Refinery & Petrochemical | M176: Load & Sail | N176: Engineering | O176: Onshore-Small EPC-EPC-Refinery & Petrochemical-Load & Sail-Engineering | P176: MT | T176: 0 | U176: 0 | V176: 0 | W176: 0 | X176: 0 | Y176: 0
B177: 200 | C177: 200-1 | D177: 200-1-1 | E177: 200-1-1-3 | F177: 200-1-1-3-12 | G177: ENG | H177: 200-1-1-3-12-ENG | I177: Onshore | J177: Small EPC | K177: EPC | L177: Refinery & Petrochemical | M177: Common of Project | N177: Engineering | O177: Onshore-Small EPC-EPC-Refinery & Petrochemical-Common of Project-Engineering | P177: Lot | Q177: 1 | R177: 1 | S177: 1 | T177: 2651678.8 | U177: 2851940.2 | V177: 6364626 | W177: 2651678.8 | X177: 2851940.2 | Y177: 6364626
B178: 200 | C178: 200-1 | D178: 200-1-1 | E178: 200-1-1-3 | F178: 200-1-1-3-13 | G178: ENG | H178: 200-1-1-3-13-ENG | I178: Onshore | J178: Small EPC | K178: EPC | L178: Refinery & Petrochemical | M178: Other | N178: Engineering | O178: Onshore-Small EPC-EPC-Refinery & Petrochemical-Other-Engineering | P178: Lot | T178: 0 | U178: 0 | V178: 0 | W178: 0 | X178: 0 | Y178: 0
B179: 200 | C179: 200-1 | D179: 200-1-1 | E179: 200-1-1-3 | F179: 200-1-1-3-1 | G179: PRO | H179: 200-1-1-3-1-PRO | I179: Onshore | J179: Small EPC | K179: EPC | L179: Refinery & Petrochemical | M179: CSA | N179: Procurement | O179: Onshore-Small EPC-EPC-Refinery & Petrochemical-CSA-Procurement | P179: SQM | Q179: 214.2 | R179: 214.2 | S179: 214.2 | T179: 0 | U179: 0 | V179: 0 | W179: 0 | X179: 0 | Y179: 0
B180: 200 | C180: 200-1 | D180: 200-1-1 | E180: 200-1-1-3 | F180: 200-1-1-3-2 | G180: PRO | H180: 200-1-1-3-2-PRO | I180: Onshore | J180: Small EPC | K180: EPC | L180: Refinery & Petrochemical | M180: Structure Steel | N180: Procurement | O180: Onshore-Small EPC-EPC-Refinery & Petrochemical-Structure Steel-Procurement | P180: MT | Q180: 21.75 | R180: 21.75 | S180: 21.75 | T180: 0 | U180: 0 | V180: 0 | W180: 0 | X180: 0 | Y180: 0
B181: 200 | C181: 200-1 | D181: 200-1-1 | E181: 200-1-1-3 | F181: 200-1-1-3-3 | G181: PRO | H181: 200-1-1-3-3-PRO | I181: Onshore | J181: Small EPC | K181: EPC | L181: Refinery & Petrochemical | M181: Process | N181: Procurement | O181: Onshore-Small EPC-EPC-Refinery & Petrochemical-Process-Procurement | P181: Lot | Q181: 1565.25 | R181: 1565.25 | S181: 1565.25 | T181: 0 | U181: 0 | V181: 0 | W181: 0 | X181: 0 | Y181: 0
B182: 200 | C182: 200-1 | D182: 200-1-1 | E182: 200-1-1-3 | F182: 200-1-1-3-4 | G182: PRO | H182: 200-1-1-3-4-PRO | I182: Onshore | J182: Small EPC | K182: EPC | L182: Refinery & Petrochemical | M182: Piping | N182: Procurement | O182: Onshore-Small EPC-EPC-Refinery & Petrochemical-Piping-Procurement | P182: DB | Q182: 1 | R182: 1 | S182: 1 | T182: 5964300.1 | U182: 5964300.1 | V182: 4451985 | W182: 5964300.1 | X182: 5964300.1 | Y182: 4451985
B183: 200 | C183: 200-1 | D183: 200-1-1 | E183: 200-1-1-3 | F183: 200-1-1-3-5 | G183: PRO | H183: 200-1-1-3-5-PRO | I183: Onshore | J183: Small EPC | K183: EPC | L183: Refinery & Petrochemical | M183: Mechanical | N183: Procurement | O183: Onshore-Small EPC-EPC-Refinery & Petrochemical-Mechanical-Procurement | P183: MT | Q183: 30.56 | R183: 30.56 | S183: 30.56 | T183: 0 | U183: 0 | V183: 0 | W183: 0 | X183: 0 | Y183: 0
B184: 200 | C184: 200-1 | D184: 200-1-1 | E184: 200-1-1-3 | F184: 200-1-1-3-6 | G184: PRO | H184: 200-1-1-3-6-PRO | I184: Onshore | J184: Small EPC | K184: EPC | L184: Refinery & Petrochemical | M184: Electrical | N184: Procurement | O184: Onshore-Small EPC-EPC-Refinery & Petrochemical-Electrical-Procurement | P184: M | Q184: 3745 | R184: 3745 | S184: 3745 | T184: 21275592 | U184: 19816982 | V184: 19881950 | W184: 5681.07 | X184: 5291.58 | Y184: 5308.93
B185: 200 | C185: 200-1 | D185: 200-1-1 | E185: 200-1-1-3 | F185: 200-1-1-3-7 | G185: PRO | H185: 200-1-1-3-7-PRO | I185: Onshore | J185: Small EPC | K185: EPC | L185: Refinery & Petrochemical | M185: Instrument | N185: Procurement | O185: Onshore-Small EPC-EPC-Refinery & Petrochemical-Instrument-Procurement | P185: M | Q185: 10085 | R185: 10085 | S185: 10085 | T185: 8243097 | U185: 8220006 | V185: 7145732 | W185: 817.36 | X185: 815.07 | Y185: 708.55
B186: 200 | C186: 200-1 | D186: 200-1-1 | E186: 200-1-1-3 | F186: 200-1-1-3-8 | G186: PRO | H186: 200-1-1-3-8-PRO | I186: Onshore | J186: Small EPC | K186: EPC | L186: Refinery & Petrochemical | M186: Blast & Paint | N186: Procurement | O186: Onshore-Small EPC-EPC-Refinery & Petrochemical-Blast & Paint-Procurement | P186: SQM | Q186: 468.17 | R186: 468.17 | S186: 468.17 | T186: 0 | U186: 0 | V186: 0 | W186: 0 | X186: 0 | Y186: 0
B187: 200 | C187: 200-1 | D187: 200-1-1 | E187: 200-1-1-3 | F187: 200-1-1-3-9 | G187: PRO | H187: 200-1-1-3-9-PRO | I187: Onshore | J187: Small EPC | K187: EPC | L187: Refinery & Petrochemical | M187: Insulation | N187: Procurement | O187: Onshore-Small EPC-EPC-Refinery & Petrochemical-Insulation-Procurement | P187: SQM | T187: 0 | U187: 0 | V187: 0 | W187: 0 | X187: 0 | Y187: 0
B188: 200 | C188: 200-1 | D188: 200-1-1 | E188: 200-1-1-3 | F188: 200-1-1-3-10 | G188: PRO | H188: 200-1-1-3-10-PRO | I188: Onshore | J188: Small EPC | K188: EPC | L188: Refinery & Petrochemical | M188: Fireproofing | N188: Procurement | O188: Onshore-Small EPC-EPC-Refinery & Petrochemical-Fireproofing-Procurement | P188: SQM | T188: 0 | U188: 0 | V188: 0 | W188: 0 | X188: 0 | Y188: 0
B189: 200 | C189: 200-1 | D189: 200-1-1 | E189: 200-1-1-3 | F189: 200-1-1-3-11 | G189: PRO | H189: 200-1-1-3-11-PRO | I189: Onshore | J189: Small EPC | K189: EPC | L189: Refinery & Petrochemical | M189: Load & Sail | N189: Procurement | O189: Onshore-Small EPC-EPC-Refinery & Petrochemical-Load & Sail-Procurement | P189: MT | T189: 0 | U189: 0 | V189: 0 | W189: 0 | X189: 0 | Y189: 0
B190: 200 | C190: 200-1 | D190: 200-1-1 | E190: 200-1-1-3 | F190: 200-1-1-3-12 | G190: PRO | H190: 200-1-1-3-12-PRO | I190: Onshore | J190: Small EPC | K190: EPC | L190: Refinery & Petrochemical | M190: Common of Project | N190: Procurement | O190: Onshore-Small EPC-EPC-Refinery & Petrochemical-Common of Project-Procurement | P190: Lot | Q190: 1 | R190: 1 | S190: 1 | T190: 2944703.6 | U190: 2461683.9 | V190: 2126235.1 | W190: 2944703.5 | X190: 2461683.9 | Y190: 2126235.1
B191: 200 | C191: 200-1 | D191: 200-1-1 | E191: 200-1-1-3 | F191: 200-1-1-3-13 | G191: PRO | H191: 200-1-1-3-13-PRO | I191: Onshore | J191: Small EPC | K191: EPC | L191: Refinery & Petrochemical | M191: Other | N191: Procurement | O191: Onshore-Small EPC-EPC-Refinery & Petrochemical-Other-Procurement | P191: Lot | T191: 0 | U191: 0 | V191: 0 | W191: 0 | X191: 0 | Y191: 0
B192: 200 | C192: 200-1 | D192: 200-1-1 | E192: 200-1-1-3 | F192: 200-1-1-3-1 | G192: CON | H192: 200-1-1-3-1-CON | I192: Onshore | J192: Small EPC | K192: EPC | L192: Refinery & Petrochemical | M192: CSA | N192: Construction | O192: Onshore-Small EPC-EPC-Refinery & Petrochemical-CSA-Construction | P192: SQM | Q192: 214.2 | R192: 214.2 | S192: 214.2 | T192: 8725590.9 | U192: 8725591 | V192: 8503337.7 | W192: 40735.72 | X192: 40735.72 | Y192: 39698.12
B193: 200 | C193: 200-1 | D193: 200-1-1 | E193: 200-1-1-3 | F193: 200-1-1-3-2 | G193: CON | H193: 200-1-1-3-2-CON | I193: Onshore | J193: Small EPC | K193: EPC | L193: Refinery & Petrochemical | M193: Structure Steel | N193: Construction | O193: Onshore-Small EPC-EPC-Refinery & Petrochemical-Structure Steel-Construction | P193: MT | Q193: 21.75 | R193: 21.75 | S193: 21.75 | T193: 0 | U193: 0 | V193: 0 | W193: 0 | X193: 0 | Y193: 0
B194: 200 | C194: 200-1 | D194: 200-1-1 | E194: 200-1-1-3 | F194: 200-1-1-3-3 | G194: CON | H194: 200-1-1-3-3-CON | I194: Onshore | J194: Small EPC | K194: EPC | L194: Refinery & Petrochemical | M194: Process | N194: Construction | O194: Onshore-Small EPC-EPC-Refinery & Petrochemical-Process-Construction | P194: Lot | Q194: 1565.25 | R194: 1565.25 | S194: 1565.25 | T194: 0 | U194: 0 | V194: 0 | W194: 0 | X194: 0 | Y194: 0
B195: 200 | C195: 200-1 | D195: 200-1-1 | E195: 200-1-1-3 | F195: 200-1-1-3-4 | G195: CON | H195: 200-1-1-3-4-CON | I195: Onshore | J195: Small EPC | K195: EPC | L195: Refinery & Petrochemical | M195: Piping | N195: Construction | O195: Onshore-Small EPC-EPC-Refinery & Petrochemical-Piping-Construction | P195: DB | Q195: 1 | R195: 1 | S195: 1 | T195: 4198908.4 | U195: 4198908 | V195: 4166590.4 | W195: 4198908.4 | X195: 4198908 | Y195: 4166590.4
B196: 200 | C196: 200-1 | D196: 200-1-1 | E196: 200-1-1-3 | F196: 200-1-1-3-5 | G196: CON | H196: 200-1-1-3-5-CON | I196: Onshore | J196: Small EPC | K196: EPC | L196: Refinery & Petrochemical | M196: Mechanical | N196: Construction | O196: Onshore-Small EPC-EPC-Refinery & Petrochemical-Mechanical-Construction | P196: MT | Q196: 30.56 | R196: 30.56 | S196: 30.56 | T196: 0 | U196: 0 | V196: 0 | W196: 0 | X196: 0 | Y196: 0
B197: 200 | C197: 200-1 | D197: 200-1-1 | E197: 200-1-1-3 | F197: 200-1-1-3-6 | G197: CON | H197: 200-1-1-3-6-CON | I197: Onshore | J197: Small EPC | K197: EPC | L197: Refinery & Petrochemical | M197: Electrical | N197: Construction | O197: Onshore-Small EPC-EPC-Refinery & Petrochemical-Electrical-Construction | P197: M | Q197: 3745 | R197: 3745 | S197: 3745 | T197: 15621938 | U197: 17103639 | V197: 16077467 | W197: 4171.41 | X197: 4567.06 | Y197: 4293.05
B198: 200 | C198: 200-1 | D198: 200-1-1 | E198: 200-1-1-3 | F198: 200-1-1-3-7 | G198: CON | H198: 200-1-1-3-7-CON | I198: Onshore | J198: Small EPC | K198: EPC | L198: Refinery & Petrochemical | M198: Instrument | N198: Construction | O198: Onshore-Small EPC-EPC-Refinery & Petrochemical-Instrument-Construction | P198: M | Q198: 10085 | R198: 10085 | S198: 10085 | T198: 0 | U198: 0 | V198: 0 | W198: 0 | X198: 0 | Y198: 0
B199: 200 | C199: 200-1 | D199: 200-1-1 | E199: 200-1-1-3 | F199: 200-1-1-3-8 | G199: CON | H199: 200-1-1-3-8-CON | I199: Onshore | J199: Small EPC | K199: EPC | L199: Refinery & Petrochemical | M199: Blast & Paint | N199: Construction | O199: Onshore-Small EPC-EPC-Refinery & Petrochemical-Blast & Paint-Construction | P199: SQM | Q199: 468.17 | R199: 468.17 | S199: 468.17 | T199: 0 | U199: 0 | V199: 0 | W199: 0 | X199: 0 | Y199: 0
B200: 200 | C200: 200-1 | D200: 200-1-1 | E200: 200-1-1-3 | F200: 200-1-1-3-9 | G200: CON | H200: 200-1-1-3-9-CON | I200: Onshore | J200: Small EPC | K200: EPC | L200: Refinery & Petrochemical | M200: Insulation | N200: Construction | O200: Onshore-Small EPC-EPC-Refinery & Petrochemical-Insulation-Construction | P200: SQM | T200: 0 | U200: 0 | V200: 0 | W200: 0 | X200: 0 | Y200: 0
B201: 200 | C201: 200-1 | D201: 200-1-1 | E201: 200-1-1-3 | F201: 200-1-1-3-10 | G201: CON | H201: 200-1-1-3-10-CON | I201: Onshore | J201: Small EPC | K201: EPC | L201: Refinery & Petrochemical | M201: Fireproofing | N201: Construction | O201: Onshore-Small EPC-EPC-Refinery & Petrochemical-Fireproofing-Construction | P201: SQM | T201: 0 | U201: 0 | V201: 0 | W201: 0 | X201: 0 | Y201: 0
B202: 200 | C202: 200-1 | D202: 200-1-1 | E202: 200-1-1-3 | F202: 200-1-1-3-11 | G202: CON | H202: 200-1-1-3-11-CON | I202: Onshore | J202: Small EPC | K202: EPC | L202: Refinery & Petrochemical | M202: Load & Sail | N202: Construction | O202: Onshore-Small EPC-EPC-Refinery & Petrochemical-Load & Sail-Construction | P202: MT | T202: 0 | U202: 0 | V202: 0 | W202: 0 | X202: 0 | Y202: 0
B203: 200 | C203: 200-1 | D203: 200-1-1 | E203: 200-1-1-3 | F203: 200-1-1-3-12 | G203: CON | H203: 200-1-1-3-12-CON | I203: Onshore | J203: Small EPC | K203: EPC | L203: Refinery & Petrochemical | M203: Common of Project | N203: Construction | O203: Onshore-Small EPC-EPC-Refinery & Petrochemical-Common of Project-Construction | P203: Lot | Q203: 1 | R203: 1 | S203: 1 | T203: 17222256 | U203: 17389428 | V203: 20662143 | W203: 17222256 | X203: 17389428 | Y203: 20662143
B204: 200 | C204: 200-1 | D204: 200-1-1 | E204: 200-1-1-3 | F204: 200-1-1-3-13 | G204: CON | H204: 200-1-1-3-13-CON | I204: Onshore | J204: Small EPC | K204: EPC | L204: Refinery & Petrochemical | M204: Other | N204: Construction | O204: Onshore-Small EPC-EPC-Refinery & Petrochemical-Other-Construction | P204: Lot | T204: 0 | U204: 0 | V204: 0 | W204: 0 | X204: 0 | Y204: 0
B205: 200 | C205: 200-1 | D205: 200-1-1 | E205: 200-1-1-3 | F205: 200-1-1-3-1 | G205: PMT | H205: 200-1-1-3-1-PMT | I205: Onshore | J205: Small EPC | K205: EPC | L205: Refinery & Petrochemical | M205: CSA | N205: Project Management | O205: Onshore-Small EPC-EPC-Refinery & Petrochemical-CSA-Project Management | P205: SQM | Q205: 214.2 | R205: 214.2 | S205: 214.2 | T205: 0 | U205: 0 | V205: 0 | W205: 0 | X205: 0 | Y205: 0
B206: 200 | C206: 200-1 | D206: 200-1-1 | E206: 200-1-1-3 | F206: 200-1-1-3-2 | G206: PMT | H206: 200-1-1-3-2-PMT | I206: Onshore | J206: Small EPC | K206: EPC | L206: Refinery & Petrochemical | M206: Structure Steel | N206: Project Management | O206: Onshore-Small EPC-EPC-Refinery & Petrochemical-Structure Steel-Project Management | P206: MT | Q206: 21.75 | R206: 21.75 | S206: 21.75 | T206: 0 | U206: 0 | V206: 0 | W206: 0 | X206: 0 | Y206: 0
B207: 200 | C207: 200-1 | D207: 200-1-1 | E207: 200-1-1-3 | F207: 200-1-1-3-3 | G207: PMT | H207: 200-1-1-3-3-PMT | I207: Onshore | J207: Small EPC | K207: EPC | L207: Refinery & Petrochemical | M207: Process | N207: Project Management | O207: Onshore-Small EPC-EPC-Refinery & Petrochemical-Process-Project Management | P207: Lot | Q207: 1565.25 | R207: 1565.25 | S207: 1565.25 | T207: 0 | U207: 0 | V207: 0 | W207: 0 | X207: 0 | Y207: 0
B208: 200 | C208: 200-1 | D208: 200-1-1 | E208: 200-1-1-3 | F208: 200-1-1-3-4 | G208: PMT | H208: 200-1-1-3-4-PMT | I208: Onshore | J208: Small EPC | K208: EPC | L208: Refinery & Petrochemical | M208: Piping | N208: Project Management | O208: Onshore-Small EPC-EPC-Refinery & Petrochemical-Piping-Project Management | P208: DB | Q208: 1 | R208: 1 | S208: 1 | T208: 0 | U208: 0 | V208: 0 | W208: 0 | X208: 0 | Y208: 0
B209: 200 | C209: 200-1 | D209: 200-1-1 | E209: 200-1-1-3 | F209: 200-1-1-3-5 | G209: PMT | H209: 200-1-1-3-5-PMT | I209: Onshore | J209: Small EPC | K209: EPC | L209: Refinery & Petrochemical | M209: Mechanical | N209: Project Management | O209: Onshore-Small EPC-EPC-Refinery & Petrochemical-Mechanical-Project Management | P209: MT | Q209: 30.56 | R209: 30.56 | S209: 30.56 | T209: 0 | U209: 0 | V209: 0 | W209: 0 | X209: 0 | Y209: 0
B210: 200 | C210: 200-1 | D210: 200-1-1 | E210: 200-1-1-3 | F210: 200-1-1-3-6 | G210: PMT | H210: 200-1-1-3-6-PMT | I210: Onshore | J210: Small EPC | K210: EPC | L210: Refinery & Petrochemical | M210: Electrical | N210: Project Management | O210: Onshore-Small EPC-EPC-Refinery & Petrochemical-Electrical-Project Management | P210: M | Q210: 3745 | R210: 3745 | S210: 3745 | T210: 0 | U210: 0 | V210: 0 | W210: 0 | X210: 0 | Y210: 0
B211: 200 | C211: 200-1 | D211: 200-1-1 | E211: 200-1-1-3 | F211: 200-1-1-3-7 | G211: PMT | H211: 200-1-1-3-7-PMT | I211: Onshore | J211: Small EPC | K211: EPC | L211: Refinery & Petrochemical | M211: Instrument | N211: Project Management | O211: Onshore-Small EPC-EPC-Refinery & Petrochemical-Instrument-Project Management | P211: M | Q211: 10085 | R211: 10085 | S211: 10085 | T211: 0 | U211: 0 | V211: 0 | W211: 0 | X211: 0 | Y211: 0
B212: 200 | C212: 200-1 | D212: 200-1-1 | E212: 200-1-1-3 | F212: 200-1-1-3-8 | G212: PMT | H212: 200-1-1-3-8-PMT | I212: Onshore | J212: Small EPC | K212: EPC | L212: Refinery & Petrochemical | M212: Blast & Paint | N212: Project Management | O212: Onshore-Small EPC-EPC-Refinery & Petrochemical-Blast & Paint-Project Management | P212: SQM | Q212: 468.17 | R212: 468.17 | S212: 468.17 | T212: 0 | U212: 0 | V212: 0 | W212: 0 | X212: 0 | Y212: 0
...

Sheet Validate_Empty
B8: TRUE | C8: TRUE | D8: TRUE | E8: TRUE | F8: TRUE | G8: TRUE | H8: TRUE | I8: TRUE | J8: TRUE | K8: TRUE | L8: TRUE | M8: TRUE | N8: TRUE | O8: TRUE | P8: TRUE | Q8: FALSE | R8: FALSE | S8: FALSE | T8: FALSE | U8: FALSE | V8: FALSE | W8: FALSE | X8: FALSE | Y8: FALSE
B9: C1 | C9: C2 | D9: C3 | E9: C4 | F9: C5 | G9: C6 | H9: C7 | I9: C8 | J9: C9 | K9: C10 | L9: C11 | M9: C12 | N9: C13 | O9: C14 | P9: C15 | Q9: C16 | R9: C17 | S9: C18 | T9: C19 | U9: C20 | V9: C21 | W9: C22 | X9: C23 | Y9: C24
B10: {=IFERROR(IF(OR('Raw Data'!B10="",LEN(TRIM('Raw Data'!B10))=0),_xlfn.REGEXEXTRACT(CELL("address",'Raw Data'!B10),"\$([A-Z]+)\$[0-9]+"),""),_xlfn.REGEXEXTRACT(CELL("address",'Raw Data'!B10),"\$([A-Z]+)\$[0-9]+"))} | C10: {=IFERROR(IF(OR('Raw Data'!C10="",LEN(TRIM('Raw Data'!C10))=0),_xlfn.REGEXEXTRACT(CELL("address",'Raw Data'!C10),"\$([A-Z]+)\$[0-9]+"),""),_xlfn.REGEXEXTRACT(CELL("address",'Raw Data'!C10),"\$([A-Z]+)\$[0-9]+"))} | D10: {=IFERROR(IF(OR('Raw Data'!D10="",LEN(TRIM('Raw Data'!D10))=0),_xlfn.REGEXEXTRACT(CELL("address",'Raw Data'!D10),"\$([A-Z]+)\$[0-9]+"),""),_xlfn.REGEXEXTRACT(CELL("address",'Raw Data'!D10),"\$([A-Z]+)\$[0-9]+"))} | E10: {=IFERROR(IF(OR('Raw Data'!E10="",LEN(TRIM('Raw Data'!E10))=0),_xlfn.REGEXEXTRACT(CELL("address",'Raw Data'!E10),"\$([A-Z]+)\$[0-9]+"),""),_xlfn.REGEXEXTRACT(CELL("address",'Raw Data'!E10),"\$([A-Z]+)\$[0-9]+"))} | F10: {=IFERROR(IF(OR('Raw Data'!F10="",LEN(TRIM('Raw Data'!F10))=0),_xlfn.REGEXEXTRACT(CELL("address",'Raw Data'!F10),"\$([A-Z]+)\$[0-9]+"),""),_xlfn.REGEXEXTRACT(CELL("address",'Raw Data'!F10),"\$([A-Z]+)\$[0-9]+"))} | G10: {=IFERROR(IF(OR('Raw Data'!G10="",LEN(TRIM('Raw Data'!G10))=0),_xlfn.REGEXEXTRACT(CELL("address",'Raw Data'!G10),"\$([A-Z]+)\$[0-9]+"),""),_xlfn.REGEXEXTRACT(CELL("address",'Raw Data'!G10),"\$([A-Z]+)\$[0-9]+"))} | H10: {=IFERROR(IF(OR('Raw Data'!H10="",LEN(TRIM('Raw Data'!H10))=0),_xlfn.REGEXEXTRACT(CELL("address",'Raw Data'!H10),"\$([A-Z]+)\$[0-9]+"),""),_xlfn.REGEXEXTRACT(CELL("address",'Raw Data'!H10),"\$([A-Z]+)\$[0-9]+"))} | I10: {=IFERROR(IF(OR('Raw Data'!I10="",LEN(TRIM('Raw Data'!I10))=0),_xlfn.REGEXEXTRACT(CELL("address",'Raw Data'!I10),"\$([A-Z]+)\$[0-9]+"),""),_xlfn.REGEXEXTRACT(CELL("address",'Raw Data'!I10),"\$([A-Z]+)\$[0-9]+"))} | ... P10: {=IFERROR(IF(OR('Raw Data'!P10="",LEN(TRIM('Raw Data'!P10))=0),_xlfn.REGEXEXTRACT(CELL("address",'Raw Data'!P10),"\$([A-Z]+)\$[0-9]+"),""),_xlfn.REGEXEXTRACT(CELL("address",'Raw Data'!P10),"\$([A-Z]+)\$[0-9]+"))}
B11: {=IFERROR(IF(OR('Raw Data'!B11="",LEN(TRIM('Raw Data'!B11))=0),_xlfn.REGEXEXTRACT(CELL("address",'Raw Data'!B11),"\$([A-Z]+)\$[0-9]+"),""),_xlfn.REGEXEXTRACT(CELL("address",'Raw Data'!B11),"\$([A-Z]+)\$[0-9]+"))} | C11: {=IFERROR(IF(OR('Raw Data'!C11="",LEN(TRIM('Raw Data'!C11))=0),_xlfn.REGEXEXTRACT(CELL("address",'Raw Data'!C11),"\$([A-Z]+)\$[0-9]+"),""),_xlfn.REGEXEXTRACT(CELL("address",'Raw Data'!C11),"\$([A-Z]+)\$[0-9]+"))} | D11: {=IFERROR(IF(OR('Raw Data'!D11="",LEN(TRIM('Raw Data'!D11))=0),_xlfn.REGEXEXTRACT(CELL("address",'Raw Data'!D11),"\$([A-Z]+)\$[0-9]+"),""),_xlfn.REGEXEXTRACT(CELL("address",'Raw Data'!D11),"\$([A-Z]+)\$[0-9]+"))} | E11: {=IFERROR(IF(OR('Raw Data'!E11="",LEN(TRIM('Raw Data'!E11))=0),_xlfn.REGEXEXTRACT(CELL("address",'Raw Data'!E11),"\$([A-Z]+)\$[0-9]+"),""),_xlfn.REGEXEXTRACT(CELL("address",'Raw Data'!E11),"\$([A-Z]+)\$[0-9]+"))} | F11: {=IFERROR(IF(OR('Raw Data'!F11="",LEN(TRIM('Raw Data'!F11))=0),_xlfn.REGEXEXTRACT(CELL("address",'Raw Data'!F11),"\$([A-Z]+)\$[0-9]+"),""),_xlfn.REGEXEXTRACT(CELL("address",'Raw Data'!F11),"\$([A-Z]+)\$[0-9]+"))} | G11: {=IFERROR(IF(OR('Raw Data'!G11="",LEN(TRIM('Raw Data'!G11))=0),_xlfn.REGEXEXTRACT(CELL("address",'Raw Data'!G11),"\$([A-Z]+)\$[0-9]+"),""),_xlfn.REGEXEXTRACT(CELL("address",'Raw Data'!G11),"\$([A-Z]+)\$[0-9]+"))} | H11: {=IFERROR(IF(OR('Raw Data'!H11="",LEN(TRIM('Raw Data'!H11))=0),_xlfn.REGEXEXTRACT(CELL("address",'Raw Data'!H11),"\$([A-Z]+)\$[0-9]+"),""),_xlfn.REGEXEXTRACT(CELL("address",'Raw Data'!H11),"\$([A-Z]+)\$[0-9]+"))} | I11: {=IFERROR(IF(OR('Raw Data'!I11="",LEN(TRIM('Raw Data'!I11))=0),_xlfn.REGEXEXTRACT(CELL("address",'Raw Data'!I11),"\$([A-Z]+)\$[0-9]+"),""),_xlfn.REGEXEXTRACT(CELL("address",'Raw Data'!I11),"\$([A-Z]+)\$[0-9]+"))} | ... P11: {=IFERROR(IF(OR('Raw Data'!P11="",LEN(TRIM('Raw Data'!P11))=0),_xlfn.REGEXEXTRACT(CELL("address",'Raw Data'!P11),"\$([A-Z]+)\$[0-9]+"),""),_xlfn.REGEXEXTRACT(CELL("address",'Raw Data'!P11),"\$([A-Z]+)\$[0-9]+"))}
B12: {=IFERROR(IF(OR('Raw Data'!B12="",LEN(TRIM('Raw Data'!B12))=0),_xlfn.REGEXEXTRACT(CELL("address",'Raw Data'!B12),"\$([A-Z]+)\$[0-9]+"),""),_xlfn.REGEXEXTRACT(CELL("address",'Raw Data'!B12),"\$([A-Z]+)\$[0-9]+"))} | C12: {=IFERROR(IF(OR('Raw Data'!C12="",LEN(TRIM('Raw Data'!C12))=0),_xlfn.REGEXEXTRACT(CELL("address",'Raw Data'!C12),"\$([A-Z]+)\$[0-9]+"),""),_xlfn.REGEXEXTRACT(CELL("address",'Raw Data'!C12),"\$([A-Z]+)\$[0-9]+"))} | D12: {=IFERROR(IF(OR('Raw Data'!D12="",LEN(TRIM('Raw Data'!D12))=0),_xlfn.REGEXEXTRACT(CELL("address",'Raw Data'!D12),"\$([A-Z]+)\$[0-9]+"),""),_xlfn.REGEXEXTRACT(CELL("address",'Raw Data'!D12),"\$([A-Z]+)\$[0-9]+"))} | E12: {=IFERROR(IF(OR('Raw Data'!E12="",LEN(TRIM('Raw Data'!E12))=0),_xlfn.REGEXEXTRACT(CELL("address",'Raw Data'!E12),"\$([A-Z]+)\$[0-9]+"),""),_xlfn.REGEXEXTRACT(CELL("address",'Raw Data'!E12),"\$([A-Z]+)\$[0-9]+"))} | F12: {=IFERROR(IF(OR('Raw Data'!F12="",LEN(TRIM('Raw Data'!F12))=0),_xlfn.REGEXEXTRACT(CELL("address",'Raw Data'!F12),"\$([A-Z]+)\$[0-9]+"),""),_xlfn.REGEXEXTRACT(CELL("address",'Raw Data'!F12),"\$([A-Z]+)\$[0-9]+"))} | G12: {=IFERROR(IF(OR('Raw Data'!G12="",LEN(TRIM('Raw Data'!G12))=0),_xlfn.REGEXEXTRACT(CELL("address",'Raw Data'!G12),"\$([A-Z]+)\$[0-9]+"),""),_xlfn.REGEXEXTRACT(CELL("address",'Raw Data'!G12),"\$([A-Z]+)\$[0-9]+"))} | H12: {=IFERROR(IF(OR('Raw Data'!H12="",LEN(TRIM('Raw Data'!H12))=0),_xlfn.REGEXEXTRACT(CELL("address",'Raw Data'!H12),"\$([A-Z]+)\$[0-9]+"),""),_xlfn.REGEXEXTRACT(CELL("address",'Raw Data'!H12),"\$([A-Z]+)\$[0-9]+"))} | I12: {=IFERROR(IF(OR('Raw Data'!I12="",LEN(TRIM('Raw Data'!I12))=0),_xlfn.REGEXEXTRACT(CELL("address",'Raw Data'!I12),"\$([A-Z]+)\$[0-9]+"),""),_xlfn.REGEXEXTRACT(CELL("address",'Raw Data'!I12),"\$([A-Z]+)\$[0-9]+"))} | ... P12: {=IFERROR(IF(OR('Raw Data'!P12="",LEN(TRIM('Raw Data'!P12))=0),_xlfn.REGEXEXTRACT(CELL("address",'Raw Data'!P12),"\$([A-Z]+)\$[0-9]+"),""),_xlfn.REGEXEXTRACT(CELL("address",'Raw Data'!P12),"\$([A-Z]+)\$[0-9]+"))}
B13: {=IFERROR(IF(OR('Raw Data'!B13="",LEN(TRIM('Raw Data'!B13))=0),_xlfn.REGEXEXTRACT(CELL("address",'Raw Data'!B13),"\$([A-Z]+)\$[0-9]+"),""),_xlfn.REGEXEXTRACT(CELL("address",'Raw Data'!B13),"\$([A-Z]+)\$[0-9]+"))} | C13: {=IFERROR(IF(OR('Raw Data'!C13="",LEN(TRIM('Raw Data'!C13))=0),_xlfn.REGEXEXTRACT(CELL("address",'Raw Data'!C13),"\$([A-Z]+)\$[0-9]+"),""),_xlfn.REGEXEXTRACT(CELL("address",'Raw Data'!C13),"\$([A-Z]+)\$[0-9]+"))} | D13: {=IFERROR(IF(OR('Raw Data'!D13="",LEN(TRIM('Raw Data'!D13))=0),_xlfn.REGEXEXTRACT(CELL("address",'Raw Data'!D13),"\$([A-Z]+)\$[0-9]+"),""),_xlfn.REGEXEXTRACT(CELL("address",'Raw Data'!D13),"\$([A-Z]+)\$[0-9]+"))} | E13: {=IFERROR(IF(OR('Raw Data'!E13="",LEN(TRIM('Raw Data'!E13))=0),_xlfn.REGEXEXTRACT(CELL("address",'Raw Data'!E13),"\$([A-Z]+)\$[0-9]+"),""),_xlfn.REGEXEXTRACT(CELL("address",'Raw Data'!E13),"\$([A-Z]+)\$[0-9]+"))} | F13: {=IFERROR(IF(OR('Raw Data'!F13="",LEN(TRIM('Raw Data'!F13))=0),_xlfn.REGEXEXTRACT(CELL("address",'Raw Data'!F13),"\$([A-Z]+)\$[0-9]+"),""),_xlfn.REGEXEXTRACT(CELL("address",'Raw Data'!F13),"\$([A-Z]+)\$[0-9]+"))} | G13: {=IFERROR(IF(OR('Raw Data'!G13="",LEN(TRIM('Raw Data'!G13))=0),_xlfn.REGEXEXTRACT(CELL("address",'Raw Data'!G13),"\$([A-Z]+)\$[0-9]+"),""),_xlfn.REGEXEXTRACT(CELL("address",'Raw Data'!G13),"\$([A-Z]+)\$[0-9]+"))} | H13: {=IFERROR(IF(OR('Raw Data'!H13="",LEN(TRIM('Raw Data'!H13))=0),_xlfn.REGEXEXTRACT(CELL("address",'Raw Data'!H13),"\$([A-Z]+)\$[0-9]+"),""),_xlfn.REGEXEXTRACT(CELL("address",'Raw Data'!H13),"\$([A-Z]+)\$[0-9]+"))} | I13: {=IFERROR(IF(OR('Raw Data'!I13="",LEN(TRIM('Raw Data'!I13))=0),_xlfn.REGEXEXTRACT(CELL("address",'Raw Data'!I13),"\$([A-Z]+)\$[0-9]+"),""),_xlfn.REGEXEXTRACT(CELL("address",'Raw Data'!I13),"\$([A-Z]+)\$[0-9]+"))} | ... P13: {=IFERROR(IF(OR('Raw Data'!P13="",LEN(TRIM('Raw Data'!P13))=0),_xlfn.REGEXEXTRACT(CELL("address",'Raw Data'!P13),"\$([A-Z]+)\$[0-9]+"),""),_xlfn.REGEXEXTRACT(CELL("address",'Raw Data'!P13),"\$([A-Z]+)\$[0-9]+"))}
B14: {=IFERROR(IF(OR('Raw Data'!B14="",LEN(TRIM('Raw Data'!B14))=0),_xlfn.REGEXEXTRACT(CELL("address",'Raw Data'!B14),"\$([A-Z]+)\$[0-9]+"),""),_xlfn.REGEXEXTRACT(CELL("address",'Raw Data'!B14),"\$([A-Z]+)\$[0-9]+"))} | C14: {=IFERROR(IF(OR('Raw Data'!C14="",LEN(TRIM('Raw Data'!C14))=0),_xlfn.REGEXEXTRACT(CELL("address",'Raw Data'!C14),"\$([A-Z]+)\$[0-9]+"),""),_xlfn.REGEXEXTRACT(CELL("address",'Raw Data'!C14),"\$([A-Z]+)\$[0-9]+"))} | D14: {=IFERROR(IF(OR('Raw Data'!D14="",LEN(TRIM('Raw Data'!D14))=0),_xlfn.REGEXEXTRACT(CELL("address",'Raw Data'!D14),"\$([A-Z]+)\$[0-9]+"),""),_xlfn.REGEXEXTRACT(CELL("address",'Raw Data'!D14),"\$([A-Z]+)\$[0-9]+"))} | E14: {=IFERROR(IF(OR('Raw Data'!E14="",LEN(TRIM('Raw Data'!E14))=0),_xlfn.REGEXEXTRACT(CELL("address",'Raw Data'!E14),"\$([A-Z]+)\$[0-9]+"),""),_xlfn.REGEXEXTRACT(CELL("address",'Raw Data'!E14),"\$([A-Z]+)\$[0-9]+"))} | F14: {=IFERROR(IF(OR('Raw Data'!F14="",LEN(TRIM('Raw Data'!F14))=0),_xlfn.REGEXEXTRACT(CELL("address",'Raw Data'!F14),"\$([A-Z]+)\$[0-9]+"),""),_xlfn.REGEXEXTRACT(CELL("address",'Raw Data'!F14),"\$([A-Z]+)\$[0-9]+"))} | G14: {=IFERROR(IF(OR('Raw Data'!G14="",LEN(TRIM('Raw Data'!G14))=0),_xlfn.REGEXEXTRACT(CELL("address",'Raw Data'!G14),"\$([A-Z]+)\$[0-9]+"),""),_xlfn.REGEXEXTRACT(CELL("address",'Raw Data'!G14),"\$([A-Z]+)\$[0-9]+"))} | H14: {=IFERROR(IF(OR('Raw Data'!H14="",LEN(TRIM('Raw Data'!H14))=0),_xlfn.REGEXEXTRACT(CELL("address",'Raw Data'!H14),"\$([A-Z]+)\$[0-9]+"),""),_xlfn.REGEXEXTRACT(CELL("address",'Raw Data'!H14),"\$([A-Z]+)\$[0-9]+"))} | I14: {=IFERROR(IF(OR('Raw Data'!I14="",LEN(TRIM('Raw Data'!I14))=0),_xlfn.REGEXEXTRACT(CELL("address",'Raw Data'!I14),"\$([A-Z]+)\$[0-9]+"),""),_xlfn.REGEXEXTRACT(CELL("address",'Raw Data'!I14),"\$([A-Z]+)\$[0-9]+"))} | ... P14: {=IFERROR(IF(OR('Raw Data'!P14="",LEN(TRIM('Raw Data'!P14))=0),_xlfn.REGEXEXTRACT(CELL("address",'Raw Data'!P14),"\$([A-Z]+)\$[0-9]+"),""),_xlfn.REGEXEXTRACT(CELL("address",'Raw Data'!P14),"\$([A-Z]+)\$[0-9]+"))}
B15: {=IFERROR(IF(OR('Raw Data'!B15="",LEN(TRIM('Raw Data'!B15))=0),_xlfn.REGEXEXTRACT(CELL("address",'Raw Data'!B15),"\$([A-Z]+)\$[0-9]+"),""),_xlfn.REGEXEXTRACT(CELL("address",'Raw Data'!B15),"\$([A-Z]+)\$[0-9]+"))} | C15: {=IFERROR(IF(OR('Raw Data'!C15="",LEN(TRIM('Raw Data'!C15))=0),_xlfn.REGEXEXTRACT(CELL("address",'Raw Data'!C15),"\$([A-Z]+)\$[0-9]+"),""),_xlfn.REGEXEXTRACT(CELL("address",'Raw Data'!C15),"\$([A-Z]+)\$[0-9]+"))} | D15: {=IFERROR(IF(OR('Raw Data'!D15="",LEN(TRIM('Raw Data'!D15))=0),_xlfn.REGEXEXTRACT(CELL("address",'Raw Data'!D15),"\$([A-Z]+)\$[0-9]+"),""),_xlfn.REGEXEXTRACT(CELL("address",'Raw Data'!D15),"\$([A-Z]+)\$[0-9]+"))} | E15: {=IFERROR(IF(OR('Raw Data'!E15="",LEN(TRIM('Raw Data'!E15))=0),_xlfn.REGEXEXTRACT(CELL("address",'Raw Data'!E15),"\$([A-Z]+)\$[0-9]+"),""),_xlfn.REGEXEXTRACT(CELL("address",'Raw Data'!E15),"\$([A-Z]+)\$[0-9]+"))} | F15: {=IFERROR(IF(OR('Raw Data'!F15="",LEN(TRIM('Raw Data'!F15))=0),_xlfn.REGEXEXTRACT(CELL("address",'Raw Data'!F15),"\$([A-Z]+)\$[0-9]+"),""),_xlfn.REGEXEXTRACT(CELL("address",'Raw Data'!F15),"\$([A-Z]+)\$[0-9]+"))} | G15: {=IFERROR(IF(OR('Raw Data'!G15="",LEN(TRIM('Raw Data'!G15))=0),_xlfn.REGEXEXTRACT(CELL("address",'Raw Data'!G15),"\$([A-Z]+)\$[0-9]+"),""),_xlfn.REGEXEXTRACT(CELL("address",'Raw Data'!G15),"\$([A-Z]+)\$[0-9]+"))} | H15: {=IFERROR(IF(OR('Raw Data'!H15="",LEN(TRIM('Raw Data'!H15))=0),_xlfn.REGEXEXTRACT(CELL("address",'Raw Data'!H15),"\$([A-Z]+)\$[0-9]+"),""),_xlfn.REGEXEXTRACT(CELL("address",'Raw Data'!H15),"\$([A-Z]+)\$[0-9]+"))} | I15: {=IFERROR(IF(OR('Raw Data'!I15="",LEN(TRIM('Raw Data'!I15))=0),_xlfn.REGEXEXTRACT(CELL("address",'Raw Data'!I15),"\$([A-Z]+)\$[0-9]+"),""),_xlfn.REGEXEXTRACT(CELL("address",'Raw Data'!I15),"\$([A-Z]+)\$[0-9]+"))} | ... P15: {=IFERROR(IF(OR('Raw Data'!P15="",LEN(TRIM('Raw Data'!P15))=0),_xlfn.REGEXEXTRACT(CELL("address",'Raw Data'!P15),"\$([A-Z]+)\$[0-9]+"),""),_xlfn.REGEXEXTRACT(CELL("address",'Raw Data'!P15),"\$([A-Z]+)\$[0-9]+"))}
B16: {=IFERROR(IF(OR('Raw Data'!B16="",LEN(TRIM('Raw Data'!B16))=0),_xlfn.REGEXEXTRACT(CELL("address",'Raw Data'!B16),"\$([A-Z]+)\$[0-9]+"),""),_xlfn.REGEXEXTRACT(CELL("address",'Raw Data'!B16),"\$([A-Z]+)\$[0-9]+"))} | C16: {=IFERROR(IF(OR('Raw Data'!C16="",LEN(TRIM('Raw Data'!C16))=0),_xlfn.REGEXEXTRACT(CELL("address",'Raw Data'!C16),"\$([A-Z]+)\$[0-9]+"),""),_xlfn.REGEXEXTRACT(CELL("address",'Raw Data'!C16),"\$([A-Z]+)\$[0-9]+"))} | D16: {=IFERROR(IF(OR('Raw Data'!D16="",LEN(TRIM('Raw Data'!D16))=0),_xlfn.REGEXEXTRACT(CELL("address",'Raw Data'!D16),"\$([A-Z]+)\$[0-9]+"),""),_xlfn.REGEXEXTRACT(CELL("address",'Raw Data'!D16),"\$([A-Z]+)\$[0-9]+"))} | E16: {=IFERROR(IF(OR('Raw Data'!E16="",LEN(TRIM('Raw Data'!E16))=0),_xlfn.REGEXEXTRACT(CELL("address",'Raw Data'!E16),"\$([A-Z]+)\$[0-9]+"),""),_xlfn.REGEXEXTRACT(CELL("address",'Raw Data'!E16),"\$([A-Z]+)\$[0-9]+"))} | F16: {=IFERROR(IF(OR('Raw Data'!F16="",LEN(TRIM('Raw Data'!F16))=0),_xlfn.REGEXEXTRACT(CELL("address",'Raw Data'!F16),"\$([A-Z]+)\$[0-9]+"),""),_xlfn.REGEXEXTRACT(CELL("address",'Raw Data'!F16),"\$([A-Z]+)\$[0-9]+"))} | G16: {=IFERROR(IF(OR('Raw Data'!G16="",LEN(TRIM('Raw Data'!G16))=0),_xlfn.REGEXEXTRACT(CELL("address",'Raw Data'!G16),"\$([A-Z]+)\$[0-9]+"),""),_xlfn.REGEXEXTRACT(CELL("address",'Raw Data'!G16),"\$([A-Z]+)\$[0-9]+"))} | H16: {=IFERROR(IF(OR('Raw Data'!H16="",LEN(TRIM('Raw Data'!H16))=0),_xlfn.REGEXEXTRACT(CELL("address",'Raw Data'!H16),"\$([A-Z]+)\$[0-9]+"),""),_xlfn.REGEXEXTRACT(CELL("address",'Raw Data'!H16),"\$([A-Z]+)\$[0-9]+"))} | I16: {=IFERROR(IF(OR('Raw Data'!I16="",LEN(TRIM('Raw Data'!I16))=0),_xlfn.REGEXEXTRACT(CELL("address",'Raw Data'!I16),"\$([A-Z]+)\$[0-9]+"),""),_xlfn.REGEXEXTRACT(CELL("address",'Raw Data'!I16),"\$([A-Z]+)\$[0-9]+"))} | ... P16: {=IFERROR(IF(OR('Raw Data'!P16="",LEN(TRIM('Raw Data'!P16))=0),_xlfn.REGEXEXTRACT(CELL("address",'Raw Data'!P16),"\$([A-Z]+)\$[0-9]+"),""),_xlfn.REGEXEXTRACT(CELL("address",'Raw Data'!P16),"\$([A-Z]+)\$[0-9]+"))}
B17: {=IFERROR(IF(OR('Raw Data'!B17="",LEN(TRIM('Raw Data'!B17))=0),_xlfn.REGEXEXTRACT(CELL("address",'Raw Data'!B17),"\$([A-Z]+)\$[0-9]+"),""),_xlfn.REGEXEXTRACT(CELL("address",'Raw Data'!B17),"\$([A-Z]+)\$[0-9]+"))} | C17: {=IFERROR(IF(OR('Raw Data'!C17="",LEN(TRIM('Raw Data'!C17))=0),_xlfn.REGEXEXTRACT(CELL("address",'Raw Data'!C17),"\$([A-Z]+)\$[0-9]+"),""),_xlfn.REGEXEXTRACT(CELL("address",'Raw Data'!C17),"\$([A-Z]+)\$[0-9]+"))} | D17: {=IFERROR(IF(OR('Raw Data'!D17="",LEN(TRIM('Raw Data'!D17))=0),_xlfn.REGEXEXTRACT(CELL("address",'Raw Data'!D17),"\$([A-Z]+)\$[0-9]+"),""),_xlfn.REGEXEXTRACT(CELL("address",'Raw Data'!D17),"\$([A-Z]+)\$[0-9]+"))} | E17: {=IFERROR(IF(OR('Raw Data'!E17="",LEN(TRIM('Raw Data'!E17))=0),_xlfn.REGEXEXTRACT(CELL("address",'Raw Data'!E17),"\$([A-Z]+)\$[0-9]+"),""),_xlfn.REGEXEXTRACT(CELL("address",'Raw Data'!E17),"\$([A-Z]+)\$[0-9]+"))} | F17: {=IFERROR(IF(OR('Raw Data'!F17="",LEN(TRIM('Raw Data'!F17))=0),_xlfn.REGEXEXTRACT(CELL("address",'Raw Data'!F17),"\$([A-Z]+)\$[0-9]+"),""),_xlfn.REGEXEXTRACT(CELL("address",'Raw Data'!F17),"\$([A-Z]+)\$[0-9]+"))} | G17: {=IFERROR(IF(OR('Raw Data'!G17="",LEN(TRIM('Raw Data'!G17))=0),_xlfn.REGEXEXTRACT(CELL("address",'Raw Data'!G17),"\$([A-Z]+)\$[0-9]+"),""),_xlfn.REGEXEXTRACT(CELL("address",'Raw Data'!G17),"\$([A-Z]+)\$[0-9]+"))} | H17: {=IFERROR(IF(OR('Raw Data'!H17="",LEN(TRIM('Raw Data'!H17))=0),_xlfn.REGEXEXTRACT(CELL("address",'Raw Data'!H17),"\$([A-Z]+)\$[0-9]+"),""),_xlfn.REGEXEXTRACT(CELL("address",'Raw Data'!H17),"\$([A-Z]+)\$[0-9]+"))} | I17: {=IFERROR(IF(OR('Raw Data'!I17="",LEN(TRIM('Raw Data'!I17))=0),_xlfn.REGEXEXTRACT(CELL("address",'Raw Data'!I17),"\$([A-Z]+)\$[0-9]+"),""),_xlfn.REGEXEXTRACT(CELL("address",'Raw Data'!I17),"\$([A-Z]+)\$[0-9]+"))} | ... P17: {=IFERROR(IF(OR('Raw Data'!P17="",LEN(TRIM('Raw Data'!P17))=0),_xlfn.REGEXEXTRACT(CELL("address",'Raw Data'!P17),"\$([A-Z]+)\$[0-9]+"),""),_xlfn.REGEXEXTRACT(CELL("address",'Raw Data'!P17),"\$([A-Z]+)\$[0-9]+"))}
B18: {=IFERROR(IF(OR('Raw Data'!B18="",LEN(TRIM('Raw Data'!B18))=0),_xlfn.REGEXEXTRACT(CELL("address",'Raw Data'!B18),"\$([A-Z]+)\$[0-9]+"),""),_xlfn.REGEXEXTRACT(CELL("address",'Raw Data'!B18),"\$([A-Z]+)\$[0-9]+"))} | C18: {=IFERROR(IF(OR('Raw Data'!C18="",LEN(TRIM('Raw Data'!C18))=0),_xlfn.REGEXEXTRACT(CELL("address",'Raw Data'!C18),"\$([A-Z]+)\$[0-9]+"),""),_xlfn.REGEXEXTRACT(CELL("address",'Raw Data'!C18),"\$([A-Z]+)\$[0-9]+"))} | D18: {=IFERROR(IF(OR('Raw Data'!D18="",LEN(TRIM('Raw Data'!D18))=0),_xlfn.REGEXEXTRACT(CELL("address",'Raw Data'!D18),"\$([A-Z]+)\$[0-9]+"),""),_xlfn.REGEXEXTRACT(CELL("address",'Raw Data'!D18),"\$([A-Z]+)\$[0-9]+"))} | E18: {=IFERROR(IF(OR('Raw Data'!E18="",LEN(TRIM('Raw Data'!E18))=0),_xlfn.REGEXEXTRACT(CELL("address",'Raw Data'!E18),"\$([A-Z]+)\$[0-9]+"),""),_xlfn.REGEXEXTRACT(CELL("address",'Raw Data'!E18),"\$([A-Z]+)\$[0-9]+"))} | F18: {=IFERROR(IF(OR('Raw Data'!F18="",LEN(TRIM('Raw Data'!F18))=0),_xlfn.REGEXEXTRACT(CELL("address",'Raw Data'!F18),"\$([A-Z]+)\$[0-9]+"),""),_xlfn.REGEXEXTRACT(CELL("address",'Raw Data'!F18),"\$([A-Z]+)\$[0-9]+"))} | G18: {=IFERROR(IF(OR('Raw Data'!G18="",LEN(TRIM('Raw Data'!G18))=0),_xlfn.REGEXEXTRACT(CELL("address",'Raw Data'!G18),"\$([A-Z]+)\$[0-9]+"),""),_xlfn.REGEXEXTRACT(CELL("address",'Raw Data'!G18),"\$([A-Z]+)\$[0-9]+"))} | H18: {=IFERROR(IF(OR('Raw Data'!H18="",LEN(TRIM('Raw Data'!H18))=0),_xlfn.REGEXEXTRACT(CELL("address",'Raw Data'!H18),"\$([A-Z]+)\$[0-9]+"),""),_xlfn.REGEXEXTRACT(CELL("address",'Raw Data'!H18),"\$([A-Z]+)\$[0-9]+"))} | I18: {=IFERROR(IF(OR('Raw Data'!I18="",LEN(TRIM('Raw Data'!I18))=0),_xlfn.REGEXEXTRACT(CELL("address",'Raw Data'!I18),"\$([A-Z]+)\$[0-9]+"),""),_xlfn.REGEXEXTRACT(CELL("address",'Raw Data'!I18),"\$([A-Z]+)\$[0-9]+"))} | ... P18: {=IFERROR(IF(OR('Raw Data'!P18="",LEN(TRIM('Raw Data'!P18))=0),_xlfn.REGEXEXTRACT(CELL("address",'Raw Data'!P18),"\$([A-Z]+)\$[0-9]+"),""),_xlfn.REGEXEXTRACT(CELL("address",'Raw Data'!P18),"\$([A-Z]+)\$[0-9]+"))}
B19: {=IFERROR(IF(OR('Raw Data'!B19="",LEN(TRIM('Raw Data'!B19))=0),_xlfn.REGEXEXTRACT(CELL("address",'Raw Data'!B19),"\$([A-Z]+)\$[0-9]+"),""),_xlfn.REGEXEXTRACT(CELL("address",'Raw Data'!B19),"\$([A-Z]+)\$[0-9]+"))} | C19: {=IFERROR(IF(OR('Raw Data'!C19="",LEN(TRIM('Raw Data'!C19))=0),_xlfn.REGEXEXTRACT(CELL("address",'Raw Data'!C19),"\$([A-Z]+)\$[0-9]+"),""),_xlfn.REGEXEXTRACT(CELL("address",'Raw Data'!C19),"\$([A-Z]+)\$[0-9]+"))} | D19: {=IFERROR(IF(OR('Raw Data'!D19="",LEN(TRIM('Raw Data'!D19))=0),_xlfn.REGEXEXTRACT(CELL("address",'Raw Data'!D19),"\$([A-Z]+)\$[0-9]+"),""),_xlfn.REGEXEXTRACT(CELL("address",'Raw Data'!D19),"\$([A-Z]+)\$[0-9]+"))} | E19: {=IFERROR(IF(OR('Raw Data'!E19="",LEN(TRIM('Raw Data'!E19))=0),_xlfn.REGEXEXTRACT(CELL("address",'Raw Data'!E19),"\$([A-Z]+)\$[0-9]+"),""),_xlfn.REGEXEXTRACT(CELL("address",'Raw Data'!E19),"\$([A-Z]+)\$[0-9]+"))} | F19: {=IFERROR(IF(OR('Raw Data'!F19="",LEN(TRIM('Raw Data'!F19))=0),_xlfn.REGEXEXTRACT(CELL("address",'Raw Data'!F19),"\$([A-Z]+)\$[0-9]+"),""),_xlfn.REGEXEXTRACT(CELL("address",'Raw Data'!F19),"\$([A-Z]+)\$[0-9]+"))} | G19: {=IFERROR(IF(OR('Raw Data'!G19="",LEN(TRIM('Raw Data'!G19))=0),_xlfn.REGEXEXTRACT(CELL("address",'Raw Data'!G19),"\$([A-Z]+)\$[0-9]+"),""),_xlfn.REGEXEXTRACT(CELL("address",'Raw Data'!G19),"\$([A-Z]+)\$[0-9]+"))} | H19: {=IFERROR(IF(OR('Raw Data'!H19="",LEN(TRIM('Raw Data'!H19))=0),_xlfn.REGEXEXTRACT(CELL("address",'Raw Data'!H19),"\$([A-Z]+)\$[0-9]+"),""),_xlfn.REGEXEXTRACT(CELL("address",'Raw Data'!H19),"\$([A-Z]+)\$[0-9]+"))} | I19: {=IFERROR(IF(OR('Raw Data'!I19="",LEN(TRIM('Raw Data'!I19))=0),_xlfn.REGEXEXTRACT(CELL("address",'Raw Data'!I19),"\$([A-Z]+)\$[0-9]+"),""),_xlfn.REGEXEXTRACT(CELL("address",'Raw Data'!I19),"\$([A-Z]+)\$[0-9]+"))} | ... P19: {=IFERROR(IF(OR('Raw Data'!P19="",LEN(TRIM('Raw Data'!P19))=0),_xlfn.REGEXEXTRACT(CELL("address",'Raw Data'!P19),"\$([A-Z]+)\$[0-9]+"),""),_xlfn.REGEXEXTRACT(CELL("address",'Raw Data'!P19),"\$([A-Z]+)\$[0-9]+"))}
B20: {=IFERROR(IF(OR('Raw Data'!B20="",LEN(TRIM('Raw Data'!B20))=0),_xlfn.REGEXEXTRACT(CELL("address",'Raw Data'!B20),"\$([A-Z]+)\$[0-9]+"),""),_xlfn.REGEXEXTRACT(CELL("address",'Raw Data'!B20),"\$([A-Z]+)\$[0-9]+"))} | C20: {=IFERROR(IF(OR('Raw Data'!C20="",LEN(TRIM('Raw Data'!C20))=0),_xlfn.REGEXEXTRACT(CELL("address",'Raw Data'!C20),"\$([A-Z]+)\$[0-9]+"),""),_xlfn.REGEXEXTRACT(CELL("address",'Raw Data'!C20),"\$([A-Z]+)\$[0-9]+"))} | D20: {=IFERROR(IF(OR('Raw Data'!D20="",LEN(TRIM('Raw Data'!D20))=0),_xlfn.REGEXEXTRACT(CELL("address",'Raw Data'!D20),"\$([A-Z]+)\$[0-9]+"),""),_xlfn.REGEXEXTRACT(CELL("address",'Raw Data'!D20),"\$([A-Z]+)\$[0-9]+"))} | E20: {=IFERROR(IF(OR('Raw Data'!E20="",LEN(TRIM('Raw Data'!E20))=0),_xlfn.REGEXEXTRACT(CELL("address",'Raw Data'!E20),"\$([A-Z]+)\$[0-9]+"),""),_xlfn.REGEXEXTRACT(CELL("address",'Raw Data'!E20),"\$([A-Z]+)\$[0-9]+"))} | F20: {=IFERROR(IF(OR('Raw Data'!F20="",LEN(TRIM('Raw Data'!F20))=0),_xlfn.REGEXEXTRACT(CELL("address",'Raw Data'!F20),"\$([A-Z]+)\$[0-9]+"),""),_xlfn.REGEXEXTRACT(CELL("address",'Raw Data'!F20),"\$([A-Z]+)\$[0-9]+"))} | G20: {=IFERROR(IF(OR('Raw Data'!G20="",LEN(TRIM('Raw Data'!G20))=0),_xlfn.REGEXEXTRACT(CELL("address",'Raw Data'!G20),"\$([A-Z]+)\$[0-9]+"),""),_xlfn.REGEXEXTRACT(CELL("address",'Raw Data'!G20),"\$([A-Z]+)\$[0-9]+"))} | H20: {=IFERROR(IF(OR('Raw Data'!H20="",LEN(TRIM('Raw Data'!H20))=0),_xlfn.REGEXEXTRACT(CELL("address",'Raw Data'!H20),"\$([A-Z]+)\$[0-9]+"),""),_xlfn.REGEXEXTRACT(CELL("address",'Raw Data'!H20),"\$([A-Z]+)\$[0-9]+"))} | I20: {=IFERROR(IF(OR('Raw Data'!I20="",LEN(TRIM('Raw Data'!I20))=0),_xlfn.REGEXEXTRACT(CELL("address",'Raw Data'!I20),"\$([A-Z]+)\$[0-9]+"),""),_xlfn.REGEXEXTRACT(CELL("address",'Raw Data'!I20),"\$([A-Z]+)\$[0-9]+"))} | ... P20: {=IFERROR(IF(OR('Raw Data'!P20="",LEN(TRIM('Raw Data'!P20))=0),_xlfn.REGEXEXTRACT(CELL("address",'Raw Data'!P20),"\$([A-Z]+)\$[0-9]+"),""),_xlfn.REGEXEXTRACT(CELL("address",'Raw Data'!P20),"\$([A-Z]+)\$[0-9]+"))}
B21: {=IFERROR(IF(OR('Raw Data'!B21="",LEN(TRIM('Raw Data'!B21))=0),_xlfn.REGEXEXTRACT(CELL("address",'Raw Data'!B21),"\$([A-Z]+)\$[0-9]+"),""),_xlfn.REGEXEXTRACT(CELL("address",'Raw Data'!B21),"\$([A-Z]+)\$[0-9]+"))} | C21: {=IFERROR(IF(OR('Raw Data'!C21="",LEN(TRIM('Raw Data'!C21))=0),_xlfn.REGEXEXTRACT(CELL("address",'Raw Data'!C21),"\$([A-Z]+)\$[0-9]+"),""),_xlfn.REGEXEXTRACT(CELL("address",'Raw Data'!C21),"\$([A-Z]+)\$[0-9]+"))} | D21: {=IFERROR(IF(OR('Raw Data'!D21="",LEN(TRIM('Raw Data'!D21))=0),_xlfn.REGEXEXTRACT(CELL("address",'Raw Data'!D21),"\$([A-Z]+)\$[0-9]+"),""),_xlfn.REGEXEXTRACT(CELL("address",'Raw Data'!D21),"\$([A-Z]+)\$[0-9]+"))} | E21: {=IFERROR(IF(OR('Raw Data'!E21="",LEN(TRIM('Raw Data'!E21))=0),_xlfn.REGEXEXTRACT(CELL("address",'Raw Data'!E21),"\$([A-Z]+)\$[0-9]+"),""),_xlfn.REGEXEXTRACT(CELL("address",'Raw Data'!E21),"\$([A-Z]+)\$[0-9]+"))} | F21: {=IFERROR(IF(OR('Raw Data'!F21="",LEN(TRIM('Raw Data'!F21))=0),_xlfn.REGEXEXTRACT(CELL("address",'Raw Data'!F21),"\$([A-Z]+)\$[0-9]+"),""),_xlfn.REGEXEXTRACT(CELL("address",'Raw Data'!F21),"\$([A-Z]+)\$[0-9]+"))} | G21: {=IFERROR(IF(OR('Raw Data'!G21="",LEN(TRIM('Raw Data'!G21))=0),_xlfn.REGEXEXTRACT(CELL("address",'Raw Data'!G21),"\$([A-Z]+)\$[0-9]+"),""),_xlfn.REGEXEXTRACT(CELL("address",'Raw Data'!G21),"\$([A-Z]+)\$[0-9]+"))} | H21: {=IFERROR(IF(OR('Raw Data'!H21="",LEN(TRIM('Raw Data'!H21))=0),_xlfn.REGEXEXTRACT(CELL("address",'Raw Data'!H21),"\$([A-Z]+)\$[0-9]+"),""),_xlfn.REGEXEXTRACT(CELL("address",'Raw Data'!H21),"\$([A-Z]+)\$[0-9]+"))} | I21: {=IFERROR(IF(OR('Raw Data'!I21="",LEN(TRIM('Raw Data'!I21))=0),_xlfn.REGEXEXTRACT(CELL("address",'Raw Data'!I21),"\$([A-Z]+)\$[0-9]+"),""),_xlfn.REGEXEXTRACT(CELL("address",'Raw Data'!I21),"\$([A-Z]+)\$[0-9]+"))} | ... P21: {=IFERROR(IF(OR('Raw Data'!P21="",LEN(TRIM('Raw Data'!P21))=0),_xlfn.REGEXEXTRACT(CELL("address",'Raw Data'!P21),"\$([A-Z]+)\$[0-9]+"),""),_xlfn.REGEXEXTRACT(CELL("address",'Raw Data'!P21),"\$([A-Z]+)\$[0-9]+"))}
... B399: {=IFERROR(IF(OR('Raw Data'!B399="",LEN(TRIM('Raw Data'!B399))=0),_xlfn.REGEXEXTRACT(CELL("address",'Raw Data'!B399),"\$([A-Z]+)\$[0-9]+"),""),_xlfn.REGEXEXTRACT(CELL("address",'Raw Data'!B399),"\$([A-Z]+)\$[0-9]+"))} | C399: {=IFERROR(IF(OR('Raw Data'!C399="",LEN(TRIM('Raw Data'!C399))=0),_xlfn.REGEXEXTRACT(CELL("address",'Raw Data'!C399),"\$([A-Z]+)\$[0-9]+"),""),_xlfn.REGEXEXTRACT(CELL("address",'Raw Data'!C399),"\$([A-Z]+)\$[0-9]+"))} | D399: {=IFERROR(IF(OR('Raw Data'!D399="",LEN(TRIM('Raw Data'!D399))=0),_xlfn.REGEXEXTRACT(CELL("address",'Raw Data'!D399),"\$([A-Z]+)\$[0-9]+"),""),_xlfn.REGEXEXTRACT(CELL("address",'Raw Data'!D399),"\$([A-Z]+)\$[0-9]+"))} | E399: {=IFERROR(IF(OR('Raw Data'!E399="",LEN(TRIM('Raw Data'!E399))=0),_xlfn.REGEXEXTRACT(CELL("address",'Raw Data'!E399),"\$([A-Z]+)\$[0-9]+"),""),_xlfn.REGEXEXTRACT(CELL("address",'Raw Data'!E399),"\$([A-Z]+)\$[0-9]+"))} | F399: {=IFERROR(IF(OR('Raw Data'!F399="",LEN(TRIM('Raw Data'!F399))=0),_xlfn.REGEXEXTRACT(CELL("address",'Raw Data'!F399),"\$([A-Z]+)\$[0-9]+"),""),_xlfn.REGEXEXTRACT(CELL("address",'Raw Data'!F399),"\$([A-Z]+)\$[0-9]+"))} | G399: {=IFERROR(IF(OR('Raw Data'!G399="",LEN(TRIM('Raw Data'!G399))=0),_xlfn.REGEXEXTRACT(CELL("address",'Raw Data'!G399),"\$([A-Z]+)\$[0-9]+"),""),_xlfn.REGEXEXTRACT(CELL("address",'Raw Data'!G399),"\$([A-Z]+)\$[0-9]+"))} | H399: {=IFERROR(IF(OR('Raw Data'!H399="",LEN(TRIM('Raw Data'!H399))=0),_xlfn.REGEXEXTRACT(CELL("address",'Raw Data'!H399),"\$([A-Z]+)\$[0-9]+"),""),_xlfn.REGEXEXTRACT(CELL("address",'Raw Data'!H399),"\$([A-Z]+)\$[0-9]+"))} | I399: {=IFERROR(IF(OR('Raw Data'!I399="",LEN(TRIM('Raw Data'!I399))=0),_xlfn.REGEXEXTRACT(CELL("address",'Raw Data'!I399),"\$([A-Z]+)\$[0-9]+"),""),_xlfn.REGEXEXTRACT(CELL("address",'Raw Data'!I399),"\$([A-Z]+)\$[0-9]+"))} | ... P399: {=IFERROR(IF(OR('Raw Data'!P399="",LEN(TRIM('Raw Data'!P399))=0),_xlfn.REGEXEXTRACT(CELL("address",'Raw Data'!P399),"\$([A-Z]+)\$[0-9]+"),""),_xlfn.REGEXEXTRACT(CELL("address",'Raw Data'!P399),"\$([A-Z]+)\$[0-9]+"))}

Sheet Validate_Value
B8: NVARCHAR(10) | C8: NVARCHAR(20) | D8: NVARCHAR(20) | E8: NVARCHAR(20) | F8: NVARCHAR(20) | G8: NVARCHAR(10) | H8: NVARCHAR(255) | I8: NVARCHAR(255) | J8: NVARCHAR(255) | K8: NVARCHAR(255) | L8: NVARCHAR(255) | M8: NVARCHAR(255) | N8: NVARCHAR(255) | O8: NVARCHAR(255) | P8: NVARCHAR(10) | Q8: DECIMAL(13,2) | R8: DECIMAL(13,2) | S8: DECIMAL(13,2) | T8: DECIMAL(13,2) | U8: DECIMAL(13,2) | V8: DECIMAL(13,2) | W8: DECIMAL(13,2) | X8: DECIMAL(13,2) | Y8: DECIMAL(13,2)
B9: C1 | C9: C2 | D9: C3 | E9: C4 | F9: C5 | G9: C6 | H9: C7 | I9: C8 | J9: C9 | K9: C10 | L9: C11 | M9: C12 | N9: C13 | O9: C14 | P9: C15 | Q9: C16 | R9: C17 | S9: C18 | T9: C19 | U9: C20 | V9: C21 | W9: C22 | X9: C23 | Y9: C24
B10: {=IFERROR(IF(OR('Raw Data'!B10="",LEN(TRIM('Raw Data'!B10))=0),"",IF(AND(LEN('Raw Data'!B10) <= 10,LEN('Raw Data'!B10)> 0),"",_xlfn.REGEXEXTRACT(CELL("address",'Raw Data'!B10),"\$([A-Z]+)\$[0-9]+"))),_xlfn.REGEXEXTRACT(CELL("address",'Raw Data'!B10),"\$([A-Z]+)\$[0-9]+"))} | C10: {=IFERROR(IF(OR('Raw Data'!C10="",LEN(TRIM('Raw Data'!C10))=0),"",IF(AND(LEN('Raw Data'!C10) <= 20,LEN('Raw Data'!C10)> 0),"",_xlfn.REGEXEXTRACT(CELL("address",'Raw Data'!C10),"\$([A-Z]+)\$[0-9]+"))),_xlfn.REGEXEXTRACT(CELL("address",'Raw Data'!C10),"\$([A-Z]+)\$[0-9]+"))} | D10: {=IFERROR(IF(OR('Raw Data'!D10="",LEN(TRIM('Raw Data'!D10))=0),"",IF(AND(LEN('Raw Data'!D10) <= 20,LEN('Raw Data'!D10)> 0),"",_xlfn.REGEXEXTRACT(CELL("address",'Raw Data'!D10),"\$([A-Z]+)\$[0-9]+"))),_xlfn.REGEXEXTRACT(CELL("address",'Raw Data'!D10),"\$([A-Z]+)\$[0-9]+"))} | E10: {=IFERROR(IF(OR('Raw Data'!E10="",LEN(TRIM('Raw Data'!E10))=0),"",IF(AND(LEN('Raw Data'!E10) <= 20,LEN('Raw Data'!E10)> 0),"",_xlfn.REGEXEXTRACT(CELL("address",'Raw Data'!E10),"\$([A-Z]+)\$[0-9]+"))),_xlfn.REGEXEXTRACT(CELL("address",'Raw Data'!E10),"\$([A-Z]+)\$[0-9]+"))} | F10: {=IFERROR(IF(OR('Raw Data'!F10="",LEN(TRIM('Raw Data'!F10))=0),"",IF(AND(LEN('Raw Data'!F10) <= 20,LEN('Raw Data'!F10)> 0),"",_xlfn.REGEXEXTRACT(CELL("address",'Raw Data'!F10),"\$([A-Z]+)\$[0-9]+"))),_xlfn.REGEXEXTRACT(CELL("address",'Raw Data'!F10),"\$([A-Z]+)\$[0-9]+"))} | G10: {=IFERROR(IF(OR('Raw Data'!G10="",LEN(TRIM('Raw Data'!G10))=0),"",IF(AND(LEN('Raw Data'!G10) <= 10,LEN('Raw Data'!G10)> 0),"",_xlfn.REGEXEXTRACT(CELL("address",'Raw Data'!G10),"\$([A-Z]+)\$[0-9]+"))),_xlfn.REGEXEXTRACT(CELL("address",'Raw Data'!G10),"\$([A-Z]+)\$[0-9]+"))} | H10: {=IFERROR(IF(OR('Raw Data'!H10="",LEN(TRIM('Raw Data'!H10))=0),"",IF(AND(LEN('Raw Data'!H10) <= 255,LEN('Raw Data'!H10)> 0),"",_xlfn.REGEXEXTRACT(CELL("address",'Raw Data'!H10),"\$([A-Z]+)\$[0-9]+"))),_xlfn.REGEXEXTRACT(CELL("address",'Raw Data'!H10),"\$([A-Z]+)\$[0-9]+"))} | I10: {=IFERROR(IF(OR('Raw Data'!I10="",LEN(TRIM('Raw Data'!I10))=0),"",IF(AND(LEN('Raw Data'!I10) <= 255,LEN('Raw Data'!I10)> 0),"",_xlfn.REGEXEXTRACT(CELL("address",'Raw Data'!I10),"\$([A-Z]+)\$[0-9]+"))),_xlfn.REGEXEXTRACT(CELL("address",'Raw Data'!I10),"\$([A-Z]+)\$[0-9]+"))} | J10: {=IFERROR(IF(OR('Raw Data'!J10="",LEN(TRIM('Raw Data'!J10))=0),"",IF(AND(LEN('Raw Data'!J10) <= 255,LEN('Raw Data'!J10)> 0),"",_xlfn.REGEXEXTRACT(CELL("address",'Raw Data'!J10),"\$([A-Z]+)\$[0-9]+"))),_xlfn.REGEXEXTRACT(CELL("address",'Raw Data'!J10),"\$([A-Z]+)\$[0-9]+"))} | K10: {=IFERROR(IF(OR('Raw Data'!K10="",LEN(TRIM('Raw Data'!K10))=0),"",IF(AND(LEN('Raw Data'!K10) <= 255,LEN('Raw Data'!K10)> 0),"",_xlfn.REGEXEXTRACT(CELL("address",'Raw Data'!K10),"\$([A-Z]+)\$[0-9]+"))),_xlfn.REGEXEXTRACT(CELL("address",'Raw Data'!K10),"\$([A-Z]+)\$[0-9]+"))} | L10: {=IFERROR(IF(OR('Raw Data'!L10="",LEN(TRIM('Raw Data'!L10))=0),"",IF(AND(LEN('Raw Data'!L10) <= 255,LEN('Raw Data'!L10)> 0),"",_xlfn.REGEXEXTRACT(CELL("address",'Raw Data'!L10),"\$([A-Z]+)\$[0-9]+"))),_xlfn.REGEXEXTRACT(CELL("address",'Raw Data'!L10),"\$([A-Z]+)\$[0-9]+"))} | M10: {=IFERROR(IF(OR('Raw Data'!M10="",LEN(TRIM('Raw Data'!M10))=0),"",IF(AND(LEN('Raw Data'!M10) <= 255,LEN('Raw Data'!M10)> 0),"",_xlfn.REGEXEXTRACT(CELL("address",'Raw Data'!M10),"\$([A-Z]+)\$[0-9]+"))),_xlfn.REGEXEXTRACT(CELL("address",'Raw Data'!M10),"\$([A-Z]+)\$[0-9]+"))} | N10: {=IFERROR(IF(OR('Raw Data'!N10="",LEN(TRIM('Raw Data'!N10))=0),"",IF(AND(LEN('Raw Data'!N10) <= 255,LEN('Raw Data'!N10)> 0),"",_xlfn.REGEXEXTRACT(CELL("address",'Raw Data'!N10),"\$([A-Z]+)\$[0-9]+"))),_xlfn.REGEXEXTRACT(CELL("address",'Raw Data'!N10),"\$([A-Z]+)\$[0-9]+"))} | O10: {=IFERROR(IF(OR('Raw Data'!O10="",LEN(TRIM('Raw Data'!O10))=0),"",IF(AND(LEN('Raw Data'!O10) <= 255,LEN('Raw Data'!O10)> 0),"",_xlfn.REGEXEXTRACT(CELL("address",'Raw Data'!O10),"\$([A-Z]+)\$[0-9]+"))),_xlfn.REGEXEXTRACT(CELL("address",'Raw Data'!O10),"\$([A-Z]+)\$[0-9]+"))} | P10: {=IFERROR(IF(OR('Raw Data'!P10="",LEN(TRIM('Raw Data'!P10))=0),"",IF(AND(LEN('Raw Data'!P10) <= 10,LEN('Raw Data'!P10)> 0),"",_xlfn.REGEXEXTRACT(CELL("address",'Raw Data'!P10),"\$([A-Z]+)\$[0-9]+"))),_xlfn.REGEXEXTRACT(CELL("address",'Raw Data'!P10),"\$([A-Z]+)\$[0-9]+"))} | Q10: {=IFERROR(IF(OR('Raw Data'!Q10="",LEN(TRIM('Raw Data'!Q10))=0),"",IF(AND(ISNUMBER('Raw Data'!Q10), IFERROR('Raw Data'!Q10 = ROUND('Raw Data'!Q10, 2),FALSE)),"",_xlfn.REGEXEXTRACT(CELL("address",Q10), "\$([A-Z]+)\$[0-9]+"))),_xlfn.REGEXEXTRACT(CELL("address",Q10), "\$([A-Z]+)\$[0-9]+"))} | R10: {=IFERROR(IF(OR('Raw Data'!R10="",LEN(TRIM('Raw Data'!R10))=0),"",IF(AND(ISNUMBER('Raw Data'!R10), IFERROR('Raw Data'!R10 = ROUND('Raw Data'!R10, 2),FALSE)),"",_xlfn.REGEXEXTRACT(CELL("address",R10), "\$([A-Z]+)\$[0-9]+"))),_xlfn.REGEXEXTRACT(CELL("address",R10), "\$([A-Z]+)\$[0-9]+"))} | S10: {=IFERROR(IF(OR('Raw Data'!S10="",LEN(TRIM('Raw Data'!S10))=0),"",IF(AND(ISNUMBER('Raw Data'!S10), IFERROR('Raw Data'!S10 = ROUND('Raw Data'!S10, 2),FALSE)),"",_xlfn.REGEXEXTRACT(CELL("address",S10), "\$([A-Z]+)\$[0-9]+"))),_xlfn.REGEXEXTRACT(CELL("address",S10), "\$([A-Z]+)\$[0-9]+"))} | T10: {=IFERROR(IF(OR('Raw Data'!T10="",LEN(TRIM('Raw Data'!T10))=0),"",IF(AND(ISNUMBER('Raw Data'!T10), IFERROR('Raw Data'!T10 = ROUND('Raw Data'!T10, 2),FALSE)),"",_xlfn.REGEXEXTRACT(CELL("address",T10), "\$([A-Z]+)\$[0-9]+"))),_xlfn.REGEXEXTRACT(CELL("address",T10), "\$([A-Z]+)\$[0-9]+"))} | U10: {=IFERROR(IF(OR('Raw Data'!U10="",LEN(TRIM('Raw Data'!U10))=0),"",IF(AND(ISNUMBER('Raw Data'!U10), IFERROR('Raw Data'!U10 = ROUND('Raw Data'!U10, 2),FALSE)),"",_xlfn.REGEXEXTRACT(CELL("address",U10), "\$([A-Z]+)\$[0-9]+"))),_xlfn.REGEXEXTRACT(CELL("address",U10), "\$([A-Z]+)\$[0-9]+"))} | V10: {=IFERROR(IF(OR('Raw Data'!V10="",LEN(TRIM('Raw Data'!V10))=0),"",IF(AND(ISNUMBER('Raw Data'!V10), IFERROR('Raw Data'!V10 = ROUND('Raw Data'!V10, 2),FALSE)),"",_xlfn.REGEXEXTRACT(CELL("address",V10), "\$([A-Z]+)\$[0-9]+"))),_xlfn.REGEXEXTRACT(CELL("address",V10), "\$([A-Z]+)\$[0-9]+"))} | W10: {=IFERROR(IF(OR('Raw Data'!W10="",LEN(TRIM('Raw Data'!W10))=0),"",IF(AND(ISNUMBER('Raw Data'!W10), IFERROR('Raw Data'!W10 = ROUND('Raw Data'!W10, 2),FALSE)),"",_xlfn.REGEXEXTRACT(CELL("address",W10), "\$([A-Z]+)\$[0-9]+"))),_xlfn.REGEXEXTRACT(CELL("address",W10), "\$([A-Z]+)\$[0-9]+"))} | X10: {=IFERROR(IF(OR('Raw Data'!X10="",LEN(TRIM('Raw Data'!X10))=0),"",IF(AND(ISNUMBER('Raw Data'!X10), IFERROR('Raw Data'!X10 = ROUND('Raw Data'!X10, 2),FALSE)),"",_xlfn.REGEXEXTRACT(CELL("address",X10), "\$([A-Z]+)\$[0-9]+"))),_xlfn.REGEXEXTRACT(CELL("address",X10), "\$([A-Z]+)\$[0-9]+"))} | Y10: {=IFERROR(IF(OR('Raw Data'!Y10="",LEN(TRIM('Raw Data'!Y10))=0),"",IF(AND(ISNUMBER('Raw Data'!Y10), IFERROR('Raw Data'!Y10 = ROUND('Raw Data'!Y10, 2),FALSE)),"",_xlfn.REGEXEXTRACT(CELL("address",Y10), "\$([A-Z]+)\$[0-9]+"))),_xlfn.REGEXEXTRACT(CELL("address",Y10), "\$([A-Z]+)\$[0-9]+"))}
B11: {=IFERROR(IF(OR('Raw Data'!B11="",LEN(TRIM('Raw Data'!B11))=0),"",IF(AND(LEN('Raw Data'!B11) <= 10,LEN('Raw Data'!B11)> 0),"",_xlfn.REGEXEXTRACT(CELL("address",'Raw Data'!B11),"\$([A-Z]+)\$[0-9]+"))),_xlfn.REGEXEXTRACT(CELL("address",'Raw Data'!B11),"\$([A-Z]+)\$[0-9]+"))} | C11: {=IFERROR(IF(OR('Raw Data'!C11="",LEN(TRIM('Raw Data'!C11))=0),"",IF(AND(LEN('Raw Data'!C11) <= 20,LEN('Raw Data'!C11)> 0),"",_xlfn.REGEXEXTRACT(CELL("address",'Raw Data'!C11),"\$([A-Z]+)\$[0-9]+"))),_xlfn.REGEXEXTRACT(CELL("address",'Raw Data'!C11),"\$([A-Z]+)\$[0-9]+"))} | D11: {=IFERROR(IF(OR('Raw Data'!D11="",LEN(TRIM('Raw Data'!D11))=0),"",IF(AND(LEN('Raw Data'!D11) <= 20,LEN('Raw Data'!D11)> 0),"",_xlfn.REGEXEXTRACT(CELL("address",'Raw Data'!D11),"\$([A-Z]+)\$[0-9]+"))),_xlfn.REGEXEXTRACT(CELL("address",'Raw Data'!D11),"\$([A-Z]+)\$[0-9]+"))} | E11: {=IFERROR(IF(OR('Raw Data'!E11="",LEN(TRIM('Raw Data'!E11))=0),"",IF(AND(LEN('Raw Data'!E11) <= 20,LEN('Raw Data'!E11)> 0),"",_xlfn.REGEXEXTRACT(CELL("address",'Raw Data'!E11),"\$([A-Z]+)\$[0-9]+"))),_xlfn.REGEXEXTRACT(CELL("address",'Raw Data'!E11),"\$([A-Z]+)\$[0-9]+"))} | F11: {=IFERROR(IF(OR('Raw Data'!F11="",LEN(TRIM('Raw Data'!F11))=0),"",IF(AND(LEN('Raw Data'!F11) <= 20,LEN('Raw Data'!F11)> 0),"",_xlfn.REGEXEXTRACT(CELL("address",'Raw Data'!F11),"\$([A-Z]+)\$[0-9]+"))),_xlfn.REGEXEXTRACT(CELL("address",'Raw Data'!F11),"\$([A-Z]+)\$[0-9]+"))} | G11: {=IFERROR(IF(OR('Raw Data'!G11="",LEN(TRIM('Raw Data'!G11))=0),"",IF(AND(LEN('Raw Data'!G11) <= 10,LEN('Raw Data'!G11)> 0),"",_xlfn.REGEXEXTRACT(CELL("address",'Raw Data'!G11),"\$([A-Z]+)\$[0-9]+"))),_xlfn.REGEXEXTRACT(CELL("address",'Raw Data'!G11),"\$([A-Z]+)\$[0-9]+"))} | H11: {=IFERROR(IF(OR('Raw Data'!H11="",LEN(TRIM('Raw Data'!H11))=0),"",IF(AND(LEN('Raw Data'!H11) <= 255,LEN('Raw Data'!H11)> 0),"",_xlfn.REGEXEXTRACT(CELL("address",'Raw Data'!H11),"\$([A-Z]+)\$[0-9]+"))),_xlfn.REGEXEXTRACT(CELL("address",'Raw Data'!H11),"\$([A-Z]+)\$[0-9]+"))} | I11: {=IFERROR(IF(OR('Raw Data'!I11="",LEN(TRIM('Raw Data'!I11))=0),"",IF(AND(LEN('Raw Data'!I11) <= 255,LEN('Raw Data'!I11)> 0),"",_xlfn.REGEXEXTRACT(CELL("address",'Raw Data'!I11),"\$([A-Z]+)\$[0-9]+"))),_xlfn.REGEXEXTRACT(CELL("address",'Raw Data'!I11),"\$([A-Z]+)\$[0-9]+"))} | J11: {=IFERROR(IF(OR('Raw Data'!J11="",LEN(TRIM('Raw Data'!J11))=0),"",IF(AND(LEN('Raw Data'!J11) <= 255,LEN('Raw Data'!J11)> 0),"",_xlfn.REGEXEXTRACT(CELL("address",'Raw Data'!J11),"\$([A-Z]+)\$[0-9]+"))),_xlfn.REGEXEXTRACT(CELL("address",'Raw Data'!J11),"\$([A-Z]+)\$[0-9]+"))} | K11: {=IFERROR(IF(OR('Raw Data'!K11="",LEN(TRIM('Raw Data'!K11))=0),"",IF(AND(LEN('Raw Data'!K11) <= 255,LEN('Raw Data'!K11)> 0),"",_xlfn.REGEXEXTRACT(CELL("address",'Raw Data'!K11),"\$([A-Z]+)\$[0-9]+"))),_xlfn.REGEXEXTRACT(CELL("address",'Raw Data'!K11),"\$([A-Z]+)\$[0-9]+"))} | L11: {=IFERROR(IF(OR('Raw Data'!L11="",LEN(TRIM('Raw Data'!L11))=0),"",IF(AND(LEN('Raw Data'!L11) <= 255,LEN('Raw Data'!L11)> 0),"",_xlfn.REGEXEXTRACT(CELL("address",'Raw Data'!L11),"\$([A-Z]+)\$[0-9]+"))),_xlfn.REGEXEXTRACT(CELL("address",'Raw Data'!L11),"\$([A-Z]+)\$[0-9]+"))} | M11: {=IFERROR(IF(OR('Raw Data'!M11="",LEN(TRIM('Raw Data'!M11))=0),"",IF(AND(LEN('Raw Data'!M11) <= 255,LEN('Raw Data'!M11)> 0),"",_xlfn.REGEXEXTRACT(CELL("address",'Raw Data'!M11),"\$([A-Z]+)\$[0-9]+"))),_xlfn.REGEXEXTRACT(CELL("address",'Raw Data'!M11),"\$([A-Z]+)\$[0-9]+"))} | N11: {=IFERROR(IF(OR('Raw Data'!N11="",LEN(TRIM('Raw Data'!N11))=0),"",IF(AND(LEN('Raw Data'!N11) <= 255,LEN('Raw Data'!N11)> 0),"",_xlfn.REGEXEXTRACT(CELL("address",'Raw Data'!N11),"\$([A-Z]+)\$[0-9]+"))),_xlfn.REGEXEXTRACT(CELL("address",'Raw Data'!N11),"\$([A-Z]+)\$[0-9]+"))} | O11: {=IFERROR(IF(OR('Raw Data'!O11="",LEN(TRIM('Raw Data'!O11))=0),"",IF(AND(LEN('Raw Data'!O11) <= 255,LEN('Raw Data'!O11)> 0),"",_xlfn.REGEXEXTRACT(CELL("address",'Raw Data'!O11),"\$([A-Z]+)\$[0-9]+"))),_xlfn.REGEXEXTRACT(CELL("address",'Raw Data'!O11),"\$([A-Z]+)\$[0-9]+"))} | P11: {=IFERROR(IF(OR('Raw Data'!P11="",LEN(TRIM('Raw Data'!P11))=0),"",IF(AND(LEN('Raw Data'!P11) <= 10,LEN('Raw Data'!P11)> 0),"",_xlfn.REGEXEXTRACT(CELL("address",'Raw Data'!P11),"\$([A-Z]+)\$[0-9]+"))),_xlfn.REGEXEXTRACT(CELL("address",'Raw Data'!P11),"\$([A-Z]+)\$[0-9]+"))} | Q11: {=IFERROR(IF(OR('Raw Data'!Q11="",LEN(TRIM('Raw Data'!Q11))=0),"",IF(AND(ISNUMBER('Raw Data'!Q11), IFERROR('Raw Data'!Q11 = ROUND('Raw Data'!Q11, 2),FALSE)),"",_xlfn.REGEXEXTRACT(CELL("address",Q11), "\$([A-Z]+)\$[0-9]+"))),_xlfn.REGEXEXTRACT(CELL("address",Q11), "\$([A-Z]+)\$[0-9]+"))} | R11: {=IFERROR(IF(OR('Raw Data'!R11="",LEN(TRIM('Raw Data'!R11))=0),"",IF(AND(ISNUMBER('Raw Data'!R11), IFERROR('Raw Data'!R11 = ROUND('Raw Data'!R11, 2),FALSE)),"",_xlfn.REGEXEXTRACT(CELL("address",R11), "\$([A-Z]+)\$[0-9]+"))),_xlfn.REGEXEXTRACT(CELL("address",R11), "\$([A-Z]+)\$[0-9]+"))} | S11: {=IFERROR(IF(OR('Raw Data'!S11="",LEN(TRIM('Raw Data'!S11))=0),"",IF(AND(ISNUMBER('Raw Data'!S11), IFERROR('Raw Data'!S11 = ROUND('Raw Data'!S11, 2),FALSE)),"",_xlfn.REGEXEXTRACT(CELL("address",S11), "\$([A-Z]+)\$[0-9]+"))),_xlfn.REGEXEXTRACT(CELL("address",S11), "\$([A-Z]+)\$[0-9]+"))} | T11: {=IFERROR(IF(OR('Raw Data'!T11="",LEN(TRIM('Raw Data'!T11))=0),"",IF(AND(ISNUMBER('Raw Data'!T11), IFERROR('Raw Data'!T11 = ROUND('Raw Data'!T11, 2),FALSE)),"",_xlfn.REGEXEXTRACT(CELL("address",T11), "\$([A-Z]+)\$[0-9]+"))),_xlfn.REGEXEXTRACT(CELL("address",T11), "\$([A-Z]+)\$[0-9]+"))} | U11: {=IFERROR(IF(OR('Raw Data'!U11="",LEN(TRIM('Raw Data'!U11))=0),"",IF(AND(ISNUMBER('Raw Data'!U11), IFERROR('Raw Data'!U11 = ROUND('Raw Data'!U11, 2),FALSE)),"",_xlfn.REGEXEXTRACT(CELL("address",U11), "\$([A-Z]+)\$[0-9]+"))),_xlfn.REGEXEXTRACT(CELL("address",U11), "\$([A-Z]+)\$[0-9]+"))} | V11: {=IFERROR(IF(OR('Raw Data'!V11="",LEN(TRIM('Raw Data'!V11))=0),"",IF(AND(ISNUMBER('Raw Data'!V11), IFERROR('Raw Data'!V11 = ROUND('Raw Data'!V11, 2),FALSE)),"",_xlfn.REGEXEXTRACT(CELL("address",V11), "\$([A-Z]+)\$[0-9]+"))),_xlfn.REGEXEXTRACT(CELL("address",V11), "\$([A-Z]+)\$[0-9]+"))} | W11: {=IFERROR(IF(OR('Raw Data'!W11="",LEN(TRIM('Raw Data'!W11))=0),"",IF(AND(ISNUMBER('Raw Data'!W11), IFERROR('Raw Data'!W11 = ROUND('Raw Data'!W11, 2),FALSE)),"",_xlfn.REGEXEXTRACT(CELL("address",W11), "\$([A-Z]+)\$[0-9]+"))),_xlfn.REGEXEXTRACT(CELL("address",W11), "\$([A-Z]+)\$[0-9]+"))} | X11: {=IFERROR(IF(OR('Raw Data'!X11="",LEN(TRIM('Raw Data'!X11))=0),"",IF(AND(ISNUMBER('Raw Data'!X11), IFERROR('Raw Data'!X11 = ROUND('Raw Data'!X11, 2),FALSE)),"",_xlfn.REGEXEXTRACT(CELL("address",X11), "\$([A-Z]+)\$[0-9]+"))),_xlfn.REGEXEXTRACT(CELL("address",X11), "\$([A-Z]+)\$[0-9]+"))} | Y11: {=IFERROR(IF(OR('Raw Data'!Y11="",LEN(TRIM('Raw Data'!Y11))=0),"",IF(AND(ISNUMBER('Raw Data'!Y11), IFERROR('Raw Data'!Y11 = ROUND('Raw Data'!Y11, 2),FALSE)),"",_xlfn.REGEXEXTRACT(CELL("address",Y11), "\$([A-Z]+)\$[0-9]+"))),_xlfn.REGEXEXTRACT(CELL("address",Y11), "\$([A-Z]+)\$[0-9]+"))}
B12: {=IFERROR(IF(OR('Raw Data'!B12="",LEN(TRIM('Raw Data'!B12))=0),"",IF(AND(LEN('Raw Data'!B12) <= 10,LEN('Raw Data'!B12)> 0),"",_xlfn.REGEXEXTRACT(CELL("address",'Raw Data'!B12),"\$([A-Z]+)\$[0-9]+"))),_xlfn.REGEXEXTRACT(CELL("address",'Raw Data'!B12),"\$([A-Z]+)\$[0-9]+"))} | C12: {=IFERROR(IF(OR('Raw Data'!C12="",LEN(TRIM('Raw Data'!C12))=0),"",IF(AND(LEN('Raw Data'!C12) <= 20,LEN('Raw Data'!C12)> 0),"",_xlfn.REGEXEXTRACT(CELL("address",'Raw Data'!C12),"\$([A-Z]+)\$[0-9]+"))),_xlfn.REGEXEXTRACT(CELL("address",'Raw Data'!C12),"\$([A-Z]+)\$[0-9]+"))} | D12: {=IFERROR(IF(OR('Raw Data'!D12="",LEN(TRIM('Raw Data'!D12))=0),"",IF(AND(LEN('Raw Data'!D12) <= 20,LEN('Raw Data'!D12)> 0),"",_xlfn.REGEXEXTRACT(CELL("address",'Raw Data'!D12),"\$([A-Z]+)\$[0-9]+"))),_xlfn.REGEXEXTRACT(CELL("address",'Raw Data'!D12),"\$([A-Z]+)\$[0-9]+"))} | E12: {=IFERROR(IF(OR('Raw Data'!E12="",LEN(TRIM('Raw Data'!E12))=0),"",IF(AND(LEN('Raw Data'!E12) <= 20,LEN('Raw Data'!E12)> 0),"",_xlfn.REGEXEXTRACT(CELL("address",'Raw Data'!E12),"\$([A-Z]+)\$[0-9]+"))),_xlfn.REGEXEXTRACT(CELL("address",'Raw Data'!E12),"\$([A-Z]+)\$[0-9]+"))} | F12: {=IFERROR(IF(OR('Raw Data'!F12="",LEN(TRIM('Raw Data'!F12))=0),"",IF(AND(LEN('Raw Data'!F12) <= 20,LEN('Raw Data'!F12)> 0),"",_xlfn.REGEXEXTRACT(CELL("address",'Raw Data'!F12),"\$([A-Z]+)\$[0-9]+"))),_xlfn.REGEXEXTRACT(CELL("address",'Raw Data'!F12),"\$([A-Z]+)\$[0-9]+"))} | G12: {=IFERROR(IF(OR('Raw Data'!G12="",LEN(TRIM('Raw Data'!G12))=0),"",IF(AND(LEN('Raw Data'!G12) <= 10,LEN('Raw Data'!G12)> 0),"",_xlfn.REGEXEXTRACT(CELL("address",'Raw Data'!G12),"\$([A-Z]+)\$[0-9]+"))),_xlfn.REGEXEXTRACT(CELL("address",'Raw Data'!G12),"\$([A-Z]+)\$[0-9]+"))} | H12: {=IFERROR(IF(OR('Raw Data'!H12="",LEN(TRIM('Raw Data'!H12))=0),"",IF(AND(LEN('Raw Data'!H12) <= 255,LEN('Raw Data'!H12)> 0),"",_xlfn.REGEXEXTRACT(CELL("address",'Raw Data'!H12),"\$([A-Z]+)\$[0-9]+"))),_xlfn.REGEXEXTRACT(CELL("address",'Raw Data'!H12),"\$([A-Z]+)\$[0-9]+"))} | I12: {=IFERROR(IF(OR('Raw Data'!I12="",LEN(TRIM('Raw Data'!I12))=0),"",IF(AND(LEN('Raw Data'!I12) <= 255,LEN('Raw Data'!I12)> 0),"",_xlfn.REGEXEXTRACT(CELL("address",'Raw Data'!I12),"\$([A-Z]+)\$[0-9]+"))),_xlfn.REGEXEXTRACT(CELL("address",'Raw Data'!I12),"\$([A-Z]+)\$[0-9]+"))} | J12: {=IFERROR(IF(OR('Raw Data'!J12="",LEN(TRIM('Raw Data'!J12))=0),"",IF(AND(LEN('Raw Data'!J12) <= 255,LEN('Raw Data'!J12)> 0),"",_xlfn.REGEXEXTRACT(CELL("address",'Raw Data'!J12),"\$([A-Z]+)\$[0-9]+"))),_xlfn.REGEXEXTRACT(CELL("address",'Raw Data'!J12),"\$([A-Z]+)\$[0-9]+"))} | K12: {=IFERROR(IF(OR('Raw Data'!K12="",LEN(TRIM('Raw Data'!K12))=0),"",IF(AND(LEN('Raw Data'!K12) <= 255,LEN('Raw Data'!K12)> 0),"",_xlfn.REGEXEXTRACT(CELL("address",'Raw Data'!K12),"\$([A-Z]+)\$[0-9]+"))),_xlfn.REGEXEXTRACT(CELL("address",'Raw Data'!K12),"\$([A-Z]+)\$[0-9]+"))} | L12: {=IFERROR(IF(OR('Raw Data'!L12="",LEN(TRIM('Raw Data'!L12))=0),"",IF(AND(LEN('Raw Data'!L12) <= 255,LEN('Raw Data'!L12)> 0),"",_xlfn.REGEXEXTRACT(CELL("address",'Raw Data'!L12),"\$([A-Z]+)\$[0-9]+"))),_xlfn.REGEXEXTRACT(CELL("address",'Raw Data'!L12),"\$([A-Z]+)\$[0-9]+"))} | M12: {=IFERROR(IF(OR('Raw Data'!M12="",LEN(TRIM('Raw Data'!M12))=0),"",IF(AND(LEN('Raw Data'!M12) <= 255,LEN('Raw Data'!M12)> 0),"",_xlfn.REGEXEXTRACT(CELL("address",'Raw Data'!M12),"\$([A-Z]+)\$[0-9]+"))),_xlfn.REGEXEXTRACT(CELL("address",'Raw Data'!M12),"\$([A-Z]+)\$[0-9]+"))} | N12: {=IFERROR(IF(OR('Raw Data'!N12="",LEN(TRIM('Raw Data'!N12))=0),"",IF(AND(LEN('Raw Data'!N12) <= 255,LEN('Raw Data'!N12)> 0),"",_xlfn.REGEXEXTRACT(CELL("address",'Raw Data'!N12),"\$([A-Z]+)\$[0-9]+"))),_xlfn.REGEXEXTRACT(CELL("address",'Raw Data'!N12),"\$([A-Z]+)\$[0-9]+"))} | O12: {=IFERROR(IF(OR('Raw Data'!O12="",LEN(TRIM('Raw Data'!O12))=0),"",IF(AND(LEN('Raw Data'!O12) <= 255,LEN('Raw Data'!O12)> 0),"",_xlfn.REGEXEXTRACT(CELL("address",'Raw Data'!O12),"\$([A-Z]+)\$[0-9]+"))),_xlfn.REGEXEXTRACT(CELL("address",'Raw Data'!O12),"\$([A-Z]+)\$[0-9]+"))} | P12: {=IFERROR(IF(OR('Raw Data'!P12="",LEN(TRIM('Raw Data'!P12))=0),"",IF(AND(LEN('Raw Data'!P12) <= 10,LEN('Raw Data'!P12)> 0),"",_xlfn.REGEXEXTRACT(CELL("address",'Raw Data'!P12),"\$([A-Z]+)\$[0-9]+"))),_xlfn.REGEXEXTRACT(CELL("address",'Raw Data'!P12),"\$([A-Z]+)\$[0-9]+"))} | Q12: {=IFERROR(IF(OR('Raw Data'!Q12="",LEN(TRIM('Raw Data'!Q12))=0),"",IF(AND(ISNUMBER('Raw Data'!Q12), IFERROR('Raw Data'!Q12 = ROUND('Raw Data'!Q12, 2),FALSE)),"",_xlfn.REGEXEXTRACT(CELL("address",Q12), "\$([A-Z]+)\$[0-9]+"))),_xlfn.REGEXEXTRACT(CELL("address",Q12), "\$([A-Z]+)\$[0-9]+"))} | R12: {=IFERROR(IF(OR('Raw Data'!R12="",LEN(TRIM('Raw Data'!R12))=0),"",IF(AND(ISNUMBER('Raw Data'!R12), IFERROR('Raw Data'!R12 = ROUND('Raw Data'!R12, 2),FALSE)),"",_xlfn.REGEXEXTRACT(CELL("address",R12), "\$([A-Z]+)\$[0-9]+"))),_xlfn.REGEXEXTRACT(CELL("address",R12), "\$([A-Z]+)\$[0-9]+"))} | S12: {=IFERROR(IF(OR('Raw Data'!S12="",LEN(TRIM('Raw Data'!S12))=0),"",IF(AND(ISNUMBER('Raw Data'!S12), IFERROR('Raw Data'!S12 = ROUND('Raw Data'!S12, 2),FALSE)),"",_xlfn.REGEXEXTRACT(CELL("address",S12), "\$([A-Z]+)\$[0-9]+"))),_xlfn.REGEXEXTRACT(CELL("address",S12), "\$([A-Z]+)\$[0-9]+"))} | T12: {=IFERROR(IF(OR('Raw Data'!T12="",LEN(TRIM('Raw Data'!T12))=0),"",IF(AND(ISNUMBER('Raw Data'!T12), IFERROR('Raw Data'!T12 = ROUND('Raw Data'!T12, 2),FALSE)),"",_xlfn.REGEXEXTRACT(CELL("address",T12), "\$([A-Z]+)\$[0-9]+"))),_xlfn.REGEXEXTRACT(CELL("address",T12), "\$([A-Z]+)\$[0-9]+"))} | U12: {=IFERROR(IF(OR('Raw Data'!U12="",LEN(TRIM('Raw Data'!U12))=0),"",IF(AND(ISNUMBER('Raw Data'!U12), IFERROR('Raw Data'!U12 = ROUND('Raw Data'!U12, 2),FALSE)),"",_xlfn.REGEXEXTRACT(CELL("address",U12), "\$([A-Z]+)\$[0-9]+"))),_xlfn.REGEXEXTRACT(CELL("address",U12), "\$([A-Z]+)\$[0-9]+"))} | V12: {=IFERROR(IF(OR('Raw Data'!V12="",LEN(TRIM('Raw Data'!V12))=0),"",IF(AND(ISNUMBER('Raw Data'!V12), IFERROR('Raw Data'!V12 = ROUND('Raw Data'!V12, 2),FALSE)),"",_xlfn.REGEXEXTRACT(CELL("address",V12), "\$([A-Z]+)\$[0-9]+"))),_xlfn.REGEXEXTRACT(CELL("address",V12), "\$([A-Z]+)\$[0-9]+"))} | W12: {=IFERROR(IF(OR('Raw Data'!W12="",LEN(TRIM('Raw Data'!W12))=0),"",IF(AND(ISNUMBER('Raw Data'!W12), IFERROR('Raw Data'!W12 = ROUND('Raw Data'!W12, 2),FALSE)),"",_xlfn.REGEXEXTRACT(CELL("address",W12), "\$([A-Z]+)\$[0-9]+"))),_xlfn.REGEXEXTRACT(CELL("address",W12), "\$([A-Z]+)\$[0-9]+"))} | X12: {=IFERROR(IF(OR('Raw Data'!X12="",LEN(TRIM('Raw Data'!X12))=0),"",IF(AND(ISNUMBER('Raw Data'!X12), IFERROR('Raw Data'!X12 = ROUND('Raw Data'!X12, 2),FALSE)),"",_xlfn.REGEXEXTRACT(CELL("address",X12), "\$([A-Z]+)\$[0-9]+"))),_xlfn.REGEXEXTRACT(CELL("address",X12), "\$([A-Z]+)\$[0-9]+"))} | Y12: {=IFERROR(IF(OR('Raw Data'!Y12="",LEN(TRIM('Raw Data'!Y12))=0),"",IF(AND(ISNUMBER('Raw Data'!Y12), IFERROR('Raw Data'!Y12 = ROUND('Raw Data'!Y12, 2),FALSE)),"",_xlfn.REGEXEXTRACT(CELL("address",Y12), "\$([A-Z]+)\$[0-9]+"))),_xlfn.REGEXEXTRACT(CELL("address",Y12), "\$([A-Z]+)\$[0-9]+"))}
B13: {=IFERROR(IF(OR('Raw Data'!B13="",LEN(TRIM('Raw Data'!B13))=0),"",IF(AND(LEN('Raw Data'!B13) <= 10,LEN('Raw Data'!B13)> 0),"",_xlfn.REGEXEXTRACT(CELL("address",'Raw Data'!B13),"\$([A-Z]+)\$[0-9]+"))),_xlfn.REGEXEXTRACT(CELL("address",'Raw Data'!B13),"\$([A-Z]+)\$[0-9]+"))} | C13: {=IFERROR(IF(OR('Raw Data'!C13="",LEN(TRIM('Raw Data'!C13))=0),"",IF(AND(LEN('Raw Data'!C13) <= 20,LEN('Raw Data'!C13)> 0),"",_xlfn.REGEXEXTRACT(CELL("address",'Raw Data'!C13),"\$([A-Z]+)\$[0-9]+"))),_xlfn.REGEXEXTRACT(CELL("address",'Raw Data'!C13),"\$([A-Z]+)\$[0-9]+"))} | D13: {=IFERROR(IF(OR('Raw Data'!D13="",LEN(TRIM('Raw Data'!D13))=0),"",IF(AND(LEN('Raw Data'!D13) <= 20,LEN('Raw Data'!D13)> 0),"",_xlfn.REGEXEXTRACT(CELL("address",'Raw Data'!D13),"\$([A-Z]+)\$[0-9]+"))),_xlfn.REGEXEXTRACT(CELL("address",'Raw Data'!D13),"\$([A-Z]+)\$[0-9]+"))} | E13: {=IFERROR(IF(OR('Raw Data'!E13="",LEN(TRIM('Raw Data'!E13))=0),"",IF(AND(LEN('Raw Data'!E13) <= 20,LEN('Raw Data'!E13)> 0),"",_xlfn.REGEXEXTRACT(CELL("address",'Raw Data'!E13),"\$([A-Z]+)\$[0-9]+"))),_xlfn.REGEXEXTRACT(CELL("address",'Raw Data'!E13),"\$([A-Z]+)\$[0-9]+"))} | F13: {=IFERROR(IF(OR('Raw Data'!F13="",LEN(TRIM('Raw Data'!F13))=0),"",IF(AND(LEN('Raw Data'!F13) <= 20,LEN('Raw Data'!F13)> 0),"",_xlfn.REGEXEXTRACT(CELL("address",'Raw Data'!F13),"\$([A-Z]+)\$[0-9]+"))),_xlfn.REGEXEXTRACT(CELL("address",'Raw Data'!F13),"\$([A-Z]+)\$[0-9]+"))} | G13: {=IFERROR(IF(OR('Raw Data'!G13="",LEN(TRIM('Raw Data'!G13))=0),"",IF(AND(LEN('Raw Data'!G13) <= 10,LEN('Raw Data'!G13)> 0),"",_xlfn.REGEXEXTRACT(CELL("address",'Raw Data'!G13),"\$([A-Z]+)\$[0-9]+"))),_xlfn.REGEXEXTRACT(CELL("address",'Raw Data'!G13),"\$([A-Z]+)\$[0-9]+"))} | H13: {=IFERROR(IF(OR('Raw Data'!H13="",LEN(TRIM('Raw Data'!H13))=0),"",IF(AND(LEN('Raw Data'!H13) <= 255,LEN('Raw Data'!H13)> 0),"",_xlfn.REGEXEXTRACT(CELL("address",'Raw Data'!H13),"\$([A-Z]+)\$[0-9]+"))),_xlfn.REGEXEXTRACT(CELL("address",'Raw Data'!H13),"\$([A-Z]+)\$[0-9]+"))} | I13: {=IFERROR(IF(OR('Raw Data'!I13="",LEN(TRIM('Raw Data'!I13))=0),"",IF(AND(LEN('Raw Data'!I13) <= 255,LEN('Raw Data'!I13)> 0),"",_xlfn.REGEXEXTRACT(CELL("address",'Raw Data'!I13),"\$([A-Z]+)\$[0-9]+"))),_xlfn.REGEXEXTRACT(CELL("address",'Raw Data'!I13),"\$([A-Z]+)\$[0-9]+"))} | J13: {=IFERROR(IF(OR('Raw Data'!J13="",LEN(TRIM('Raw Data'!J13))=0),"",IF(AND(LEN('Raw Data'!J13) <= 255,LEN('Raw Data'!J13)> 0),"",_xlfn.REGEXEXTRACT(CELL("address",'Raw Data'!J13),"\$([A-Z]+)\$[0-9]+"))),_xlfn.REGEXEXTRACT(CELL("address",'Raw Data'!J13),"\$([A-Z]+)\$[0-9]+"))} | K13: {=IFERROR(IF(OR('Raw Data'!K13="",LEN(TRIM('Raw Data'!K13))=0),"",IF(AND(LEN('Raw Data'!K13) <= 255,LEN('Raw Data'!K13)> 0),"",_xlfn.REGEXEXTRACT(CELL("address",'Raw Data'!K13),"\$([A-Z]+)\$[0-9]+"))),_xlfn.REGEXEXTRACT(CELL("address",'Raw Data'!K13),"\$([A-Z]+)\$[0-9]+"))} | L13: {=IFERROR(IF(OR('Raw Data'!L13="",LEN(TRIM('Raw Data'!L13))=0),"",IF(AND(LEN('Raw Data'!L13) <= 255,LEN('Raw Data'!L13)> 0),"",_xlfn.REGEXEXTRACT(CELL("address",'Raw Data'!L13),"\$([A-Z]+)\$[0-9]+"))),_xlfn.REGEXEXTRACT(CELL("address",'Raw Data'!L13),"\$([A-Z]+)\$[0-9]+"))} | M13: {=IFERROR(IF(OR('Raw Data'!M13="",LEN(TRIM('Raw Data'!M13))=0),"",IF(AND(LEN('Raw Data'!M13) <= 255,LEN('Raw Data'!M13)> 0),"",_xlfn.REGEXEXTRACT(CELL("address",'Raw Data'!M13),"\$([A-Z]+)\$[0-9]+"))),_xlfn.REGEXEXTRACT(CELL("address",'Raw Data'!M13),"\$([A-Z]+)\$[0-9]+"))} | N13: {=IFERROR(IF(OR('Raw Data'!N13="",LEN(TRIM('Raw Data'!N13))=0),"",IF(AND(LEN('Raw Data'!N13) <= 255,LEN('Raw Data'!N13)> 0),"",_xlfn.REGEXEXTRACT(CELL("address",'Raw Data'!N13),"\$([A-Z]+)\$[0-9]+"))),_xlfn.REGEXEXTRACT(CELL("address",'Raw Data'!N13),"\$([A-Z]+)\$[0-9]+"))} | O13: {=IFERROR(IF(OR('Raw Data'!O13="",LEN(TRIM('Raw Data'!O13))=0),"",IF(AND(LEN('Raw Data'!O13) <= 255,LEN('Raw Data'!O13)> 0),"",_xlfn.REGEXEXTRACT(CELL("address",'Raw Data'!O13),"\$([A-Z]+)\$[0-9]+"))),_xlfn.REGEXEXTRACT(CELL("address",'Raw Data'!O13),"\$([A-Z]+)\$[0-9]+"))} | P13: {=IFERROR(IF(OR('Raw Data'!P13="",LEN(TRIM('Raw Data'!P13))=0),"",IF(AND(LEN('Raw Data'!P13) <= 10,LEN('Raw Data'!P13)> 0),"",_xlfn.REGEXEXTRACT(CELL("address",'Raw Data'!P13),"\$([A-Z]+)\$[0-9]+"))),_xlfn.REGEXEXTRACT(CELL("address",'Raw Data'!P13),"\$([A-Z]+)\$[0-9]+"))} | Q13: {=IFERROR(IF(OR('Raw Data'!Q13="",LEN(TRIM('Raw Data'!Q13))=0),"",IF(AND(ISNUMBER('Raw Data'!Q13), IFERROR('Raw Data'!Q13 = ROUND('Raw Data'!Q13, 2),FALSE)),"",_xlfn.REGEXEXTRACT(CELL("address",Q13), "\$([A-Z]+)\$[0-9]+"))),_xlfn.REGEXEXTRACT(CELL("address",Q13), "\$([A-Z]+)\$[0-9]+"))} | R13: {=IFERROR(IF(OR('Raw Data'!R13="",LEN(TRIM('Raw Data'!R13))=0),"",IF(AND(ISNUMBER('Raw Data'!R13), IFERROR('Raw Data'!R13 = ROUND('Raw Data'!R13, 2),FALSE)),"",_xlfn.REGEXEXTRACT(CELL("address",R13), "\$([A-Z]+)\$[0-9]+"))),_xlfn.REGEXEXTRACT(CELL("address",R13), "\$([A-Z]+)\$[0-9]+"))} | S13: {=IFERROR(IF(OR('Raw Data'!S13="",LEN(TRIM('Raw Data'!S13))=0),"",IF(AND(ISNUMBER('Raw Data'!S13), IFERROR('Raw Data'!S13 = ROUND('Raw Data'!S13, 2),FALSE)),"",_xlfn.REGEXEXTRACT(CELL("address",S13), "\$([A-Z]+)\$[0-9]+"))),_xlfn.REGEXEXTRACT(CELL("address",S13), "\$([A-Z]+)\$[0-9]+"))} | T13: {=IFERROR(IF(OR('Raw Data'!T13="",LEN(TRIM('Raw Data'!T13))=0),"",IF(AND(ISNUMBER('Raw Data'!T13), IFERROR('Raw Data'!T13 = ROUND('Raw Data'!T13, 2),FALSE)),"",_xlfn.REGEXEXTRACT(CELL("address",T13), "\$([A-Z]+)\$[0-9]+"))),_xlfn.REGEXEXTRACT(CELL("address",T13), "\$([A-Z]+)\$[0-9]+"))} | U13: {=IFERROR(IF(OR('Raw Data'!U13="",LEN(TRIM('Raw Data'!U13))=0),"",IF(AND(ISNUMBER('Raw Data'!U13), IFERROR('Raw Data'!U13 = ROUND('Raw Data'!U13, 2),FALSE)),"",_xlfn.REGEXEXTRACT(CELL("address",U13), "\$([A-Z]+)\$[0-9]+"))),_xlfn.REGEXEXTRACT(CELL("address",U13), "\$([A-Z]+)\$[0-9]+"))} | V13: {=IFERROR(IF(OR('Raw Data'!V13="",LEN(TRIM('Raw Data'!V13))=0),"",IF(AND(ISNUMBER('Raw Data'!V13), IFERROR('Raw Data'!V13 = ROUND('Raw Data'!V13, 2),FALSE)),"",_xlfn.REGEXEXTRACT(CELL("address",V13), "\$([A-Z]+)\$[0-9]+"))),_xlfn.REGEXEXTRACT(CELL("address",V13), "\$([A-Z]+)\$[0-9]+"))} | W13: {=IFERROR(IF(OR('Raw Data'!W13="",LEN(TRIM('Raw Data'!W13))=0),"",IF(AND(ISNUMBER('Raw Data'!W13), IFERROR('Raw Data'!W13 = ROUND('Raw Data'!W13, 2),FALSE)),"",_xlfn.REGEXEXTRACT(CELL("address",W13), "\$([A-Z]+)\$[0-9]+"))),_xlfn.REGEXEXTRACT(CELL("address",W13), "\$([A-Z]+)\$[0-9]+"))} | X13: {=IFERROR(IF(OR('Raw Data'!X13="",LEN(TRIM('Raw Data'!X13))=0),"",IF(AND(ISNUMBER('Raw Data'!X13), IFERROR('Raw Data'!X13 = ROUND('Raw Data'!X13, 2),FALSE)),"",_xlfn.REGEXEXTRACT(CELL("address",X13), "\$([A-Z]+)\$[0-9]+"))),_xlfn.REGEXEXTRACT(CELL("address",X13), "\$([A-Z]+)\$[0-9]+"))} | Y13: {=IFERROR(IF(OR('Raw Data'!Y13="",LEN(TRIM('Raw Data'!Y13))=0),"",IF(AND(ISNUMBER('Raw Data'!Y13), IFERROR('Raw Data'!Y13 = ROUND('Raw Data'!Y13, 2),FALSE)),"",_xlfn.REGEXEXTRACT(CELL("address",Y13), "\$([A-Z]+)\$[0-9]+"))),_xlfn.REGEXEXTRACT(CELL("address",Y13), "\$([A-Z]+)\$[0-9]+"))}
B14: {=IFERROR(IF(OR('Raw Data'!B14="",LEN(TRIM('Raw Data'!B14))=0),"",IF(AND(LEN('Raw Data'!B14) <= 10,LEN('Raw Data'!B14)> 0),"",_xlfn.REGEXEXTRACT(CELL("address",'Raw Data'!B14),"\$([A-Z]+)\$[0-9]+"))),_xlfn.REGEXEXTRACT(CELL("address",'Raw Data'!B14),"\$([A-Z]+)\$[0-9]+"))} | C14: {=IFERROR(IF(OR('Raw Data'!C14="",LEN(TRIM('Raw Data'!C14))=0),"",IF(AND(LEN('Raw Data'!C14) <= 20,LEN('Raw Data'!C14)> 0),"",_xlfn.REGEXEXTRACT(CELL("address",'Raw Data'!C14),"\$([A-Z]+)\$[0-9]+"))),_xlfn.REGEXEXTRACT(CELL("address",'Raw Data'!C14),"\$([A-Z]+)\$[0-9]+"))} | D14: {=IFERROR(IF(OR('Raw Data'!D14="",LEN(TRIM('Raw Data'!D14))=0),"",IF(AND(LEN('Raw Data'!D14) <= 20,LEN('Raw Data'!D14)> 0),"",_xlfn.REGEXEXTRACT(CELL("address",'Raw Data'!D14),"\$([A-Z]+)\$[0-9]+"))),_xlfn.REGEXEXTRACT(CELL("address",'Raw Data'!D14),"\$([A-Z]+)\$[0-9]+"))} | E14: {=IFERROR(IF(OR('Raw Data'!E14="",LEN(TRIM('Raw Data'!E14))=0),"",IF(AND(LEN('Raw Data'!E14) <= 20,LEN('Raw Data'!E14)> 0),"",_xlfn.REGEXEXTRACT(CELL("address",'Raw Data'!E14),"\$([A-Z]+)\$[0-9]+"))),_xlfn.REGEXEXTRACT(CELL("address",'Raw Data'!E14),"\$([A-Z]+)\$[0-9]+"))} | F14: {=IFERROR(IF(OR('Raw Data'!F14="",LEN(TRIM('Raw Data'!F14))=0),"",IF(AND(LEN('Raw Data'!F14) <= 20,LEN('Raw Data'!F14)> 0),"",_xlfn.REGEXEXTRACT(CELL("address",'Raw Data'!F14),"\$([A-Z]+)\$[0-9]+"))),_xlfn.REGEXEXTRACT(CELL("address",'Raw Data'!F14),"\$([A-Z]+)\$[0-9]+"))} | G14: {=IFERROR(IF(OR('Raw Data'!G14="",LEN(TRIM('Raw Data'!G14))=0),"",IF(AND(LEN('Raw Data'!G14) <= 10,LEN('Raw Data'!G14)> 0),"",_xlfn.REGEXEXTRACT(CELL("address",'Raw Data'!G14),"\$([A-Z]+)\$[0-9]+"))),_xlfn.REGEXEXTRACT(CELL("address",'Raw Data'!G14),"\$([A-Z]+)\$[0-9]+"))} | H14: {=IFERROR(IF(OR('Raw Data'!H14="",LEN(TRIM('Raw Data'!H14))=0),"",IF(AND(LEN('Raw Data'!H14) <= 255,LEN('Raw Data'!H14)> 0),"",_xlfn.REGEXEXTRACT(CELL("address",'Raw Data'!H14),"\$([A-Z]+)\$[0-9]+"))),_xlfn.REGEXEXTRACT(CELL("address",'Raw Data'!H14),"\$([A-Z]+)\$[0-9]+"))} | I14: {=IFERROR(IF(OR('Raw Data'!I14="",LEN(TRIM('Raw Data'!I14))=0),"",IF(AND(LEN('Raw Data'!I14) <= 255,LEN('Raw Data'!I14)> 0),"",_xlfn.REGEXEXTRACT(CELL("address",'Raw Data'!I14),"\$([A-Z]+)\$[0-9]+"))),_xlfn.REGEXEXTRACT(CELL("address",'Raw Data'!I14),"\$([A-Z]+)\$[0-9]+"))} | J14: {=IFERROR(IF(OR('Raw Data'!J14="",LEN(TRIM('Raw Data'!J14))=0),"",IF(AND(LEN('Raw Data'!J14) <= 255,LEN('Raw Data'!J14)> 0),"",_xlfn.REGEXEXTRACT(CELL("address",'Raw Data'!J14),"\$([A-Z]+)\$[0-9]+"))),_xlfn.REGEXEXTRACT(CELL("address",'Raw Data'!J14),"\$([A-Z]+)\$[0-9]+"))} | K14: {=IFERROR(IF(OR('Raw Data'!K14="",LEN(TRIM('Raw Data'!K14))=0),"",IF(AND(LEN('Raw Data'!K14) <= 255,LEN('Raw Data'!K14)> 0),"",_xlfn.REGEXEXTRACT(CELL("address",'Raw Data'!K14),"\$([A-Z]+)\$[0-9]+"))),_xlfn.REGEXEXTRACT(CELL("address",'Raw Data'!K14),"\$([A-Z]+)\$[0-9]+"))} | L14: {=IFERROR(IF(OR('Raw Data'!L14="",LEN(TRIM('Raw Data'!L14))=0),"",IF(AND(LEN('Raw Data'!L14) <= 255,LEN('Raw Data'!L14)> 0),"",_xlfn.REGEXEXTRACT(CELL("address",'Raw Data'!L14),"\$([A-Z]+)\$[0-9]+"))),_xlfn.REGEXEXTRACT(CELL("address",'Raw Data'!L14),"\$([A-Z]+)\$[0-9]+"))} | M14: {=IFERROR(IF(OR('Raw Data'!M14="",LEN(TRIM('Raw Data'!M14))=0),"",IF(AND(LEN('Raw Data'!M14) <= 255,LEN('Raw Data'!M14)> 0),"",_xlfn.REGEXEXTRACT(CELL("address",'Raw Data'!M14),"\$([A-Z]+)\$[0-9]+"))),_xlfn.REGEXEXTRACT(CELL("address",'Raw Data'!M14),"\$([A-Z]+)\$[0-9]+"))} | N14: {=IFERROR(IF(OR('Raw Data'!N14="",LEN(TRIM('Raw Data'!N14))=0),"",IF(AND(LEN('Raw Data'!N14) <= 255,LEN('Raw Data'!N14)> 0),"",_xlfn.REGEXEXTRACT(CELL("address",'Raw Data'!N14),"\$([A-Z]+)\$[0-9]+"))),_xlfn.REGEXEXTRACT(CELL("address",'Raw Data'!N14),"\$([A-Z]+)\$[0-9]+"))} | O14: {=IFERROR(IF(OR('Raw Data'!O14="",LEN(TRIM('Raw Data'!O14))=0),"",IF(AND(LEN('Raw Data'!O14) <= 255,LEN('Raw Data'!O14)> 0),"",_xlfn.REGEXEXTRACT(CELL("address",'Raw Data'!O14),"\$([A-Z]+)\$[0-9]+"))),_xlfn.REGEXEXTRACT(CELL("address",'Raw Data'!O14),"\$([A-Z]+)\$[0-9]+"))} | P14: {=IFERROR(IF(OR('Raw Data'!P14="",LEN(TRIM('Raw Data'!P14))=0),"",IF(AND(LEN('Raw Data'!P14) <= 10,LEN('Raw Data'!P14)> 0),"",_xlfn.REGEXEXTRACT(CELL("address",'Raw Data'!P14),"\$([A-Z]+)\$[0-9]+"))),_xlfn.REGEXEXTRACT(CELL("address",'Raw Data'!P14),"\$([A-Z]+)\$[0-9]+"))} | Q14: {=IFERROR(IF(OR('Raw Data'!Q14="",LEN(TRIM('Raw Data'!Q14))=0),"",IF(AND(ISNUMBER('Raw Data'!Q14), IFERROR('Raw Data'!Q14 = ROUND('Raw Data'!Q14, 2),FALSE)),"",_xlfn.REGEXEXTRACT(CELL("address",Q14), "\$([A-Z]+)\$[0-9]+"))),_xlfn.REGEXEXTRACT(CELL("address",Q14), "\$([A-Z]+)\$[0-9]+"))} | R14: {=IFERROR(IF(OR('Raw Data'!R14="",LEN(TRIM('Raw Data'!R14))=0),"",IF(AND(ISNUMBER('Raw Data'!R14), IFERROR('Raw Data'!R14 = ROUND('Raw Data'!R14, 2),FALSE)),"",_xlfn.REGEXEXTRACT(CELL("address",R14), "\$([A-Z]+)\$[0-9]+"))),_xlfn.REGEXEXTRACT(CELL("address",R14), "\$([A-Z]+)\$[0-9]+"))} | S14: {=IFERROR(IF(OR('Raw Data'!S14="",LEN(TRIM('Raw Data'!S14))=0),"",IF(AND(ISNUMBER('Raw Data'!S14), IFERROR('Raw Data'!S14 = ROUND('Raw Data'!S14, 2),FALSE)),"",_xlfn.REGEXEXTRACT(CELL("address",S14), "\$([A-Z]+)\$[0-9]+"))),_xlfn.REGEXEXTRACT(CELL("address",S14), "\$([A-Z]+)\$[0-9]+"))} | T14: {=IFERROR(IF(OR('Raw Data'!T14="",LEN(TRIM('Raw Data'!T14))=0),"",IF(AND(ISNUMBER('Raw Data'!T14), IFERROR('Raw Data'!T14 = ROUND('Raw Data'!T14, 2),FALSE)),"",_xlfn.REGEXEXTRACT(CELL("address",T14), "\$([A-Z]+)\$[0-9]+"))),_xlfn.REGEXEXTRACT(CELL("address",T14), "\$([A-Z]+)\$[0-9]+"))} | U14: {=IFERROR(IF(OR('Raw Data'!U14="",LEN(TRIM('Raw Data'!U14))=0),"",IF(AND(ISNUMBER('Raw Data'!U14), IFERROR('Raw Data'!U14 = ROUND('Raw Data'!U14, 2),FALSE)),"",_xlfn.REGEXEXTRACT(CELL("address",U14), "\$([A-Z]+)\$[0-9]+"))),_xlfn.REGEXEXTRACT(CELL("address",U14), "\$([A-Z]+)\$[0-9]+"))} | V14: {=IFERROR(IF(OR('Raw Data'!V14="",LEN(TRIM('Raw Data'!V14))=0),"",IF(AND(ISNUMBER('Raw Data'!V14), IFERROR('Raw Data'!V14 = ROUND('Raw Data'!V14, 2),FALSE)),"",_xlfn.REGEXEXTRACT(CELL("address",V14), "\$([A-Z]+)\$[0-9]+"))),_xlfn.REGEXEXTRACT(CELL("address",V14), "\$([A-Z]+)\$[0-9]+"))} | W14: {=IFERROR(IF(OR('Raw Data'!W14="",LEN(TRIM('Raw Data'!W14))=0),"",IF(AND(ISNUMBER('Raw Data'!W14), IFERROR('Raw Data'!W14 = ROUND('Raw Data'!W14, 2),FALSE)),"",_xlfn.REGEXEXTRACT(CELL("address",W14), "\$([A-Z]+)\$[0-9]+"))),_xlfn.REGEXEXTRACT(CELL("address",W14), "\$([A-Z]+)\$[0-9]+"))} | X14: {=IFERROR(IF(OR('Raw Data'!X14="",LEN(TRIM('Raw Data'!X14))=0),"",IF(AND(ISNUMBER('Raw Data'!X14), IFERROR('Raw Data'!X14 = ROUND('Raw Data'!X14, 2),FALSE)),"",_xlfn.REGEXEXTRACT(CELL("address",X14), "\$([A-Z]+)\$[0-9]+"))),_xlfn.REGEXEXTRACT(CELL("address",X14), "\$([A-Z]+)\$[0-9]+"))} | Y14: {=IFERROR(IF(OR('Raw Data'!Y14="",LEN(TRIM('Raw Data'!Y14))=0),"",IF(AND(ISNUMBER('Raw Data'!Y14), IFERROR('Raw Data'!Y14 = ROUND('Raw Data'!Y14, 2),FALSE)),"",_xlfn.REGEXEXTRACT(CELL("address",Y14), "\$([A-Z]+)\$[0-9]+"))),_xlfn.REGEXEXTRACT(CELL("address",Y14), "\$([A-Z]+)\$[0-9]+"))}
B15: {=IFERROR(IF(OR('Raw Data'!B15="",LEN(TRIM('Raw Data'!B15))=0),"",IF(AND(LEN('Raw Data'!B15) <= 10,LEN('Raw Data'!B15)> 0),"",_xlfn.REGEXEXTRACT(CELL("address",'Raw Data'!B15),"\$([A-Z]+)\$[0-9]+"))),_xlfn.REGEXEXTRACT(CELL("address",'Raw Data'!B15),"\$([A-Z]+)\$[0-9]+"))} | C15: {=IFERROR(IF(OR('Raw Data'!C15="",LEN(TRIM('Raw Data'!C15))=0),"",IF(AND(LEN('Raw Data'!C15) <= 20,LEN('Raw Data'!C15)> 0),"",_xlfn.REGEXEXTRACT(CELL("address",'Raw Data'!C15),"\$([A-Z]+)\$[0-9]+"))),_xlfn.REGEXEXTRACT(CELL("address",'Raw Data'!C15),"\$([A-Z]+)\$[0-9]+"))} | D15: {=IFERROR(IF(OR('Raw Data'!D15="",LEN(TRIM('Raw Data'!D15))=0),"",IF(AND(LEN('Raw Data'!D15) <= 20,LEN('Raw Data'!D15)> 0),"",_xlfn.REGEXEXTRACT(CELL("address",'Raw Data'!D15),"\$([A-Z]+)\$[0-9]+"))),_xlfn.REGEXEXTRACT(CELL("address",'Raw Data'!D15),"\$([A-Z]+)\$[0-9]+"))} | E15: {=IFERROR(IF(OR('Raw Data'!E15="",LEN(TRIM('Raw Data'!E15))=0),"",IF(AND(LEN('Raw Data'!E15) <= 20,LEN('Raw Data'!E15)> 0),"",_xlfn.REGEXEXTRACT(CELL("address",'Raw Data'!E15),"\$([A-Z]+)\$[0-9]+"))),_xlfn.REGEXEXTRACT(CELL("address",'Raw Data'!E15),"\$([A-Z]+)\$[0-9]+"))} | F15: {=IFERROR(IF(OR('Raw Data'!F15="",LEN(TRIM('Raw Data'!F15))=0),"",IF(AND(LEN('Raw Data'!F15) <= 20,LEN('Raw Data'!F15)> 0),"",_xlfn.REGEXEXTRACT(CELL("address",'Raw Data'!F15),"\$([A-Z]+)\$[0-9]+"))),_xlfn.REGEXEXTRACT(CELL("address",'Raw Data'!F15),"\$([A-Z]+)\$[0-9]+"))} | G15: {=IFERROR(IF(OR('Raw Data'!G15="",LEN(TRIM('Raw Data'!G15))=0),"",IF(AND(LEN('Raw Data'!G15) <= 10,LEN('Raw Data'!G15)> 0),"",_xlfn.REGEXEXTRACT(CELL("address",'Raw Data'!G15),"\$([A-Z]+)\$[0-9]+"))),_xlfn.REGEXEXTRACT(CELL("address",'Raw Data'!G15),"\$([A-Z]+)\$[0-9]+"))} | H15: {=IFERROR(IF(OR('Raw Data'!H15="",LEN(TRIM('Raw Data'!H15))=0),"",IF(AND(LEN('Raw Data'!H15) <= 255,LEN('Raw Data'!H15)> 0),"",_xlfn.REGEXEXTRACT(CELL("address",'Raw Data'!H15),"\$([A-Z]+)\$[0-9]+"))),_xlfn.REGEXEXTRACT(CELL("address",'Raw Data'!H15),"\$([A-Z]+)\$[0-9]+"))} | I15: {=IFERROR(IF(OR('Raw Data'!I15="",LEN(TRIM('Raw Data'!I15))=0),"",IF(AND(LEN('Raw Data'!I15) <= 255,LEN('Raw Data'!I15)> 0),"",_xlfn.REGEXEXTRACT(CELL("address",'Raw Data'!I15),"\$([A-Z]+)\$[0-9]+"))),_xlfn.REGEXEXTRACT(CELL("address",'Raw Data'!I15),"\$([A-Z]+)\$[0-9]+"))} | J15: {=IFERROR(IF(OR('Raw Data'!J15="",LEN(TRIM('Raw Data'!J15))=0),"",IF(AND(LEN('Raw Data'!J15) <= 255,LEN('Raw Data'!J15)> 0),"",_xlfn.REGEXEXTRACT(CELL("address",'Raw Data'!J15),"\$([A-Z]+)\$[0-9]+"))),_xlfn.REGEXEXTRACT(CELL("address",'Raw Data'!J15),"\$([A-Z]+)\$[0-9]+"))} | K15: {=IFERROR(IF(OR('Raw Data'!K15="",LEN(TRIM('Raw Data'!K15))=0),"",IF(AND(LEN('Raw Data'!K15) <= 255,LEN('Raw Data'!K15)> 0),"",_xlfn.REGEXEXTRACT(CELL("address",'Raw Data'!K15),"\$([A-Z]+)\$[0-9]+"))),_xlfn.REGEXEXTRACT(CELL("address",'Raw Data'!K15),"\$([A-Z]+)\$[0-9]+"))} | L15: {=IFERROR(IF(OR('Raw Data'!L15="",LEN(TRIM('Raw Data'!L15))=0),"",IF(AND(LEN('Raw Data'!L15) <= 255,LEN('Raw Data'!L15)> 0),"",_xlfn.REGEXEXTRACT(CELL("address",'Raw Data'!L15),"\$([A-Z]+)\$[0-9]+"))),_xlfn.REGEXEXTRACT(CELL("address",'Raw Data'!L15),"\$([A-Z]+)\$[0-9]+"))} | M15: {=IFERROR(IF(OR('Raw Data'!M15="",LEN(TRIM('Raw Data'!M15))=0),"",IF(AND(LEN('Raw Data'!M15) <= 255,LEN('Raw Data'!M15)> 0),"",_xlfn.REGEXEXTRACT(CELL("address",'Raw Data'!M15),"\$([A-Z]+)\$[0-9]+"))),_xlfn.REGEXEXTRACT(CELL("address",'Raw Data'!M15),"\$([A-Z]+)\$[0-9]+"))} | N15: {=IFERROR(IF(OR('Raw Data'!N15="",LEN(TRIM('Raw Data'!N15))=0),"",IF(AND(LEN('Raw Data'!N15) <= 255,LEN('Raw Data'!N15)> 0),"",_xlfn.REGEXEXTRACT(CELL("address",'Raw Data'!N15),"\$([A-Z]+)\$[0-9]+"))),_xlfn.REGEXEXTRACT(CELL("address",'Raw Data'!N15),"\$([A-Z]+)\$[0-9]+"))} | O15: {=IFERROR(IF(OR('Raw Data'!O15="",LEN(TRIM('Raw Data'!O15))=0),"",IF(AND(LEN('Raw Data'!O15) <= 255,LEN('Raw Data'!O15)> 0),"",_xlfn.REGEXEXTRACT(CELL("address",'Raw Data'!O15),"\$([A-Z]+)\$[0-9]+"))),_xlfn.REGEXEXTRACT(CELL("address",'Raw Data'!O15),"\$([A-Z]+)\$[0-9]+"))} | P15: {=IFERROR(IF(OR('Raw Data'!P15="",LEN(TRIM('Raw Data'!P15))=0),"",IF(AND(LEN('Raw Data'!P15) <= 10,LEN('Raw Data'!P15)> 0),"",_xlfn.REGEXEXTRACT(CELL("address",'Raw Data'!P15),"\$([A-Z]+)\$[0-9]+"))),_xlfn.REGEXEXTRACT(CELL("address",'Raw Data'!P15),"\$([A-Z]+)\$[0-9]+"))} | Q15: {=IFERROR(IF(OR('Raw Data'!Q15="",LEN(TRIM('Raw Data'!Q15))=0),"",IF(AND(ISNUMBER('Raw Data'!Q15), IFERROR('Raw Data'!Q15 = ROUND('Raw Data'!Q15, 2),FALSE)),"",_xlfn.REGEXEXTRACT(CELL("address",Q15), "\$([A-Z]+)\$[0-9]+"))),_xlfn.REGEXEXTRACT(CELL("address",Q15), "\$([A-Z]+)\$[0-9]+"))} | R15: {=IFERROR(IF(OR('Raw Data'!R15="",LEN(TRIM('Raw Data'!R15))=0),"",IF(AND(ISNUMBER('Raw Data'!R15), IFERROR('Raw Data'!R15 = ROUND('Raw Data'!R15, 2),FALSE)),"",_xlfn.REGEXEXTRACT(CELL("address",R15), "\$([A-Z]+)\$[0-9]+"))),_xlfn.REGEXEXTRACT(CELL("address",R15), "\$([A-Z]+)\$[0-9]+"))} | S15: {=IFERROR(IF(OR('Raw Data'!S15="",LEN(TRIM('Raw Data'!S15))=0),"",IF(AND(ISNUMBER('Raw Data'!S15), IFERROR('Raw Data'!S15 = ROUND('Raw Data'!S15, 2),FALSE)),"",_xlfn.REGEXEXTRACT(CELL("address",S15), "\$([A-Z]+)\$[0-9]+"))),_xlfn.REGEXEXTRACT(CELL("address",S15), "\$([A-Z]+)\$[0-9]+"))} | T15: {=IFERROR(IF(OR('Raw Data'!T15="",LEN(TRIM('Raw Data'!T15))=0),"",IF(AND(ISNUMBER('Raw Data'!T15), IFERROR('Raw Data'!T15 = ROUND('Raw Data'!T15, 2),FALSE)),"",_xlfn.REGEXEXTRACT(CELL("address",T15), "\$([A-Z]+)\$[0-9]+"))),_xlfn.REGEXEXTRACT(CELL("address",T15), "\$([A-Z]+)\$[0-9]+"))} | U15: {=IFERROR(IF(OR('Raw Data'!U15="",LEN(TRIM('Raw Data'!U15))=0),"",IF(AND(ISNUMBER('Raw Data'!U15), IFERROR('Raw Data'!U15 = ROUND('Raw Data'!U15, 2),FALSE)),"",_xlfn.REGEXEXTRACT(CELL("address",U15), "\$([A-Z]+)\$[0-9]+"))),_xlfn.REGEXEXTRACT(CELL("address",U15), "\$([A-Z]+)\$[0-9]+"))} | V15: {=IFERROR(IF(OR('Raw Data'!V15="",LEN(TRIM('Raw Data'!V15))=0),"",IF(AND(ISNUMBER('Raw Data'!V15), IFERROR('Raw Data'!V15 = ROUND('Raw Data'!V15, 2),FALSE)),"",_xlfn.REGEXEXTRACT(CELL("address",V15), "\$([A-Z]+)\$[0-9]+"))),_xlfn.REGEXEXTRACT(CELL("address",V15), "\$([A-Z]+)\$[0-9]+"))} | W15: {=IFERROR(IF(OR('Raw Data'!W15="",LEN(TRIM('Raw Data'!W15))=0),"",IF(AND(ISNUMBER('Raw Data'!W15), IFERROR('Raw Data'!W15 = ROUND('Raw Data'!W15, 2),FALSE)),"",_xlfn.REGEXEXTRACT(CELL("address",W15), "\$([A-Z]+)\$[0-9]+"))),_xlfn.REGEXEXTRACT(CELL("address",W15), "\$([A-Z]+)\$[0-9]+"))} | X15: {=IFERROR(IF(OR('Raw Data'!X15="",LEN(TRIM('Raw Data'!X15))=0),"",IF(AND(ISNUMBER('Raw Data'!X15), IFERROR('Raw Data'!X15 = ROUND('Raw Data'!X15, 2),FALSE)),"",_xlfn.REGEXEXTRACT(CELL("address",X15), "\$([A-Z]+)\$[0-9]+"))),_xlfn.REGEXEXTRACT(CELL("address",X15), "\$([A-Z]+)\$[0-9]+"))} | Y15: {=IFERROR(IF(OR('Raw Data'!Y15="",LEN(TRIM('Raw Data'!Y15))=0),"",IF(AND(ISNUMBER('Raw Data'!Y15), IFERROR('Raw Data'!Y15 = ROUND('Raw Data'!Y15, 2),FALSE)),"",_xlfn.REGEXEXTRACT(CELL("address",Y15), "\$([A-Z]+)\$[0-9]+"))),_xlfn.REGEXEXTRACT(CELL("address",Y15), "\$([A-Z]+)\$[0-9]+"))}
B16: {=IFERROR(IF(OR('Raw Data'!B16="",LEN(TRIM('Raw Data'!B16))=0),"",IF(AND(LEN('Raw Data'!B16) <= 10,LEN('Raw Data'!B16)> 0),"",_xlfn.REGEXEXTRACT(CELL("address",'Raw Data'!B16),"\$([A-Z]+)\$[0-9]+"))),_xlfn.REGEXEXTRACT(CELL("address",'Raw Data'!B16),"\$([A-Z]+)\$[0-9]+"))} | C16: {=IFERROR(IF(OR('Raw Data'!C16="",LEN(TRIM('Raw Data'!C16))=0),"",IF(AND(LEN('Raw Data'!C16) <= 20,LEN('Raw Data'!C16)> 0),"",_xlfn.REGEXEXTRACT(CELL("address",'Raw Data'!C16),"\$([A-Z]+)\$[0-9]+"))),_xlfn.REGEXEXTRACT(CELL("address",'Raw Data'!C16),"\$([A-Z]+)\$[0-9]+"))} | D16: {=IFERROR(IF(OR('Raw Data'!D16="",LEN(TRIM('Raw Data'!D16))=0),"",IF(AND(LEN('Raw Data'!D16) <= 20,LEN('Raw Data'!D16)> 0),"",_xlfn.REGEXEXTRACT(CELL("address",'Raw Data'!D16),"\$([A-Z]+)\$[0-9]+"))),_xlfn.REGEXEXTRACT(CELL("address",'Raw Data'!D16),"\$([A-Z]+)\$[0-9]+"))} | E16: {=IFERROR(IF(OR('Raw Data'!E16="",LEN(TRIM('Raw Data'!E16))=0),"",IF(AND(LEN('Raw Data'!E16) <= 20,LEN('Raw Data'!E16)> 0),"",_xlfn.REGEXEXTRACT(CELL("address",'Raw Data'!E16),"\$([A-Z]+)\$[0-9]+"))),_xlfn.REGEXEXTRACT(CELL("address",'Raw Data'!E16),"\$([A-Z]+)\$[0-9]+"))} | F16: {=IFERROR(IF(OR('Raw Data'!F16="",LEN(TRIM('Raw Data'!F16))=0),"",IF(AND(LEN('Raw Data'!F16) <= 20,LEN('Raw Data'!F16)> 0),"",_xlfn.REGEXEXTRACT(CELL("address",'Raw Data'!F16),"\$([A-Z]+)\$[0-9]+"))),_xlfn.REGEXEXTRACT(CELL("address",'Raw Data'!F16),"\$([A-Z]+)\$[0-9]+"))} | G16: {=IFERROR(IF(OR('Raw Data'!G16="",LEN(TRIM('Raw Data'!G16))=0),"",IF(AND(LEN('Raw Data'!G16) <= 10,LEN('Raw Data'!G16)> 0),"",_xlfn.REGEXEXTRACT(CELL("address",'Raw Data'!G16),"\$([A-Z]+)\$[0-9]+"))),_xlfn.REGEXEXTRACT(CELL("address",'Raw Data'!G16),"\$([A-Z]+)\$[0-9]+"))} | H16: {=IFERROR(IF(OR('Raw Data'!H16="",LEN(TRIM('Raw Data'!H16))=0),"",IF(AND(LEN('Raw Data'!H16) <= 255,LEN('Raw Data'!H16)> 0),"",_xlfn.REGEXEXTRACT(CELL("address",'Raw Data'!H16),"\$([A-Z]+)\$[0-9]+"))),_xlfn.REGEXEXTRACT(CELL("address",'Raw Data'!H16),"\$([A-Z]+)\$[0-9]+"))} | I16: {=IFERROR(IF(OR('Raw Data'!I16="",LEN(TRIM('Raw Data'!I16))=0),"",IF(AND(LEN('Raw Data'!I16) <= 255,LEN('Raw Data'!I16)> 0),"",_xlfn.REGEXEXTRACT(CELL("address",'Raw Data'!I16),"\$([A-Z]+)\$[0-9]+"))),_xlfn.REGEXEXTRACT(CELL("address",'Raw Data'!I16),"\$([A-Z]+)\$[0-9]+"))} | J16: {=IFERROR(IF(OR('Raw Data'!J16="",LEN(TRIM('Raw Data'!J16))=0),"",IF(AND(LEN('Raw Data'!J16) <= 255,LEN('Raw Data'!J16)> 0),"",_xlfn.REGEXEXTRACT(CELL("address",'Raw Data'!J16),"\$([A-Z]+)\$[0-9]+"))),_xlfn.REGEXEXTRACT(CELL("address",'Raw Data'!J16),"\$([A-Z]+)\$[0-9]+"))} | K16: {=IFERROR(IF(OR('Raw Data'!K16="",LEN(TRIM('Raw Data'!K16))=0),"",IF(AND(LEN('Raw Data'!K16) <= 255,LEN('Raw Data'!K16)> 0),"",_xlfn.REGEXEXTRACT(CELL("address",'Raw Data'!K16),"\$([A-Z]+)\$[0-9]+"))),_xlfn.REGEXEXTRACT(CELL("address",'Raw Data'!K16),"\$([A-Z]+)\$[0-9]+"))} | L16: {=IFERROR(IF(OR('Raw Data'!L16="",LEN(TRIM('Raw Data'!L16))=0),"",IF(AND(LEN('Raw Data'!L16) <= 255,LEN('Raw Data'!L16)> 0),"",_xlfn.REGEXEXTRACT(CELL("address",'Raw Data'!L16),"\$([A-Z]+)\$[0-9]+"))),_xlfn.REGEXEXTRACT(CELL("address",'Raw Data'!L16),"\$([A-Z]+)\$[0-9]+"))} | M16: {=IFERROR(IF(OR('Raw Data'!M16="",LEN(TRIM('Raw Data'!M16))=0),"",IF(AND(LEN('Raw Data'!M16) <= 255,LEN('Raw Data'!M16)> 0),"",_xlfn.REGEXEXTRACT(CELL("address",'Raw Data'!M16),"\$([A-Z]+)\$[0-9]+"))),_xlfn.REGEXEXTRACT(CELL("address",'Raw Data'!M16),"\$([A-Z]+)\$[0-9]+"))} | N16: {=IFERROR(IF(OR('Raw Data'!N16="",LEN(TRIM('Raw Data'!N16))=0),"",IF(AND(LEN('Raw Data'!N16) <= 255,LEN('Raw Data'!N16)> 0),"",_xlfn.REGEXEXTRACT(CELL("address",'Raw Data'!N16),"\$([A-Z]+)\$[0-9]+"))),_xlfn.REGEXEXTRACT(CELL("address",'Raw Data'!N16),"\$([A-Z]+)\$[0-9]+"))} | O16: {=IFERROR(IF(OR('Raw Data'!O16="",LEN(TRIM('Raw Data'!O16))=0),"",IF(AND(LEN('Raw Data'!O16) <= 255,LEN('Raw Data'!O16)> 0),"",_xlfn.REGEXEXTRACT(CELL("address",'Raw Data'!O16),"\$([A-Z]+)\$[0-9]+"))),_xlfn.REGEXEXTRACT(CELL("address",'Raw Data'!O16),"\$([A-Z]+)\$[0-9]+"))} | P16: {=IFERROR(IF(OR('Raw Data'!P16="",LEN(TRIM('Raw Data'!P16))=0),"",IF(AND(LEN('Raw Data'!P16) <= 10,LEN('Raw Data'!P16)> 0),"",_xlfn.REGEXEXTRACT(CELL("address",'Raw Data'!P16),"\$([A-Z]+)\$[0-9]+"))),_xlfn.REGEXEXTRACT(CELL("address",'Raw Data'!P16),"\$([A-Z]+)\$[0-9]+"))} | Q16: {=IFERROR(IF(OR('Raw Data'!Q16="",LEN(TRIM('Raw Data'!Q16))=0),"",IF(AND(ISNUMBER('Raw Data'!Q16), IFERROR('Raw Data'!Q16 = ROUND('Raw Data'!Q16, 2),FALSE)),"",_xlfn.REGEXEXTRACT(CELL("address",Q16), "\$([A-Z]+)\$[0-9]+"))),_xlfn.REGEXEXTRACT(CELL("address",Q16), "\$([A-Z]+)\$[0-9]+"))} | R16: {=IFERROR(IF(OR('Raw Data'!R16="",LEN(TRIM('Raw Data'!R16))=0),"",IF(AND(ISNUMBER('Raw Data'!R16), IFERROR('Raw Data'!R16 = ROUND('Raw Data'!R16, 2),FALSE)),"",_xlfn.REGEXEXTRACT(CELL("address",R16), "\$([A-Z]+)\$[0-9]+"))),_xlfn.REGEXEXTRACT(CELL("address",R16), "\$([A-Z]+)\$[0-9]+"))} | S16: {=IFERROR(IF(OR('Raw Data'!S16="",LEN(TRIM('Raw Data'!S16))=0),"",IF(AND(ISNUMBER('Raw Data'!S16), IFERROR('Raw Data'!S16 = ROUND('Raw Data'!S16, 2),FALSE)),"",_xlfn.REGEXEXTRACT(CELL("address",S16), "\$([A-Z]+)\$[0-9]+"))),_xlfn.REGEXEXTRACT(CELL("address",S16), "\$([A-Z]+)\$[0-9]+"))} | T16: {=IFERROR(IF(OR('Raw Data'!T16="",LEN(TRIM('Raw Data'!T16))=0),"",IF(AND(ISNUMBER('Raw Data'!T16), IFERROR('Raw Data'!T16 = ROUND('Raw Data'!T16, 2),FALSE)),"",_xlfn.REGEXEXTRACT(CELL("address",T16), "\$([A-Z]+)\$[0-9]+"))),_xlfn.REGEXEXTRACT(CELL("address",T16), "\$([A-Z]+)\$[0-9]+"))} | U16: {=IFERROR(IF(OR('Raw Data'!U16="",LEN(TRIM('Raw Data'!U16))=0),"",IF(AND(ISNUMBER('Raw Data'!U16), IFERROR('Raw Data'!U16 = ROUND('Raw Data'!U16, 2),FALSE)),"",_xlfn.REGEXEXTRACT(CELL("address",U16), "\$([A-Z]+)\$[0-9]+"))),_xlfn.REGEXEXTRACT(CELL("address",U16), "\$([A-Z]+)\$[0-9]+"))} | V16: {=IFERROR(IF(OR('Raw Data'!V16="",LEN(TRIM('Raw Data'!V16))=0),"",IF(AND(ISNUMBER('Raw Data'!V16), IFERROR('Raw Data'!V16 = ROUND('Raw Data'!V16, 2),FALSE)),"",_xlfn.REGEXEXTRACT(CELL("address",V16), "\$([A-Z]+)\$[0-9]+"))),_xlfn.REGEXEXTRACT(CELL("address",V16), "\$([A-Z]+)\$[0-9]+"))} | W16: {=IFERROR(IF(OR('Raw Data'!W16="",LEN(TRIM('Raw Data'!W16))=0),"",IF(AND(ISNUMBER('Raw Data'!W16), IFERROR('Raw Data'!W16 = ROUND('Raw Data'!W16, 2),FALSE)),"",_xlfn.REGEXEXTRACT(CELL("address",W16), "\$([A-Z]+)\$[0-9]+"))),_xlfn.REGEXEXTRACT(CELL("address",W16), "\$([A-Z]+)\$[0-9]+"))} | X16: {=IFERROR(IF(OR('Raw Data'!X16="",LEN(TRIM('Raw Data'!X16))=0),"",IF(AND(ISNUMBER('Raw Data'!X16), IFERROR('Raw Data'!X16 = ROUND('Raw Data'!X16, 2),FALSE)),"",_xlfn.REGEXEXTRACT(CELL("address",X16), "\$([A-Z]+)\$[0-9]+"))),_xlfn.REGEXEXTRACT(CELL("address",X16), "\$([A-Z]+)\$[0-9]+"))} | Y16: {=IFERROR(IF(OR('Raw Data'!Y16="",LEN(TRIM('Raw Data'!Y16))=0),"",IF(AND(ISNUMBER('Raw Data'!Y16), IFERROR('Raw Data'!Y16 = ROUND('Raw Data'!Y16, 2),FALSE)),"",_xlfn.REGEXEXTRACT(CELL("address",Y16), "\$([A-Z]+)\$[0-9]+"))),_xlfn.REGEXEXTRACT(CELL("address",Y16), "\$([A-Z]+)\$[0-9]+"))}
B17: {=IFERROR(IF(OR('Raw Data'!B17="",LEN(TRIM('Raw Data'!B17))=0),"",IF(AND(LEN('Raw Data'!B17) <= 10,LEN('Raw Data'!B17)> 0),"",_xlfn.REGEXEXTRACT(CELL("address",'Raw Data'!B17),"\$([A-Z]+)\$[0-9]+"))),_xlfn.REGEXEXTRACT(CELL("address",'Raw Data'!B17),"\$([A-Z]+)\$[0-9]+"))} | C17: {=IFERROR(IF(OR('Raw Data'!C17="",LEN(TRIM('Raw Data'!C17))=0),"",IF(AND(LEN('Raw Data'!C17) <= 20,LEN('Raw Data'!C17)> 0),"",_xlfn.REGEXEXTRACT(CELL("address",'Raw Data'!C17),"\$([A-Z]+)\$[0-9]+"))),_xlfn.REGEXEXTRACT(CELL("address",'Raw Data'!C17),"\$([A-Z]+)\$[0-9]+"))} | D17: {=IFERROR(IF(OR('Raw Data'!D17="",LEN(TRIM('Raw Data'!D17))=0),"",IF(AND(LEN('Raw Data'!D17) <= 20,LEN('Raw Data'!D17)> 0),"",_xlfn.REGEXEXTRACT(CELL("address",'Raw Data'!D17),"\$([A-Z]+)\$[0-9]+"))),_xlfn.REGEXEXTRACT(CELL("address",'Raw Data'!D17),"\$([A-Z]+)\$[0-9]+"))} | E17: {=IFERROR(IF(OR('Raw Data'!E17="",LEN(TRIM('Raw Data'!E17))=0),"",IF(AND(LEN('Raw Data'!E17) <= 20,LEN('Raw Data'!E17)> 0),"",_xlfn.REGEXEXTRACT(CELL("address",'Raw Data'!E17),"\$([A-Z]+)\$[0-9]+"))),_xlfn.REGEXEXTRACT(CELL("address",'Raw Data'!E17),"\$([A-Z]+)\$[0-9]+"))} | F17: {=IFERROR(IF(OR('Raw Data'!F17="",LEN(TRIM('Raw Data'!F17))=0),"",IF(AND(LEN('Raw Data'!F17) <= 20,LEN('Raw Data'!F17)> 0),"",_xlfn.REGEXEXTRACT(CELL("address",'Raw Data'!F17),"\$([A-Z]+)\$[0-9]+"))),_xlfn.REGEXEXTRACT(CELL("address",'Raw Data'!F17),"\$([A-Z]+)\$[0-9]+"))} | G17: {=IFERROR(IF(OR('Raw Data'!G17="",LEN(TRIM('Raw Data'!G17))=0),"",IF(AND(LEN('Raw Data'!G17) <= 10,LEN('Raw Data'!G17)> 0),"",_xlfn.REGEXEXTRACT(CELL("address",'Raw Data'!G17),"\$([A-Z]+)\$[0-9]+"))),_xlfn.REGEXEXTRACT(CELL("address",'Raw Data'!G17),"\$([A-Z]+)\$[0-9]+"))} | H17: {=IFERROR(IF(OR('Raw Data'!H17="",LEN(TRIM('Raw Data'!H17))=0),"",IF(AND(LEN('Raw Data'!H17) <= 255,LEN('Raw Data'!H17)> 0),"",_xlfn.REGEXEXTRACT(CELL("address",'Raw Data'!H17),"\$([A-Z]+)\$[0-9]+"))),_xlfn.REGEXEXTRACT(CELL("address",'Raw Data'!H17),"\$([A-Z]+)\$[0-9]+"))} | I17: {=IFERROR(IF(OR('Raw Data'!I17="",LEN(TRIM('Raw Data'!I17))=0),"",IF(AND(LEN('Raw Data'!I17) <= 255,LEN('Raw Data'!I17)> 0),"",_xlfn.REGEXEXTRACT(CELL("address",'Raw Data'!I17),"\$([A-Z]+)\$[0-9]+"))),_xlfn.REGEXEXTRACT(CELL("address",'Raw Data'!I17),"\$([A-Z]+)\$[0-9]+"))} | J17: {=IFERROR(IF(OR('Raw Data'!J17="",LEN(TRIM('Raw Data'!J17))=0),"",IF(AND(LEN('Raw Data'!J17) <= 255,LEN('Raw Data'!J17)> 0),"",_xlfn.REGEXEXTRACT(CELL("address",'Raw Data'!J17),"\$([A-Z]+)\$[0-9]+"))),_xlfn.REGEXEXTRACT(CELL("address",'Raw Data'!J17),"\$([A-Z]+)\$[0-9]+"))} | K17: {=IFERROR(IF(OR('Raw Data'!K17="",LEN(TRIM('Raw Data'!K17))=0),"",IF(AND(LEN('Raw Data'!K17) <= 255,LEN('Raw Data'!K17)> 0),"",_xlfn.REGEXEXTRACT(CELL("address",'Raw Data'!K17),"\$([A-Z]+)\$[0-9]+"))),_xlfn.REGEXEXTRACT(CELL("address",'Raw Data'!K17),"\$([A-Z]+)\$[0-9]+"))} | L17: {=IFERROR(IF(OR('Raw Data'!L17="",LEN(TRIM('Raw Data'!L17))=0),"",IF(AND(LEN('Raw Data'!L17) <= 255,LEN('Raw Data'!L17)> 0),"",_xlfn.REGEXEXTRACT(CELL("address",'Raw Data'!L17),"\$([A-Z]+)\$[0-9]+"))),_xlfn.REGEXEXTRACT(CELL("address",'Raw Data'!L17),"\$([A-Z]+)\$[0-9]+"))} | M17: {=IFERROR(IF(OR('Raw Data'!M17="",LEN(TRIM('Raw Data'!M17))=0),"",IF(AND(LEN('Raw Data'!M17) <= 255,LEN('Raw Data'!M17)> 0),"",_xlfn.REGEXEXTRACT(CELL("address",'Raw Data'!M17),"\$([A-Z]+)\$[0-9]+"))),_xlfn.REGEXEXTRACT(CELL("address",'Raw Data'!M17),"\$([A-Z]+)\$[0-9]+"))} | N17: {=IFERROR(IF(OR('Raw Data'!N17="",LEN(TRIM('Raw Data'!N17))=0),"",IF(AND(LEN('Raw Data'!N17) <= 255,LEN('Raw Data'!N17)> 0),"",_xlfn.REGEXEXTRACT(CELL("address",'Raw Data'!N17),"\$([A-Z]+)\$[0-9]+"))),_xlfn.REGEXEXTRACT(CELL("address",'Raw Data'!N17),"\$([A-Z]+)\$[0-9]+"))} | O17: {=IFERROR(IF(OR('Raw Data'!O17="",LEN(TRIM('Raw Data'!O17))=0),"",IF(AND(LEN('Raw Data'!O17) <= 255,LEN('Raw Data'!O17)> 0),"",_xlfn.REGEXEXTRACT(CELL("address",'Raw Data'!O17),"\$([A-Z]+)\$[0-9]+"))),_xlfn.REGEXEXTRACT(CELL("address",'Raw Data'!O17),"\$([A-Z]+)\$[0-9]+"))} | P17: {=IFERROR(IF(OR('Raw Data'!P17="",LEN(TRIM('Raw Data'!P17))=0),"",IF(AND(LEN('Raw Data'!P17) <= 10,LEN('Raw Data'!P17)> 0),"",_xlfn.REGEXEXTRACT(CELL("address",'Raw Data'!P17),"\$([A-Z]+)\$[0-9]+"))),_xlfn.REGEXEXTRACT(CELL("address",'Raw Data'!P17),"\$([A-Z]+)\$[0-9]+"))} | Q17: {=IFERROR(IF(OR('Raw Data'!Q17="",LEN(TRIM('Raw Data'!Q17))=0),"",IF(AND(ISNUMBER('Raw Data'!Q17), IFERROR('Raw Data'!Q17 = ROUND('Raw Data'!Q17, 2),FALSE)),"",_xlfn.REGEXEXTRACT(CELL("address",Q17), "\$([A-Z]+)\$[0-9]+"))),_xlfn.REGEXEXTRACT(CELL("address",Q17), "\$([A-Z]+)\$[0-9]+"))} | R17: {=IFERROR(IF(OR('Raw Data'!R17="",LEN(TRIM('Raw Data'!R17))=0),"",IF(AND(ISNUMBER('Raw Data'!R17), IFERROR('Raw Data'!R17 = ROUND('Raw Data'!R17, 2),FALSE)),"",_xlfn.REGEXEXTRACT(CELL("address",R17), "\$([A-Z]+)\$[0-9]+"))),_xlfn.REGEXEXTRACT(CELL("address",R17), "\$([A-Z]+)\$[0-9]+"))} | S17: {=IFERROR(IF(OR('Raw Data'!S17="",LEN(TRIM('Raw Data'!S17))=0),"",IF(AND(ISNUMBER('Raw Data'!S17), IFERROR('Raw Data'!S17 = ROUND('Raw Data'!S17, 2),FALSE)),"",_xlfn.REGEXEXTRACT(CELL("address",S17), "\$([A-Z]+)\$[0-9]+"))),_xlfn.REGEXEXTRACT(CELL("address",S17), "\$([A-Z]+)\$[0-9]+"))} | T17: {=IFERROR(IF(OR('Raw Data'!T17="",LEN(TRIM('Raw Data'!T17))=0),"",IF(AND(ISNUMBER('Raw Data'!T17), IFERROR('Raw Data'!T17 = ROUND('Raw Data'!T17, 2),FALSE)),"",_xlfn.REGEXEXTRACT(CELL("address",T17), "\$([A-Z]+)\$[0-9]+"))),_xlfn.REGEXEXTRACT(CELL("address",T17), "\$([A-Z]+)\$[0-9]+"))} | U17: {=IFERROR(IF(OR('Raw Data'!U17="",LEN(TRIM('Raw Data'!U17))=0),"",IF(AND(ISNUMBER('Raw Data'!U17), IFERROR('Raw Data'!U17 = ROUND('Raw Data'!U17, 2),FALSE)),"",_xlfn.REGEXEXTRACT(CELL("address",U17), "\$([A-Z]+)\$[0-9]+"))),_xlfn.REGEXEXTRACT(CELL("address",U17), "\$([A-Z]+)\$[0-9]+"))} | V17: {=IFERROR(IF(OR('Raw Data'!V17="",LEN(TRIM('Raw Data'!V17))=0),"",IF(AND(ISNUMBER('Raw Data'!V17), IFERROR('Raw Data'!V17 = ROUND('Raw Data'!V17, 2),FALSE)),"",_xlfn.REGEXEXTRACT(CELL("address",V17), "\$([A-Z]+)\$[0-9]+"))),_xlfn.REGEXEXTRACT(CELL("address",V17), "\$([A-Z]+)\$[0-9]+"))} | W17: {=IFERROR(IF(OR('Raw Data'!W17="",LEN(TRIM('Raw Data'!W17))=0),"",IF(AND(ISNUMBER('Raw Data'!W17), IFERROR('Raw Data'!W17 = ROUND('Raw Data'!W17, 2),FALSE)),"",_xlfn.REGEXEXTRACT(CELL("address",W17), "\$([A-Z]+)\$[0-9]+"))),_xlfn.REGEXEXTRACT(CELL("address",W17), "\$([A-Z]+)\$[0-9]+"))} | X17: {=IFERROR(IF(OR('Raw Data'!X17="",LEN(TRIM('Raw Data'!X17))=0),"",IF(AND(ISNUMBER('Raw Data'!X17), IFERROR('Raw Data'!X17 = ROUND('Raw Data'!X17, 2),FALSE)),"",_xlfn.REGEXEXTRACT(CELL("address",X17), "\$([A-Z]+)\$[0-9]+"))),_xlfn.REGEXEXTRACT(CELL("address",X17), "\$([A-Z]+)\$[0-9]+"))} | Y17: {=IFERROR(IF(OR('Raw Data'!Y17="",LEN(TRIM('Raw Data'!Y17))=0),"",IF(AND(ISNUMBER('Raw Data'!Y17), IFERROR('Raw Data'!Y17 = ROUND('Raw Data'!Y17, 2),FALSE)),"",_xlfn.REGEXEXTRACT(CELL("address",Y17), "\$([A-Z]+)\$[0-9]+"))),_xlfn.REGEXEXTRACT(CELL("address",Y17), "\$([A-Z]+)\$[0-9]+"))}
B18: {=IFERROR(IF(OR('Raw Data'!B18="",LEN(TRIM('Raw Data'!B18))=0),"",IF(AND(LEN('Raw Data'!B18) <= 10,LEN('Raw Data'!B18)> 0),"",_xlfn.REGEXEXTRACT(CELL("address",'Raw Data'!B18),"\$([A-Z]+)\$[0-9]+"))),_xlfn.REGEXEXTRACT(CELL("address",'Raw Data'!B18),"\$([A-Z]+)\$[0-9]+"))} | C18: {=IFERROR(IF(OR('Raw Data'!C18="",LEN(TRIM('Raw Data'!C18))=0),"",IF(AND(LEN('Raw Data'!C18) <= 20,LEN('Raw Data'!C18)> 0),"",_xlfn.REGEXEXTRACT(CELL("address",'Raw Data'!C18),"\$([A-Z]+)\$[0-9]+"))),_xlfn.REGEXEXTRACT(CELL("address",'Raw Data'!C18),"\$([A-Z]+)\$[0-9]+"))} | D18: {=IFERROR(IF(OR('Raw Data'!D18="",LEN(TRIM('Raw Data'!D18))=0),"",IF(AND(LEN('Raw Data'!D18) <= 20,LEN('Raw Data'!D18)> 0),"",_xlfn.REGEXEXTRACT(CELL("address",'Raw Data'!D18),"\$([A-Z]+)\$[0-9]+"))),_xlfn.REGEXEXTRACT(CELL("address",'Raw Data'!D18),"\$([A-Z]+)\$[0-9]+"))} | E18: {=IFERROR(IF(OR('Raw Data'!E18="",LEN(TRIM('Raw Data'!E18))=0),"",IF(AND(LEN('Raw Data'!E18) <= 20,LEN('Raw Data'!E18)> 0),"",_xlfn.REGEXEXTRACT(CELL("address",'Raw Data'!E18),"\$([A-Z]+)\$[0-9]+"))),_xlfn.REGEXEXTRACT(CELL("address",'Raw Data'!E18),"\$([A-Z]+)\$[0-9]+"))} | F18: {=IFERROR(IF(OR('Raw Data'!F18="",LEN(TRIM('Raw Data'!F18))=0),"",IF(AND(LEN('Raw Data'!F18) <= 20,LEN('Raw Data'!F18)> 0),"",_xlfn.REGEXEXTRACT(CELL("address",'Raw Data'!F18),"\$([A-Z]+)\$[0-9]+"))),_xlfn.REGEXEXTRACT(CELL("address",'Raw Data'!F18),"\$([A-Z]+)\$[0-9]+"))} | G18: {=IFERROR(IF(OR('Raw Data'!G18="",LEN(TRIM('Raw Data'!G18))=0),"",IF(AND(LEN('Raw Data'!G18) <= 10,LEN('Raw Data'!G18)> 0),"",_xlfn.REGEXEXTRACT(CELL("address",'Raw Data'!G18),"\$([A-Z]+)\$[0-9]+"))),_xlfn.REGEXEXTRACT(CELL("address",'Raw Data'!G18),"\$([A-Z]+)\$[0-9]+"))} | H18: {=IFERROR(IF(OR('Raw Data'!H18="",LEN(TRIM('Raw Data'!H18))=0),"",IF(AND(LEN('Raw Data'!H18) <= 255,LEN('Raw Data'!H18)> 0),"",_xlfn.REGEXEXTRACT(CELL("address",'Raw Data'!H18),"\$([A-Z]+)\$[0-9]+"))),_xlfn.REGEXEXTRACT(CELL("address",'Raw Data'!H18),"\$([A-Z]+)\$[0-9]+"))} | I18: {=IFERROR(IF(OR('Raw Data'!I18="",LEN(TRIM('Raw Data'!I18))=0),"",IF(AND(LEN('Raw Data'!I18) <= 255,LEN('Raw Data'!I18)> 0),"",_xlfn.REGEXEXTRACT(CELL("address",'Raw Data'!I18),"\$([A-Z]+)\$[0-9]+"))),_xlfn.REGEXEXTRACT(CELL("address",'Raw Data'!I18),"\$([A-Z]+)\$[0-9]+"))} | J18: {=IFERROR(IF(OR('Raw Data'!J18="",LEN(TRIM('Raw Data'!J18))=0),"",IF(AND(LEN('Raw Data'!J18) <= 255,LEN('Raw Data'!J18)> 0),"",_xlfn.REGEXEXTRACT(CELL("address",'Raw Data'!J18),"\$([A-Z]+)\$[0-9]+"))),_xlfn.REGEXEXTRACT(CELL("address",'Raw Data'!J18),"\$([A-Z]+)\$[0-9]+"))} | K18: {=IFERROR(IF(OR('Raw Data'!K18="",LEN(TRIM('Raw Data'!K18))=0),"",IF(AND(LEN('Raw Data'!K18) <= 255,LEN('Raw Data'!K18)> 0),"",_xlfn.REGEXEXTRACT(CELL("address",'Raw Data'!K18),"\$([A-Z]+)\$[0-9]+"))),_xlfn.REGEXEXTRACT(CELL("address",'Raw Data'!K18),"\$([A-Z]+)\$[0-9]+"))} | L18: {=IFERROR(IF(OR('Raw Data'!L18="",LEN(TRIM('Raw Data'!L18))=0),"",IF(AND(LEN('Raw Data'!L18) <= 255,LEN('Raw Data'!L18)> 0),"",_xlfn.REGEXEXTRACT(CELL("address",'Raw Data'!L18),"\$([A-Z]+)\$[0-9]+"))),_xlfn.REGEXEXTRACT(CELL("address",'Raw Data'!L18),"\$([A-Z]+)\$[0-9]+"))} | M18: {=IFERROR(IF(OR('Raw Data'!M18="",LEN(TRIM('Raw Data'!M18))=0),"",IF(AND(LEN('Raw Data'!M18) <= 255,LEN('Raw Data'!M18)> 0),"",_xlfn.REGEXEXTRACT(CELL("address",'Raw Data'!M18),"\$([A-Z]+)\$[0-9]+"))),_xlfn.REGEXEXTRACT(CELL("address",'Raw Data'!M18),"\$([A-Z]+)\$[0-9]+"))} | N18: {=IFERROR(IF(OR('Raw Data'!N18="",LEN(TRIM('Raw Data'!N18))=0),"",IF(AND(LEN('Raw Data'!N18) <= 255,LEN('Raw Data'!N18)> 0),"",_xlfn.REGEXEXTRACT(CELL("address",'Raw Data'!N18),"\$([A-Z]+)\$[0-9]+"))),_xlfn.REGEXEXTRACT(CELL("address",'Raw Data'!N18),"\$([A-Z]+)\$[0-9]+"))} | O18: {=IFERROR(IF(OR('Raw Data'!O18="",LEN(TRIM('Raw Data'!O18))=0),"",IF(AND(LEN('Raw Data'!O18) <= 255,LEN('Raw Data'!O18)> 0),"",_xlfn.REGEXEXTRACT(CELL("address",'Raw Data'!O18),"\$([A-Z]+)\$[0-9]+"))),_xlfn.REGEXEXTRACT(CELL("address",'Raw Data'!O18),"\$([A-Z]+)\$[0-9]+"))} | P18: {=IFERROR(IF(OR('Raw Data'!P18="",LEN(TRIM('Raw Data'!P18))=0),"",IF(AND(LEN('Raw Data'!P18) <= 10,LEN('Raw Data'!P18)> 0),"",_xlfn.REGEXEXTRACT(CELL("address",'Raw Data'!P18),"\$([A-Z]+)\$[0-9]+"))),_xlfn.REGEXEXTRACT(CELL("address",'Raw Data'!P18),"\$([A-Z]+)\$[0-9]+"))} | Q18: {=IFERROR(IF(OR('Raw Data'!Q18="",LEN(TRIM('Raw Data'!Q18))=0),"",IF(AND(ISNUMBER('Raw Data'!Q18), IFERROR('Raw Data'!Q18 = ROUND('Raw Data'!Q18, 2),FALSE)),"",_xlfn.REGEXEXTRACT(CELL("address",Q18), "\$([A-Z]+)\$[0-9]+"))),_xlfn.REGEXEXTRACT(CELL("address",Q18), "\$([A-Z]+)\$[0-9]+"))} | R18: {=IFERROR(IF(OR('Raw Data'!R18="",LEN(TRIM('Raw Data'!R18))=0),"",IF(AND(ISNUMBER('Raw Data'!R18), IFERROR('Raw Data'!R18 = ROUND('Raw Data'!R18, 2),FALSE)),"",_xlfn.REGEXEXTRACT(CELL("address",R18), "\$([A-Z]+)\$[0-9]+"))),_xlfn.REGEXEXTRACT(CELL("address",R18), "\$([A-Z]+)\$[0-9]+"))} | S18: {=IFERROR(IF(OR('Raw Data'!S18="",LEN(TRIM('Raw Data'!S18))=0),"",IF(AND(ISNUMBER('Raw Data'!S18), IFERROR('Raw Data'!S18 = ROUND('Raw Data'!S18, 2),FALSE)),"",_xlfn.REGEXEXTRACT(CELL("address",S18), "\$([A-Z]+)\$[0-9]+"))),_xlfn.REGEXEXTRACT(CELL("address",S18), "\$([A-Z]+)\$[0-9]+"))} | T18: {=IFERROR(IF(OR('Raw Data'!T18="",LEN(TRIM('Raw Data'!T18))=0),"",IF(AND(ISNUMBER('Raw Data'!T18), IFERROR('Raw Data'!T18 = ROUND('Raw Data'!T18, 2),FALSE)),"",_xlfn.REGEXEXTRACT(CELL("address",T18), "\$([A-Z]+)\$[0-9]+"))),_xlfn.REGEXEXTRACT(CELL("address",T18), "\$([A-Z]+)\$[0-9]+"))} | U18: {=IFERROR(IF(OR('Raw Data'!U18="",LEN(TRIM('Raw Data'!U18))=0),"",IF(AND(ISNUMBER('Raw Data'!U18), IFERROR('Raw Data'!U18 = ROUND('Raw Data'!U18, 2),FALSE)),"",_xlfn.REGEXEXTRACT(CELL("address",U18), "\$([A-Z]+)\$[0-9]+"))),_xlfn.REGEXEXTRACT(CELL("address",U18), "\$([A-Z]+)\$[0-9]+"))} | V18: {=IFERROR(IF(OR('Raw Data'!V18="",LEN(TRIM('Raw Data'!V18))=0),"",IF(AND(ISNUMBER('Raw Data'!V18), IFERROR('Raw Data'!V18 = ROUND('Raw Data'!V18, 2),FALSE)),"",_xlfn.REGEXEXTRACT(CELL("address",V18), "\$([A-Z]+)\$[0-9]+"))),_xlfn.REGEXEXTRACT(CELL("address",V18), "\$([A-Z]+)\$[0-9]+"))} | W18: {=IFERROR(IF(OR('Raw Data'!W18="",LEN(TRIM('Raw Data'!W18))=0),"",IF(AND(ISNUMBER('Raw Data'!W18), IFERROR('Raw Data'!W18 = ROUND('Raw Data'!W18, 2),FALSE)),"",_xlfn.REGEXEXTRACT(CELL("address",W18), "\$([A-Z]+)\$[0-9]+"))),_xlfn.REGEXEXTRACT(CELL("address",W18), "\$([A-Z]+)\$[0-9]+"))} | X18: {=IFERROR(IF(OR('Raw Data'!X18="",LEN(TRIM('Raw Data'!X18))=0),"",IF(AND(ISNUMBER('Raw Data'!X18), IFERROR('Raw Data'!X18 = ROUND('Raw Data'!X18, 2),FALSE)),"",_xlfn.REGEXEXTRACT(CELL("address",X18), "\$([A-Z]+)\$[0-9]+"))),_xlfn.REGEXEXTRACT(CELL("address",X18), "\$([A-Z]+)\$[0-9]+"))} | Y18: {=IFERROR(IF(OR('Raw Data'!Y18="",LEN(TRIM('Raw Data'!Y18))=0),"",IF(AND(ISNUMBER('Raw Data'!Y18), IFERROR('Raw Data'!Y18 = ROUND('Raw Data'!Y18, 2),FALSE)),"",_xlfn.REGEXEXTRACT(CELL("address",Y18), "\$([A-Z]+)\$[0-9]+"))),_xlfn.REGEXEXTRACT(CELL("address",Y18), "\$([A-Z]+)\$[0-9]+"))}
B19: {=IFERROR(IF(OR('Raw Data'!B19="",LEN(TRIM('Raw Data'!B19))=0),"",IF(AND(LEN('Raw Data'!B19) <= 10,LEN('Raw Data'!B19)> 0),"",_xlfn.REGEXEXTRACT(CELL("address",'Raw Data'!B19),"\$([A-Z]+)\$[0-9]+"))),_xlfn.REGEXEXTRACT(CELL("address",'Raw Data'!B19),"\$([A-Z]+)\$[0-9]+"))} | C19: {=IFERROR(IF(OR('Raw Data'!C19="",LEN(TRIM('Raw Data'!C19))=0),"",IF(AND(LEN('Raw Data'!C19) <= 20,LEN('Raw Data'!C19)> 0),"",_xlfn.REGEXEXTRACT(CELL("address",'Raw Data'!C19),"\$([A-Z]+)\$[0-9]+"))),_xlfn.REGEXEXTRACT(CELL("address",'Raw Data'!C19),"\$([A-Z]+)\$[0-9]+"))} | D19: {=IFERROR(IF(OR('Raw Data'!D19="",LEN(TRIM('Raw Data'!D19))=0),"",IF(AND(LEN('Raw Data'!D19) <= 20,LEN('Raw Data'!D19)> 0),"",_xlfn.REGEXEXTRACT(CELL("address",'Raw Data'!D19),"\$([A-Z]+)\$[0-9]+"))),_xlfn.REGEXEXTRACT(CELL("address",'Raw Data'!D19),"\$([A-Z]+)\$[0-9]+"))} | E19: {=IFERROR(IF(OR('Raw Data'!E19="",LEN(TRIM('Raw Data'!E19))=0),"",IF(AND(LEN('Raw Data'!E19) <= 20,LEN('Raw Data'!E19)> 0),"",_xlfn.REGEXEXTRACT(CELL("address",'Raw Data'!E19),"\$([A-Z]+)\$[0-9]+"))),_xlfn.REGEXEXTRACT(CELL("address",'Raw Data'!E19),"\$([A-Z]+)\$[0-9]+"))} | F19: {=IFERROR(IF(OR('Raw Data'!F19="",LEN(TRIM('Raw Data'!F19))=0),"",IF(AND(LEN('Raw Data'!F19) <= 20,LEN('Raw Data'!F19)> 0),"",_xlfn.REGEXEXTRACT(CELL("address",'Raw Data'!F19),"\$([A-Z]+)\$[0-9]+"))),_xlfn.REGEXEXTRACT(CELL("address",'Raw Data'!F19),"\$([A-Z]+)\$[0-9]+"))} | G19: {=IFERROR(IF(OR('Raw Data'!G19="",LEN(TRIM('Raw Data'!G19))=0),"",IF(AND(LEN('Raw Data'!G19) <= 10,LEN('Raw Data'!G19)> 0),"",_xlfn.REGEXEXTRACT(CELL("address",'Raw Data'!G19),"\$([A-Z]+)\$[0-9]+"))),_xlfn.REGEXEXTRACT(CELL("address",'Raw Data'!G19),"\$([A-Z]+)\$[0-9]+"))} | H19: {=IFERROR(IF(OR('Raw Data'!H19="",LEN(TRIM('Raw Data'!H19))=0),"",IF(AND(LEN('Raw Data'!H19) <= 255,LEN('Raw Data'!H19)> 0),"",_xlfn.REGEXEXTRACT(CELL("address",'Raw Data'!H19),"\$([A-Z]+)\$[0-9]+"))),_xlfn.REGEXEXTRACT(CELL("address",'Raw Data'!H19),"\$([A-Z]+)\$[0-9]+"))} | I19: {=IFERROR(IF(OR('Raw Data'!I19="",LEN(TRIM('Raw Data'!I19))=0),"",IF(AND(LEN('Raw Data'!I19) <= 255,LEN('Raw Data'!I19)> 0),"",_xlfn.REGEXEXTRACT(CELL("address",'Raw Data'!I19),"\$([A-Z]+)\$[0-9]+"))),_xlfn.REGEXEXTRACT(CELL("address",'Raw Data'!I19),"\$([A-Z]+)\$[0-9]+"))} | J19: {=IFERROR(IF(OR('Raw Data'!J19="",LEN(TRIM('Raw Data'!J19))=0),"",IF(AND(LEN('Raw Data'!J19) <= 255,LEN('Raw Data'!J19)> 0),"",_xlfn.REGEXEXTRACT(CELL("address",'Raw Data'!J19),"\$([A-Z]+)\$[0-9]+"))),_xlfn.REGEXEXTRACT(CELL("address",'Raw Data'!J19),"\$([A-Z]+)\$[0-9]+"))} | K19: {=IFERROR(IF(OR('Raw Data'!K19="",LEN(TRIM('Raw Data'!K19))=0),"",IF(AND(LEN('Raw Data'!K19) <= 255,LEN('Raw Data'!K19)> 0),"",_xlfn.REGEXEXTRACT(CELL("address",'Raw Data'!K19),"\$([A-Z]+)\$[0-9]+"))),_xlfn.REGEXEXTRACT(CELL("address",'Raw Data'!K19),"\$([A-Z]+)\$[0-9]+"))} | L19: {=IFERROR(IF(OR('Raw Data'!L19="",LEN(TRIM('Raw Data'!L19))=0),"",IF(AND(LEN('Raw Data'!L19) <= 255,LEN('Raw Data'!L19)> 0),"",_xlfn.REGEXEXTRACT(CELL("address",'Raw Data'!L19),"\$([A-Z]+)\$[0-9]+"))),_xlfn.REGEXEXTRACT(CELL("address",'Raw Data'!L19),"\$([A-Z]+)\$[0-9]+"))} | M19: {=IFERROR(IF(OR('Raw Data'!M19="",LEN(TRIM('Raw Data'!M19))=0),"",IF(AND(LEN('Raw Data'!M19) <= 255,LEN('Raw Data'!M19)> 0),"",_xlfn.REGEXEXTRACT(CELL("address",'Raw Data'!M19),"\$([A-Z]+)\$[0-9]+"))),_xlfn.REGEXEXTRACT(CELL("address",'Raw Data'!M19),"\$([A-Z]+)\$[0-9]+"))} | N19: {=IFERROR(IF(OR('Raw Data'!N19="",LEN(TRIM('Raw Data'!N19))=0),"",IF(AND(LEN('Raw Data'!N19) <= 255,LEN('Raw Data'!N19)> 0),"",_xlfn.REGEXEXTRACT(CELL("address",'Raw Data'!N19),"\$([A-Z]+)\$[0-9]+"))),_xlfn.REGEXEXTRACT(CELL("address",'Raw Data'!N19),"\$([A-Z]+)\$[0-9]+"))} | O19: {=IFERROR(IF(OR('Raw Data'!O19="",LEN(TRIM('Raw Data'!O19))=0),"",IF(AND(LEN('Raw Data'!O19) <= 255,LEN('Raw Data'!O19)> 0),"",_xlfn.REGEXEXTRACT(CELL("address",'Raw Data'!O19),"\$([A-Z]+)\$[0-9]+"))),_xlfn.REGEXEXTRACT(CELL("address",'Raw Data'!O19),"\$([A-Z]+)\$[0-9]+"))} | P19: {=IFERROR(IF(OR('Raw Data'!P19="",LEN(TRIM('Raw Data'!P19))=0),"",IF(AND(LEN('Raw Data'!P19) <= 10,LEN('Raw Data'!P19)> 0),"",_xlfn.REGEXEXTRACT(CELL("address",'Raw Data'!P19),"\$([A-Z]+)\$[0-9]+"))),_xlfn.REGEXEXTRACT(CELL("address",'Raw Data'!P19),"\$([A-Z]+)\$[0-9]+"))} | Q19: {=IFERROR(IF(OR('Raw Data'!Q19="",LEN(TRIM('Raw Data'!Q19))=0),"",IF(AND(ISNUMBER('Raw Data'!Q19), IFERROR('Raw Data'!Q19 = ROUND('Raw Data'!Q19, 2),FALSE)),"",_xlfn.REGEXEXTRACT(CELL("address",Q19), "\$([A-Z]+)\$[0-9]+"))),_xlfn.REGEXEXTRACT(CELL("address",Q19), "\$([A-Z]+)\$[0-9]+"))} | R19: {=IFERROR(IF(OR('Raw Data'!R19="",LEN(TRIM('Raw Data'!R19))=0),"",IF(AND(ISNUMBER('Raw Data'!R19), IFERROR('Raw Data'!R19 = ROUND('Raw Data'!R19, 2),FALSE)),"",_xlfn.REGEXEXTRACT(CELL("address",R19), "\$([A-Z]+)\$[0-9]+"))),_xlfn.REGEXEXTRACT(CELL("address",R19), "\$([A-Z]+)\$[0-9]+"))} | S19: {=IFERROR(IF(OR('Raw Data'!S19="",LEN(TRIM('Raw Data'!S19))=0),"",IF(AND(ISNUMBER('Raw Data'!S19), IFERROR('Raw Data'!S19 = ROUND('Raw Data'!S19, 2),FALSE)),"",_xlfn.REGEXEXTRACT(CELL("address",S19), "\$([A-Z]+)\$[0-9]+"))),_xlfn.REGEXEXTRACT(CELL("address",S19), "\$([A-Z]+)\$[0-9]+"))} | T19: {=IFERROR(IF(OR('Raw Data'!T19="",LEN(TRIM('Raw Data'!T19))=0),"",IF(AND(ISNUMBER('Raw Data'!T19), IFERROR('Raw Data'!T19 = ROUND('Raw Data'!T19, 2),FALSE)),"",_xlfn.REGEXEXTRACT(CELL("address",T19), "\$([A-Z]+)\$[0-9]+"))),_xlfn.REGEXEXTRACT(CELL("address",T19), "\$([A-Z]+)\$[0-9]+"))} | U19: {=IFERROR(IF(OR('Raw Data'!U19="",LEN(TRIM('Raw Data'!U19))=0),"",IF(AND(ISNUMBER('Raw Data'!U19), IFERROR('Raw Data'!U19 = ROUND('Raw Data'!U19, 2),FALSE)),"",_xlfn.REGEXEXTRACT(CELL("address",U19), "\$([A-Z]+)\$[0-9]+"))),_xlfn.REGEXEXTRACT(CELL("address",U19), "\$([A-Z]+)\$[0-9]+"))} | V19: {=IFERROR(IF(OR('Raw Data'!V19="",LEN(TRIM('Raw Data'!V19))=0),"",IF(AND(ISNUMBER('Raw Data'!V19), IFERROR('Raw Data'!V19 = ROUND('Raw Data'!V19, 2),FALSE)),"",_xlfn.REGEXEXTRACT(CELL("address",V19), "\$([A-Z]+)\$[0-9]+"))),_xlfn.REGEXEXTRACT(CELL("address",V19), "\$([A-Z]+)\$[0-9]+"))} | W19: {=IFERROR(IF(OR('Raw Data'!W19="",LEN(TRIM('Raw Data'!W19))=0),"",IF(AND(ISNUMBER('Raw Data'!W19), IFERROR('Raw Data'!W19 = ROUND('Raw Data'!W19, 2),FALSE)),"",_xlfn.REGEXEXTRACT(CELL("address",W19), "\$([A-Z]+)\$[0-9]+"))),_xlfn.REGEXEXTRACT(CELL("address",W19), "\$([A-Z]+)\$[0-9]+"))} | X19: {=IFERROR(IF(OR('Raw Data'!X19="",LEN(TRIM('Raw Data'!X19))=0),"",IF(AND(ISNUMBER('Raw Data'!X19), IFERROR('Raw Data'!X19 = ROUND('Raw Data'!X19, 2),FALSE)),"",_xlfn.REGEXEXTRACT(CELL("address",X19), "\$([A-Z]+)\$[0-9]+"))),_xlfn.REGEXEXTRACT(CELL("address",X19), "\$([A-Z]+)\$[0-9]+"))} | Y19: {=IFERROR(IF(OR('Raw Data'!Y19="",LEN(TRIM('Raw Data'!Y19))=0),"",IF(AND(ISNUMBER('Raw Data'!Y19), IFERROR('Raw Data'!Y19 = ROUND('Raw Data'!Y19, 2),FALSE)),"",_xlfn.REGEXEXTRACT(CELL("address",Y19), "\$([A-Z]+)\$[0-9]+"))),_xlfn.REGEXEXTRACT(CELL("address",Y19), "\$([A-Z]+)\$[0-9]+"))}
B20: {=IFERROR(IF(OR('Raw Data'!B20="",LEN(TRIM('Raw Data'!B20))=0),"",IF(AND(LEN('Raw Data'!B20) <= 10,LEN('Raw Data'!B20)> 0),"",_xlfn.REGEXEXTRACT(CELL("address",'Raw Data'!B20),"\$([A-Z]+)\$[0-9]+"))),_xlfn.REGEXEXTRACT(CELL("address",'Raw Data'!B20),"\$([A-Z]+)\$[0-9]+"))} | C20: {=IFERROR(IF(OR('Raw Data'!C20="",LEN(TRIM('Raw Data'!C20))=0),"",IF(AND(LEN('Raw Data'!C20) <= 20,LEN('Raw Data'!C20)> 0),"",_xlfn.REGEXEXTRACT(CELL("address",'Raw Data'!C20),"\$([A-Z]+)\$[0-9]+"))),_xlfn.REGEXEXTRACT(CELL("address",'Raw Data'!C20),"\$([A-Z]+)\$[0-9]+"))} | D20: {=IFERROR(IF(OR('Raw Data'!D20="",LEN(TRIM('Raw Data'!D20))=0),"",IF(AND(LEN('Raw Data'!D20) <= 20,LEN('Raw Data'!D20)> 0),"",_xlfn.REGEXEXTRACT(CELL("address",'Raw Data'!D20),"\$([A-Z]+)\$[0-9]+"))),_xlfn.REGEXEXTRACT(CELL("address",'Raw Data'!D20),"\$([A-Z]+)\$[0-9]+"))} | E20: {=IFERROR(IF(OR('Raw Data'!E20="",LEN(TRIM('Raw Data'!E20))=0),"",IF(AND(LEN('Raw Data'!E20) <= 20,LEN('Raw Data'!E20)> 0),"",_xlfn.REGEXEXTRACT(CELL("address",'Raw Data'!E20),"\$([A-Z]+)\$[0-9]+"))),_xlfn.REGEXEXTRACT(CELL("address",'Raw Data'!E20),"\$([A-Z]+)\$[0-9]+"))} | F20: {=IFERROR(IF(OR('Raw Data'!F20="",LEN(TRIM('Raw Data'!F20))=0),"",IF(AND(LEN('Raw Data'!F20) <= 20,LEN('Raw Data'!F20)> 0),"",_xlfn.REGEXEXTRACT(CELL("address",'Raw Data'!F20),"\$([A-Z]+)\$[0-9]+"))),_xlfn.REGEXEXTRACT(CELL("address",'Raw Data'!F20),"\$([A-Z]+)\$[0-9]+"))} | G20: {=IFERROR(IF(OR('Raw Data'!G20="",LEN(TRIM('Raw Data'!G20))=0),"",IF(AND(LEN('Raw Data'!G20) <= 10,LEN('Raw Data'!G20)> 0),"",_xlfn.REGEXEXTRACT(CELL("address",'Raw Data'!G20),"\$([A-Z]+)\$[0-9]+"))),_xlfn.REGEXEXTRACT(CELL("address",'Raw Data'!G20),"\$([A-Z]+)\$[0-9]+"))} | H20: {=IFERROR(IF(OR('Raw Data'!H20="",LEN(TRIM('Raw Data'!H20))=0),"",IF(AND(LEN('Raw Data'!H20) <= 255,LEN('Raw Data'!H20)> 0),"",_xlfn.REGEXEXTRACT(CELL("address",'Raw Data'!H20),"\$([A-Z]+)\$[0-9]+"))),_xlfn.REGEXEXTRACT(CELL("address",'Raw Data'!H20),"\$([A-Z]+)\$[0-9]+"))} | I20: {=IFERROR(IF(OR('Raw Data'!I20="",LEN(TRIM('Raw Data'!I20))=0),"",IF(AND(LEN('Raw Data'!I20) <= 255,LEN('Raw Data'!I20)> 0),"",_xlfn.REGEXEXTRACT(CELL("address",'Raw Data'!I20),"\$([A-Z]+)\$[0-9]+"))),_xlfn.REGEXEXTRACT(CELL("address",'Raw Data'!I20),"\$([A-Z]+)\$[0-9]+"))} | J20: {=IFERROR(IF(OR('Raw Data'!J20="",LEN(TRIM('Raw Data'!J20))=0),"",IF(AND(LEN('Raw Data'!J20) <= 255,LEN('Raw Data'!J20)> 0),"",_xlfn.REGEXEXTRACT(CELL("address",'Raw Data'!J20),"\$([A-Z]+)\$[0-9]+"))),_xlfn.REGEXEXTRACT(CELL("address",'Raw Data'!J20),"\$([A-Z]+)\$[0-9]+"))} | K20: {=IFERROR(IF(OR('Raw Data'!K20="",LEN(TRIM('Raw Data'!K20))=0),"",IF(AND(LEN('Raw Data'!K20) <= 255,LEN('Raw Data'!K20)> 0),"",_xlfn.REGEXEXTRACT(CELL("address",'Raw Data'!K20),"\$([A-Z]+)\$[0-9]+"))),_xlfn.REGEXEXTRACT(CELL("address",'Raw Data'!K20),"\$([A-Z]+)\$[0-9]+"))} | L20: {=IFERROR(IF(OR('Raw Data'!L20="",LEN(TRIM('Raw Data'!L20))=0),"",IF(AND(LEN('Raw Data'!L20) <= 255,LEN('Raw Data'!L20)> 0),"",_xlfn.REGEXEXTRACT(CELL("address",'Raw Data'!L20),"\$([A-Z]+)\$[0-9]+"))),_xlfn.REGEXEXTRACT(CELL("address",'Raw Data'!L20),"\$([A-Z]+)\$[0-9]+"))} | M20: {=IFERROR(IF(OR('Raw Data'!M20="",LEN(TRIM('Raw Data'!M20))=0),"",IF(AND(LEN('Raw Data'!M20) <= 255,LEN('Raw Data'!M20)> 0),"",_xlfn.REGEXEXTRACT(CELL("address",'Raw Data'!M20),"\$([A-Z]+)\$[0-9]+"))),_xlfn.REGEXEXTRACT(CELL("address",'Raw Data'!M20),"\$([A-Z]+)\$[0-9]+"))} | N20: {=IFERROR(IF(OR('Raw Data'!N20="",LEN(TRIM('Raw Data'!N20))=0),"",IF(AND(LEN('Raw Data'!N20) <= 255,LEN('Raw Data'!N20)> 0),"",_xlfn.REGEXEXTRACT(CELL("address",'Raw Data'!N20),"\$([A-Z]+)\$[0-9]+"))),_xlfn.REGEXEXTRACT(CELL("address",'Raw Data'!N20),"\$([A-Z]+)\$[0-9]+"))} | O20: {=IFERROR(IF(OR('Raw Data'!O20="",LEN(TRIM('Raw Data'!O20))=0),"",IF(AND(LEN('Raw Data'!O20) <= 255,LEN('Raw Data'!O20)> 0),"",_xlfn.REGEXEXTRACT(CELL("address",'Raw Data'!O20),"\$([A-Z]+)\$[0-9]+"))),_xlfn.REGEXEXTRACT(CELL("address",'Raw Data'!O20),"\$([A-Z]+)\$[0-9]+"))} | P20: {=IFERROR(IF(OR('Raw Data'!P20="",LEN(TRIM('Raw Data'!P20))=0),"",IF(AND(LEN('Raw Data'!P20) <= 10,LEN('Raw Data'!P20)> 0),"",_xlfn.REGEXEXTRACT(CELL("address",'Raw Data'!P20),"\$([A-Z]+)\$[0-9]+"))),_xlfn.REGEXEXTRACT(CELL("address",'Raw Data'!P20),"\$([A-Z]+)\$[0-9]+"))} | Q20: {=IFERROR(IF(OR('Raw Data'!Q20="",LEN(TRIM('Raw Data'!Q20))=0),"",IF(AND(ISNUMBER('Raw Data'!Q20), IFERROR('Raw Data'!Q20 = ROUND('Raw Data'!Q20, 2),FALSE)),"",_xlfn.REGEXEXTRACT(CELL("address",Q20), "\$([A-Z]+)\$[0-9]+"))),_xlfn.REGEXEXTRACT(CELL("address",Q20), "\$([A-Z]+)\$[0-9]+"))} | R20: {=IFERROR(IF(OR('Raw Data'!R20="",LEN(TRIM('Raw Data'!R20))=0),"",IF(AND(ISNUMBER('Raw Data'!R20), IFERROR('Raw Data'!R20 = ROUND('Raw Data'!R20, 2),FALSE)),"",_xlfn.REGEXEXTRACT(CELL("address",R20), "\$([A-Z]+)\$[0-9]+"))),_xlfn.REGEXEXTRACT(CELL("address",R20), "\$([A-Z]+)\$[0-9]+"))} | S20: {=IFERROR(IF(OR('Raw Data'!S20="",LEN(TRIM('Raw Data'!S20))=0),"",IF(AND(ISNUMBER('Raw Data'!S20), IFERROR('Raw Data'!S20 = ROUND('Raw Data'!S20, 2),FALSE)),"",_xlfn.REGEXEXTRACT(CELL("address",S20), "\$([A-Z]+)\$[0-9]+"))),_xlfn.REGEXEXTRACT(CELL("address",S20), "\$([A-Z]+)\$[0-9]+"))} | T20: {=IFERROR(IF(OR('Raw Data'!T20="",LEN(TRIM('Raw Data'!T20))=0),"",IF(AND(ISNUMBER('Raw Data'!T20), IFERROR('Raw Data'!T20 = ROUND('Raw Data'!T20, 2),FALSE)),"",_xlfn.REGEXEXTRACT(CELL("address",T20), "\$([A-Z]+)\$[0-9]+"))),_xlfn.REGEXEXTRACT(CELL("address",T20), "\$([A-Z]+)\$[0-9]+"))} | U20: {=IFERROR(IF(OR('Raw Data'!U20="",LEN(TRIM('Raw Data'!U20))=0),"",IF(AND(ISNUMBER('Raw Data'!U20), IFERROR('Raw Data'!U20 = ROUND('Raw Data'!U20, 2),FALSE)),"",_xlfn.REGEXEXTRACT(CELL("address",U20), "\$([A-Z]+)\$[0-9]+"))),_xlfn.REGEXEXTRACT(CELL("address",U20), "\$([A-Z]+)\$[0-9]+"))} | V20: {=IFERROR(IF(OR('Raw Data'!V20="",LEN(TRIM('Raw Data'!V20))=0),"",IF(AND(ISNUMBER('Raw Data'!V20), IFERROR('Raw Data'!V20 = ROUND('Raw Data'!V20, 2),FALSE)),"",_xlfn.REGEXEXTRACT(CELL("address",V20), "\$([A-Z]+)\$[0-9]+"))),_xlfn.REGEXEXTRACT(CELL("address",V20), "\$([A-Z]+)\$[0-9]+"))} | W20: {=IFERROR(IF(OR('Raw Data'!W20="",LEN(TRIM('Raw Data'!W20))=0),"",IF(AND(ISNUMBER('Raw Data'!W20), IFERROR('Raw Data'!W20 = ROUND('Raw Data'!W20, 2),FALSE)),"",_xlfn.REGEXEXTRACT(CELL("address",W20), "\$([A-Z]+)\$[0-9]+"))),_xlfn.REGEXEXTRACT(CELL("address",W20), "\$([A-Z]+)\$[0-9]+"))} | X20: {=IFERROR(IF(OR('Raw Data'!X20="",LEN(TRIM('Raw Data'!X20))=0),"",IF(AND(ISNUMBER('Raw Data'!X20), IFERROR('Raw Data'!X20 = ROUND('Raw Data'!X20, 2),FALSE)),"",_xlfn.REGEXEXTRACT(CELL("address",X20), "\$([A-Z]+)\$[0-9]+"))),_xlfn.REGEXEXTRACT(CELL("address",X20), "\$([A-Z]+)\$[0-9]+"))} | Y20: {=IFERROR(IF(OR('Raw Data'!Y20="",LEN(TRIM('Raw Data'!Y20))=0),"",IF(AND(ISNUMBER('Raw Data'!Y20), IFERROR('Raw Data'!Y20 = ROUND('Raw Data'!Y20, 2),FALSE)),"",_xlfn.REGEXEXTRACT(CELL("address",Y20), "\$([A-Z]+)\$[0-9]+"))),_xlfn.REGEXEXTRACT(CELL("address",Y20), "\$([A-Z]+)\$[0-9]+"))}
B21: {=IFERROR(IF(OR('Raw Data'!B21="",LEN(TRIM('Raw Data'!B21))=0),"",IF(AND(LEN('Raw Data'!B21) <= 10,LEN('Raw Data'!B21)> 0),"",_xlfn.REGEXEXTRACT(CELL("address",'Raw Data'!B21),"\$([A-Z]+)\$[0-9]+"))),_xlfn.REGEXEXTRACT(CELL("address",'Raw Data'!B21),"\$([A-Z]+)\$[0-9]+"))} | C21: {=IFERROR(IF(OR('Raw Data'!C21="",LEN(TRIM('Raw Data'!C21))=0),"",IF(AND(LEN('Raw Data'!C21) <= 20,LEN('Raw Data'!C21)> 0),"",_xlfn.REGEXEXTRACT(CELL("address",'Raw Data'!C21),"\$([A-Z]+)\$[0-9]+"))),_xlfn.REGEXEXTRACT(CELL("address",'Raw Data'!C21),"\$([A-Z]+)\$[0-9]+"))} | D21: {=IFERROR(IF(OR('Raw Data'!D21="",LEN(TRIM('Raw Data'!D21))=0),"",IF(AND(LEN('Raw Data'!D21) <= 20,LEN('Raw Data'!D21)> 0),"",_xlfn.REGEXEXTRACT(CELL("address",'Raw Data'!D21),"\$([A-Z]+)\$[0-9]+"))),_xlfn.REGEXEXTRACT(CELL("address",'Raw Data'!D21),"\$([A-Z]+)\$[0-9]+"))} | E21: {=IFERROR(IF(OR('Raw Data'!E21="",LEN(TRIM('Raw Data'!E21))=0),"",IF(AND(LEN('Raw Data'!E21) <= 20,LEN('Raw Data'!E21)> 0),"",_xlfn.REGEXEXTRACT(CELL("address",'Raw Data'!E21),"\$([A-Z]+)\$[0-9]+"))),_xlfn.REGEXEXTRACT(CELL("address",'Raw Data'!E21),"\$([A-Z]+)\$[0-9]+"))} | F21: {=IFERROR(IF(OR('Raw Data'!F21="",LEN(TRIM('Raw Data'!F21))=0),"",IF(AND(LEN('Raw Data'!F21) <= 20,LEN('Raw Data'!F21)> 0),"",_xlfn.REGEXEXTRACT(CELL("address",'Raw Data'!F21),"\$([A-Z]+)\$[0-9]+"))),_xlfn.REGEXEXTRACT(CELL("address",'Raw Data'!F21),"\$([A-Z]+)\$[0-9]+"))} | G21: {=IFERROR(IF(OR('Raw Data'!G21="",LEN(TRIM('Raw Data'!G21))=0),"",IF(AND(LEN('Raw Data'!G21) <= 10,LEN('Raw Data'!G21)> 0),"",_xlfn.REGEXEXTRACT(CELL("address",'Raw Data'!G21),"\$([A-Z]+)\$[0-9]+"))),_xlfn.REGEXEXTRACT(CELL("address",'Raw Data'!G21),"\$([A-Z]+)\$[0-9]+"))} | H21: {=IFERROR(IF(OR('Raw Data'!H21="",LEN(TRIM('Raw Data'!H21))=0),"",IF(AND(LEN('Raw Data'!H21) <= 255,LEN('Raw Data'!H21)> 0),"",_xlfn.REGEXEXTRACT(CELL("address",'Raw Data'!H21),"\$([A-Z]+)\$[0-9]+"))),_xlfn.REGEXEXTRACT(CELL("address",'Raw Data'!H21),"\$([A-Z]+)\$[0-9]+"))} | I21: {=IFERROR(IF(OR('Raw Data'!I21="",LEN(TRIM('Raw Data'!I21))=0),"",IF(AND(LEN('Raw Data'!I21) <= 255,LEN('Raw Data'!I21)> 0),"",_xlfn.REGEXEXTRACT(CELL("address",'Raw Data'!I21),"\$([A-Z]+)\$[0-9]+"))),_xlfn.REGEXEXTRACT(CELL("address",'Raw Data'!I21),"\$([A-Z]+)\$[0-9]+"))} | J21: {=IFERROR(IF(OR('Raw Data'!J21="",LEN(TRIM('Raw Data'!J21))=0),"",IF(AND(LEN('Raw Data'!J21) <= 255,LEN('Raw Data'!J21)> 0),"",_xlfn.REGEXEXTRACT(CELL("address",'Raw Data'!J21),"\$([A-Z]+)\$[0-9]+"))),_xlfn.REGEXEXTRACT(CELL("address",'Raw Data'!J21),"\$([A-Z]+)\$[0-9]+"))} | K21: {=IFERROR(IF(OR('Raw Data'!K21="",LEN(TRIM('Raw Data'!K21))=0),"",IF(AND(LEN('Raw Data'!K21) <= 255,LEN('Raw Data'!K21)> 0),"",_xlfn.REGEXEXTRACT(CELL("address",'Raw Data'!K21),"\$([A-Z]+)\$[0-9]+"))),_xlfn.REGEXEXTRACT(CELL("address",'Raw Data'!K21),"\$([A-Z]+)\$[0-9]+"))} | L21: {=IFERROR(IF(OR('Raw Data'!L21="",LEN(TRIM('Raw Data'!L21))=0),"",IF(AND(LEN('Raw Data'!L21) <= 255,LEN('Raw Data'!L21)> 0),"",_xlfn.REGEXEXTRACT(CELL("address",'Raw Data'!L21),"\$([A-Z]+)\$[0-9]+"))),_xlfn.REGEXEXTRACT(CELL("address",'Raw Data'!L21),"\$([A-Z]+)\$[0-9]+"))} | M21: {=IFERROR(IF(OR('Raw Data'!M21="",LEN(TRIM('Raw Data'!M21))=0),"",IF(AND(LEN('Raw Data'!M21) <= 255,LEN('Raw Data'!M21)> 0),"",_xlfn.REGEXEXTRACT(CELL("address",'Raw Data'!M21),"\$([A-Z]+)\$[0-9]+"))),_xlfn.REGEXEXTRACT(CELL("address",'Raw Data'!M21),"\$([A-Z]+)\$[0-9]+"))} | N21: {=IFERROR(IF(OR('Raw Data'!N21="",LEN(TRIM('Raw Data'!N21))=0),"",IF(AND(LEN('Raw Data'!N21) <= 255,LEN('Raw Data'!N21)> 0),"",_xlfn.REGEXEXTRACT(CELL("address",'Raw Data'!N21),"\$([A-Z]+)\$[0-9]+"))),_xlfn.REGEXEXTRACT(CELL("address",'Raw Data'!N21),"\$([A-Z]+)\$[0-9]+"))} | O21: {=IFERROR(IF(OR('Raw Data'!O21="",LEN(TRIM('Raw Data'!O21))=0),"",IF(AND(LEN('Raw Data'!O21) <= 255,LEN('Raw Data'!O21)> 0),"",_xlfn.REGEXEXTRACT(CELL("address",'Raw Data'!O21),"\$([A-Z]+)\$[0-9]+"))),_xlfn.REGEXEXTRACT(CELL("address",'Raw Data'!O21),"\$([A-Z]+)\$[0-9]+"))} | P21: {=IFERROR(IF(OR('Raw Data'!P21="",LEN(TRIM('Raw Data'!P21))=0),"",IF(AND(LEN('Raw Data'!P21) <= 10,LEN('Raw Data'!P21)> 0),"",_xlfn.REGEXEXTRACT(CELL("address",'Raw Data'!P21),"\$([A-Z]+)\$[0-9]+"))),_xlfn.REGEXEXTRACT(CELL("address",'Raw Data'!P21),"\$([A-Z]+)\$[0-9]+"))} | Q21: {=IFERROR(IF(OR('Raw Data'!Q21="",LEN(TRIM('Raw Data'!Q21))=0),"",IF(AND(ISNUMBER('Raw Data'!Q21), IFERROR('Raw Data'!Q21 = ROUND('Raw Data'!Q21, 2),FALSE)),"",_xlfn.REGEXEXTRACT(CELL("address",Q21), "\$([A-Z]+)\$[0-9]+"))),_xlfn.REGEXEXTRACT(CELL("address",Q21), "\$([A-Z]+)\$[0-9]+"))} | R21: {=IFERROR(IF(OR('Raw Data'!R21="",LEN(TRIM('Raw Data'!R21))=0),"",IF(AND(ISNUMBER('Raw Data'!R21), IFERROR('Raw Data'!R21 = ROUND('Raw Data'!R21, 2),FALSE)),"",_xlfn.REGEXEXTRACT(CELL("address",R21), "\$([A-Z]+)\$[0-9]+"))),_xlfn.REGEXEXTRACT(CELL("address",R21), "\$([A-Z]+)\$[0-9]+"))} | S21: {=IFERROR(IF(OR('Raw Data'!S21="",LEN(TRIM('Raw Data'!S21))=0),"",IF(AND(ISNUMBER('Raw Data'!S21), IFERROR('Raw Data'!S21 = ROUND('Raw Data'!S21, 2),FALSE)),"",_xlfn.REGEXEXTRACT(CELL("address",S21), "\$([A-Z]+)\$[0-9]+"))),_xlfn.REGEXEXTRACT(CELL("address",S21), "\$([A-Z]+)\$[0-9]+"))} | T21: {=IFERROR(IF(OR('Raw Data'!T21="",LEN(TRIM('Raw Data'!T21))=0),"",IF(AND(ISNUMBER('Raw Data'!T21), IFERROR('Raw Data'!T21 = ROUND('Raw Data'!T21, 2),FALSE)),"",_xlfn.REGEXEXTRACT(CELL("address",T21), "\$([A-Z]+)\$[0-9]+"))),_xlfn.REGEXEXTRACT(CELL("address",T21), "\$([A-Z]+)\$[0-9]+"))} | U21: {=IFERROR(IF(OR('Raw Data'!U21="",LEN(TRIM('Raw Data'!U21))=0),"",IF(AND(ISNUMBER('Raw Data'!U21), IFERROR('Raw Data'!U21 = ROUND('Raw Data'!U21, 2),FALSE)),"",_xlfn.REGEXEXTRACT(CELL("address",U21), "\$([A-Z]+)\$[0-9]+"))),_xlfn.REGEXEXTRACT(CELL("address",U21), "\$([A-Z]+)\$[0-9]+"))} | V21: {=IFERROR(IF(OR('Raw Data'!V21="",LEN(TRIM('Raw Data'!V21))=0),"",IF(AND(ISNUMBER('Raw Data'!V21), IFERROR('Raw Data'!V21 = ROUND('Raw Data'!V21, 2),FALSE)),"",_xlfn.REGEXEXTRACT(CELL("address",V21), "\$([A-Z]+)\$[0-9]+"))),_xlfn.REGEXEXTRACT(CELL("address",V21), "\$([A-Z]+)\$[0-9]+"))} | W21: {=IFERROR(IF(OR('Raw Data'!W21="",LEN(TRIM('Raw Data'!W21))=0),"",IF(AND(ISNUMBER('Raw Data'!W21), IFERROR('Raw Data'!W21 = ROUND('Raw Data'!W21, 2),FALSE)),"",_xlfn.REGEXEXTRACT(CELL("address",W21), "\$([A-Z]+)\$[0-9]+"))),_xlfn.REGEXEXTRACT(CELL("address",W21), "\$([A-Z]+)\$[0-9]+"))} | X21: {=IFERROR(IF(OR('Raw Data'!X21="",LEN(TRIM('Raw Data'!X21))=0),"",IF(AND(ISNUMBER('Raw Data'!X21), IFERROR('Raw Data'!X21 = ROUND('Raw Data'!X21, 2),FALSE)),"",_xlfn.REGEXEXTRACT(CELL("address",X21), "\$([A-Z]+)\$[0-9]+"))),_xlfn.REGEXEXTRACT(CELL("address",X21), "\$([A-Z]+)\$[0-9]+"))} | Y21: {=IFERROR(IF(OR('Raw Data'!Y21="",LEN(TRIM('Raw Data'!Y21))=0),"",IF(AND(ISNUMBER('Raw Data'!Y21), IFERROR('Raw Data'!Y21 = ROUND('Raw Data'!Y21, 2),FALSE)),"",_xlfn.REGEXEXTRACT(CELL("address",Y21), "\$([A-Z]+)\$[0-9]+"))),_xlfn.REGEXEXTRACT(CELL("address",Y21), "\$([A-Z]+)\$[0-9]+"))}
... B399: {=IFERROR(IF(OR('Raw Data'!B399="",LEN(TRIM('Raw Data'!B399))=0),"",IF(AND(LEN('Raw Data'!B399) <= 10,LEN('Raw Data'!B399)> 0),"",_xlfn.REGEXEXTRACT(CELL("address",'Raw Data'!B399),"\$([A-Z]+)\$[0-9]+"))),_xlfn.REGEXEXTRACT(CELL("address",'Raw Data'!B399),"\$([A-Z]+)\$[0-9]+"))} | C399: {=IFERROR(IF(OR('Raw Data'!C399="",LEN(TRIM('Raw Data'!C399))=0),"",IF(AND(LEN('Raw Data'!C399) <= 20,LEN('Raw Data'!C399)> 0),"",_xlfn.REGEXEXTRACT(CELL("address",'Raw Data'!C399),"\$([A-Z]+)\$[0-9]+"))),_xlfn.REGEXEXTRACT(CELL("address",'Raw Data'!C399),"\$([A-Z]+)\$[0-9]+"))} | D399: {=IFERROR(IF(OR('Raw Data'!D399="",LEN(TRIM('Raw Data'!D399))=0),"",IF(AND(LEN('Raw Data'!D399) <= 20,LEN('Raw Data'!D399)> 0),"",_xlfn.REGEXEXTRACT(CELL("address",'Raw Data'!D399),"\$([A-Z]+)\$[0-9]+"))),_xlfn.REGEXEXTRACT(CELL("address",'Raw Data'!D399),"\$([A-Z]+)\$[0-9]+"))} | E399: {=IFERROR(IF(OR('Raw Data'!E399="",LEN(TRIM('Raw Data'!E399))=0),"",IF(AND(LEN('Raw Data'!E399) <= 20,LEN('Raw Data'!E399)> 0),"",_xlfn.REGEXEXTRACT(CELL("address",'Raw Data'!E399),"\$([A-Z]+)\$[0-9]+"))),_xlfn.REGEXEXTRACT(CELL("address",'Raw Data'!E399),"\$([A-Z]+)\$[0-9]+"))} | F399: {=IFERROR(IF(OR('Raw Data'!F399="",LEN(TRIM('Raw Data'!F399))=0),"",IF(AND(LEN('Raw Data'!F399) <= 20,LEN('Raw Data'!F399)> 0),"",_xlfn.REGEXEXTRACT(CELL("address",'Raw Data'!F399),"\$([A-Z]+)\$[0-9]+"))),_xlfn.REGEXEXTRACT(CELL("address",'Raw Data'!F399),"\$([A-Z]+)\$[0-9]+"))} | G399: {=IFERROR(IF(OR('Raw Data'!G399="",LEN(TRIM('Raw Data'!G399))=0),"",IF(AND(LEN('Raw Data'!G399) <= 10,LEN('Raw Data'!G399)> 0),"",_xlfn.REGEXEXTRACT(CELL("address",'Raw Data'!G399),"\$([A-Z]+)\$[0-9]+"))),_xlfn.REGEXEXTRACT(CELL("address",'Raw Data'!G399),"\$([A-Z]+)\$[0-9]+"))} | H399: {=IFERROR(IF(OR('Raw Data'!H399="",LEN(TRIM('Raw Data'!H399))=0),"",IF(AND(LEN('Raw Data'!H399) <= 255,LEN('Raw Data'!H399)> 0),"",_xlfn.REGEXEXTRACT(CELL("address",'Raw Data'!H399),"\$([A-Z]+)\$[0-9]+"))),_xlfn.REGEXEXTRACT(CELL("address",'Raw Data'!H399),"\$([A-Z]+)\$[0-9]+"))} | I399: {=IFERROR(IF(OR('Raw Data'!I399="",LEN(TRIM('Raw Data'!I399))=0),"",IF(AND(LEN('Raw Data'!I399) <= 255,LEN('Raw Data'!I399)> 0),"",_xlfn.REGEXEXTRACT(CELL("address",'Raw Data'!I399),"\$([A-Z]+)\$[0-9]+"))),_xlfn.REGEXEXTRACT(CELL("address",'Raw Data'!I399),"\$([A-Z]+)\$[0-9]+"))} | J399: {=IFERROR(IF(OR('Raw Data'!J399="",LEN(TRIM('Raw Data'!J399))=0),"",IF(AND(LEN('Raw Data'!J399) <= 255,LEN('Raw Data'!J399)> 0),"",_xlfn.REGEXEXTRACT(CELL("address",'Raw Data'!J399),"\$([A-Z]+)\$[0-9]+"))),_xlfn.REGEXEXTRACT(CELL("address",'Raw Data'!J399),"\$([A-Z]+)\$[0-9]+"))} | K399: {=IFERROR(IF(OR('Raw Data'!K399="",LEN(TRIM('Raw Data'!K399))=0),"",IF(AND(LEN('Raw Data'!K399) <= 255,LEN('Raw Data'!K399)> 0),"",_xlfn.REGEXEXTRACT(CELL("address",'Raw Data'!K399),"\$([A-Z]+)\$[0-9]+"))),_xlfn.REGEXEXTRACT(CELL("address",'Raw Data'!K399),"\$([A-Z]+)\$[0-9]+"))} | L399: {=IFERROR(IF(OR('Raw Data'!L399="",LEN(TRIM('Raw Data'!L399))=0),"",IF(AND(LEN('Raw Data'!L399) <= 255,LEN('Raw Data'!L399)> 0),"",_xlfn.REGEXEXTRACT(CELL("address",'Raw Data'!L399),"\$([A-Z]+)\$[0-9]+"))),_xlfn.REGEXEXTRACT(CELL("address",'Raw Data'!L399),"\$([A-Z]+)\$[0-9]+"))} | M399: {=IFERROR(IF(OR('Raw Data'!M399="",LEN(TRIM('Raw Data'!M399))=0),"",IF(AND(LEN('Raw Data'!M399) <= 255,LEN('Raw Data'!M399)> 0),"",_xlfn.REGEXEXTRACT(CELL("address",'Raw Data'!M399),"\$([A-Z]+)\$[0-9]+"))),_xlfn.REGEXEXTRACT(CELL("address",'Raw Data'!M399),"\$([A-Z]+)\$[0-9]+"))} | N399: {=IFERROR(IF(OR('Raw Data'!N399="",LEN(TRIM('Raw Data'!N399))=0),"",IF(AND(LEN('Raw Data'!N399) <= 255,LEN('Raw Data'!N399)> 0),"",_xlfn.REGEXEXTRACT(CELL("address",'Raw Data'!N399),"\$([A-Z]+)\$[0-9]+"))),_xlfn.REGEXEXTRACT(CELL("address",'Raw Data'!N399),"\$([A-Z]+)\$[0-9]+"))} | O399: {=IFERROR(IF(OR('Raw Data'!O399="",LEN(TRIM('Raw Data'!O399))=0),"",IF(AND(LEN('Raw Data'!O399) <= 255,LEN('Raw Data'!O399)> 0),"",_xlfn.REGEXEXTRACT(CELL("address",'Raw Data'!O399),"\$([A-Z]+)\$[0-9]+"))),_xlfn.REGEXEXTRACT(CELL("address",'Raw Data'!O399),"\$([A-Z]+)\$[0-9]+"))} | P399: {=IFERROR(IF(OR('Raw Data'!P399="",LEN(TRIM('Raw Data'!P399))=0),"",IF(AND(LEN('Raw Data'!P399) <= 10,LEN('Raw Data'!P399)> 0),"",_xlfn.REGEXEXTRACT(CELL("address",'Raw Data'!P399),"\$([A-Z]+)\$[0-9]+"))),_xlfn.REGEXEXTRACT(CELL("address",'Raw Data'!P399),"\$([A-Z]+)\$[0-9]+"))} | Q399: {=IFERROR(IF(OR('Raw Data'!Q399="",LEN(TRIM('Raw Data'!Q399))=0),"",IF(AND(ISNUMBER('Raw Data'!Q399), IFERROR('Raw Data'!Q399 = ROUND('Raw Data'!Q399, 2),FALSE)),"",_xlfn.REGEXEXTRACT(CELL("address",Q399), "\$([A-Z]+)\$[0-9]+"))),_xlfn.REGEXEXTRACT(CELL("address",Q399), "\$([A-Z]+)\$[0-9]+"))} | R399: {=IFERROR(IF(OR('Raw Data'!R399="",LEN(TRIM('Raw Data'!R399))=0),"",IF(AND(ISNUMBER('Raw Data'!R399), IFERROR('Raw Data'!R399 = ROUND('Raw Data'!R399, 2),FALSE)),"",_xlfn.REGEXEXTRACT(CELL("address",R399), "\$([A-Z]+)\$[0-9]+"))),_xlfn.REGEXEXTRACT(CELL("address",R399), "\$([A-Z]+)\$[0-9]+"))} | S399: {=IFERROR(IF(OR('Raw Data'!S399="",LEN(TRIM('Raw Data'!S399))=0),"",IF(AND(ISNUMBER('Raw Data'!S399), IFERROR('Raw Data'!S399 = ROUND('Raw Data'!S399, 2),FALSE)),"",_xlfn.REGEXEXTRACT(CELL("address",S399), "\$([A-Z]+)\$[0-9]+"))),_xlfn.REGEXEXTRACT(CELL("address",S399), "\$([A-Z]+)\$[0-9]+"))} | T399: {=IFERROR(IF(OR('Raw Data'!T399="",LEN(TRIM('Raw Data'!T399))=0),"",IF(AND(ISNUMBER('Raw Data'!T399), IFERROR('Raw Data'!T399 = ROUND('Raw Data'!T399, 2),FALSE)),"",_xlfn.REGEXEXTRACT(CELL("address",T399), "\$([A-Z]+)\$[0-9]+"))),_xlfn.REGEXEXTRACT(CELL("address",T399), "\$([A-Z]+)\$[0-9]+"))} | U399: {=IFERROR(IF(OR('Raw Data'!U399="",LEN(TRIM('Raw Data'!U399))=0),"",IF(AND(ISNUMBER('Raw Data'!U399), IFERROR('Raw Data'!U399 = ROUND('Raw Data'!U399, 2),FALSE)),"",_xlfn.REGEXEXTRACT(CELL("address",U399), "\$([A-Z]+)\$[0-9]+"))),_xlfn.REGEXEXTRACT(CELL("address",U399), "\$([A-Z]+)\$[0-9]+"))} | V399: {=IFERROR(IF(OR('Raw Data'!V399="",LEN(TRIM('Raw Data'!V399))=0),"",IF(AND(ISNUMBER('Raw Data'!V399), IFERROR('Raw Data'!V399 = ROUND('Raw Data'!V399, 2),FALSE)),"",_xlfn.REGEXEXTRACT(CELL("address",V399), "\$([A-Z]+)\$[0-9]+"))),_xlfn.REGEXEXTRACT(CELL("address",V399), "\$([A-Z]+)\$[0-9]+"))} | W399: {=IFERROR(IF(OR('Raw Data'!W399="",LEN(TRIM('Raw Data'!W399))=0),"",IF(AND(ISNUMBER('Raw Data'!W399), IFERROR('Raw Data'!W399 = ROUND('Raw Data'!W399, 2),FALSE)),"",_xlfn.REGEXEXTRACT(CELL("address",W399), "\$([A-Z]+)\$[0-9]+"))),_xlfn.REGEXEXTRACT(CELL("address",W399), "\$([A-Z]+)\$[0-9]+"))} | X399: {=IFERROR(IF(OR('Raw Data'!X399="",LEN(TRIM('Raw Data'!X399))=0),"",IF(AND(ISNUMBER('Raw Data'!X399), IFERROR('Raw Data'!X399 = ROUND('Raw Data'!X399, 2),FALSE)),"",_xlfn.REGEXEXTRACT(CELL("address",X399), "\$([A-Z]+)\$[0-9]+"))),_xlfn.REGEXEXTRACT(CELL("address",X399), "\$([A-Z]+)\$[0-9]+"))} | Y399: {=IFERROR(IF(OR('Raw Data'!Y399="",LEN(TRIM('Raw Data'!Y399))=0),"",IF(AND(ISNUMBER('Raw Data'!Y399), IFERROR('Raw Data'!Y399 = ROUND('Raw Data'!Y399, 2),FALSE)),"",_xlfn.REGEXEXTRACT(CELL("address",Y399), "\$([A-Z]+)\$[0-9]+"))),_xlfn.REGEXEXTRACT(CELL("address",Y399), "\$([A-Z]+)\$[0-9]+"))}

Sheet Configuration
A1: col_number | B1: range_start | C1: range_stop | D1: project_active_Start | E1: project_inactive_end | F1: relate_document
A2: 2 | B2: B10 | C2: Y? | D2: 45292 | E2: 46388

Sheet Validate_Type
B1: C1 | C1: C2 | D1: C3 | E1: C4 | F1: C5 | G1: C6 | H1: C7 | I1: C8
B2: {=IF('Raw Data'!B1="",_xlfn.REGEXEXTRACT(CELL("address",'Raw Data'!B1),"\$([A-Z]+)\$[0-9]+"),"")} -> $B$1 | C2: {=IF('Raw Data'!C1="",_xlfn.REGEXEXTRACT(CELL("address",'Raw Data'!C1),"\$([A-Z]+)\$[0-9]+"),"")} -> $C$1 | D2: {=IF('Raw Data'!D1="",_xlfn.REGEXEXTRACT(CELL("address",'Raw Data'!D1),"\$([A-Z]+)\$[0-9]+"),"")} -> $D$1 | E2: {=IF('Raw Data'!E1="",_xlfn.REGEXEXTRACT(CELL("address",'Raw Data'!E1),"\$([A-Z]+)\$[0-9]+"),"")} -> $E$1 | F2: {=IF('Raw Data'!F1="",_xlfn.REGEXEXTRACT(CELL("address",'Raw Data'!F1),"\$([A-Z]+)\$[0-9]+"),"")} -> $F$1 | G2: {=IF('Raw Data'!G1="",_xlfn.REGEXEXTRACT(CELL("address",'Raw Data'!G1),"\$([A-Z]+)\$[0-9]+"),"")} -> $G$1 | H2: {=IF('Raw Data'!H1="",_xlfn.REGEXEXTRACT(CELL("address",'Raw Data'!H1),"\$([A-Z]+)\$[0-9]+"),"")} -> $H$1 | I2: {=IF('Raw Data'!I1="",_xlfn.REGEXEXTRACT(CELL("address",'Raw Data'!I1),"\$([A-Z]+)\$[0-9]+"),"")} -> $I$1
B3: {=IF('Raw Data'!B3="",_xlfn.REGEXEXTRACT(CELL("address",'Raw Data'!B3),"\$([A-Z]+)\$[0-9]+"),"")} -> $B$3 | C3: {=IF('Raw Data'!C3="",_xlfn.REGEXEXTRACT(CELL("address",'Raw Data'!C3),"\$([A-Z]+)\$[0-9]+"),"")} -> $C$3 | D3: {=IF('Raw Data'!D3="",_xlfn.REGEXEXTRACT(CELL("address",'Raw Data'!D3),"\$([A-Z]+)\$[0-9]+"),"")} -> $D$3 | E3: {=IF('Raw Data'!E3="",_xlfn.REGEXEXTRACT(CELL("address",'Raw Data'!E3),"\$([A-Z]+)\$[0-9]+"),"")} -> $E$3 | F3: {=IF('Raw Data'!F3="",_xlfn.REGEXEXTRACT(CELL("address",'Raw Data'!F3),"\$([A-Z]+)\$[0-9]+"),"")} -> $F$3 | G3: {=IF('Raw Data'!G3="",_xlfn.REGEXEXTRACT(CELL("address",'Raw Data'!G3),"\$([A-Z]+)\$[0-9]+"),"")} -> $G$3 | H3: {=IF('Raw Data'!H3="",_xlfn.REGEXEXTRACT(CELL("address",'Raw Data'!H3),"\$([A-Z]+)\$[0-9]+"),"")} -> $H$3 | I3: {=IF('Raw Data'!I3="",_xlfn.REGEXEXTRACT(CELL("address",'Raw Data'!I3),"\$([A-Z]+)\$[0-9]+"),"")} -> $I$3
B4: {=IF('Raw Data'!B4="",_xlfn.REGEXEXTRACT(CELL("address",'Raw Data'!B4),"\$([A-Z]+)\$[0-9]+"),"")} -> $B$4 | C4: {=IF('Raw Data'!C4="",_xlfn.REGEXEXTRACT(CELL("address",'Raw Data'!C4),"\$([A-Z]+)\$[0-9]+"),"")} -> $C$4 | D4: {=IF('Raw Data'!D4="",_xlfn.REGEXEXTRACT(CELL("address",'Raw Data'!D4),"\$([A-Z]+)\$[0-9]+"),"")} -> $D$4 | E4: {=IF('Raw Data'!E4="",_xlfn.REGEXEXTRACT(CELL("address",'Raw Data'!E4),"\$([A-Z]+)\$[0-9]+"),"")} -> $E$4 | F4: {=IF('Raw Data'!F4="",_xlfn.REGEXEXTRACT(CELL("address",'Raw Data'!F4),"\$([A-Z]+)\$[0-9]+"),"")} -> $F$4 | G4: {=IF('Raw Data'!G4="",_xlfn.REGEXEXTRACT(CELL("address",'Raw Data'!G4),"\$([A-Z]+)\$[0-9]+"),"")} -> $G$4 | H4: {=IF('Raw Data'!H4="",_xlfn.REGEXEXTRACT(CELL("address",'Raw Data'!H4),"\$([A-Z]+)\$[0-9]+"),"")} -> $H$4 | I4: {=IF('Raw Data'!I4="",_xlfn.REGEXEXTRACT(CELL("address",'Raw Data'!I4),"\$([A-Z]+)\$[0-9]+"),"")} -> $I$4
B5: {=IF('Raw Data'!B5="",_xlfn.REGEXEXTRACT(CELL("address",'Raw Data'!B5),"\$([A-Z]+)\$[0-9]+"),"")} -> $B$5 | C5: {=IF('Raw Data'!C5="",_xlfn.REGEXEXTRACT(CELL("address",'Raw Data'!C5),"\$([A-Z]+)\$[0-9]+"),"")} -> $C$5 | D5: {=IF('Raw Data'!D5="",_xlfn.REGEXEXTRACT(CELL("address",'Raw Data'!D5),"\$([A-Z]+)\$[0-9]+"),"")} -> $D$5 | E5: {=IF('Raw Data'!E5="",_xlfn.REGEXEXTRACT(CELL("address",'Raw Data'!E5),"\$([A-Z]+)\$[0-9]+"),"")} -> $E$5 | F5: {=IF('Raw Data'!F5="",_xlfn.REGEXEXTRACT(CELL("address",'Raw Data'!F5),"\$([A-Z]+)\$[0-9]+"),"")} -> $F$5 | G5: {=IF('Raw Data'!G5="",_xlfn.REGEXEXTRACT(CELL("address",'Raw Data'!G5),"\$([A-Z]+)\$[0-9]+"),"")} -> $G$5 | H5: {=IF('Raw Data'!H5="",_xlfn.REGEXEXTRACT(CELL("address",'Raw Data'!H5),"\$([A-Z]+)\$[0-9]+"),"")} -> $H$5 | I5: {=IF('Raw Data'!I5="",_xlfn.REGEXEXTRACT(CELL("address",'Raw Data'!I5),"\$([A-Z]+)\$[0-9]+"),"")} -> $I$5
B6: {=IF('Raw Data'!B6="",_xlfn.REGEXEXTRACT(CELL("address",'Raw Data'!B6),"\$([A-Z]+)\$[0-9]+"),"")} -> $B$6 | C6: {=IF('Raw Data'!C6="",_xlfn.REGEXEXTRACT(CELL("address",'Raw Data'!C6),"\$([A-Z]+)\$[0-9]+"),"")} -> $C$6 | D6: {=IF('Raw Data'!D6="",_xlfn.REGEXEXTRACT(CELL("address",'Raw Data'!D6),"\$([A-Z]+)\$[0-9]+"),"")} -> $D$6 | E6: {=IF('Raw Data'!E6="",_xlfn.REGEXEXTRACT(CELL("address",'Raw Data'!E6),"\$([A-Z]+)\$[0-9]+"),"")} -> $E$6 | F6: {=IF('Raw Data'!F6="",_xlfn.REGEXEXTRACT(CELL("address",'Raw Data'!F6),"\$([A-Z]+)\$[0-9]+"),"")} -> $F$6 | G6: {=IF('Raw Data'!G6="",_xlfn.REGEXEXTRACT(CELL("address",'Raw Data'!G6),"\$([A-Z]+)\$[0-9]+"),"")} -> $G$6 | H6: {=IF('Raw Data'!H6="",_xlfn.REGEXEXTRACT(CELL("address",'Raw Data'!H6),"\$([A-Z]+)\$[0-9]+"),"")} -> $H$6 | I6: {=IF('Raw Data'!I6="",_xlfn.REGEXEXTRACT(CELL("address",'Raw Data'!I6),"\$([A-Z]+)\$[0-9]+"),"")} -> $I$6
B7: {=IF('Raw Data'!B7="",_xlfn.REGEXEXTRACT(CELL("address",'Raw Data'!B7),"\$([A-Z]+)\$[0-9]+"),"")} -> $B$7 | C7: {=IF('Raw Data'!C7="",_xlfn.REGEXEXTRACT(CELL("address",'Raw Data'!C7),"\$([A-Z]+)\$[0-9]+"),"")} -> $C$7 | D7: {=IF('Raw Data'!D7="",_xlfn.REGEXEXTRACT(CELL("address",'Raw Data'!D7),"\$([A-Z]+)\$[0-9]+"),"")} -> $D$7 | E7: {=IF('Raw Data'!E7="",_xlfn.REGEXEXTRACT(CELL("address",'Raw Data'!E7),"\$([A-Z]+)\$[0-9]+"),"")} -> $E$7 | F7: {=IF('Raw Data'!F7="",_xlfn.REGEXEXTRACT(CELL("address",'Raw Data'!F7),"\$([A-Z]+)\$[0-9]+"),"")} -> $F$7 | G7: {=IF('Raw Data'!G7="",_xlfn.REGEXEXTRACT(CELL("address",'Raw Data'!G7),"\$([A-Z]+)\$[0-9]+"),"")} -> $G$7 | H7: {=IF('Raw Data'!H7="",_xlfn.REGEXEXTRACT(CELL("address",'Raw Data'!H7),"\$([A-Z]+)\$[0-9]+"),"")} -> $H$7 | I7: {=IF('Raw Data'!I7="",_xlfn.REGEXEXTRACT(CELL("address",'Raw Data'!I7),"\$([A-Z]+)\$[0-9]+"),"")} -> $I$7
B8: {=IF('Raw Data'!B8="",_xlfn.REGEXEXTRACT(CELL("address",'Raw Data'!B8),"\$([A-Z]+)\$[0-9]+"),"")} -> $B$8 | C8: {=IF('Raw Data'!C8="",_xlfn.REGEXEXTRACT(CELL("address",'Raw Data'!C8),"\$([A-Z]+)\$[0-9]+"),"")} -> $C$8 | D8: {=IF('Raw Data'!D8="",_xlfn.REGEXEXTRACT(CELL("address",'Raw Data'!D8),"\$([A-Z]+)\$[0-9]+"),"")} -> $D$8 | E8: {=IF('Raw Data'!E8="",_xlfn.REGEXEXTRACT(CELL("address",'Raw Data'!E8),"\$([A-Z]+)\$[0-9]+"),"")} -> $E$8 | F8: {=IF('Raw Data'!F8="",_xlfn.REGEXEXTRACT(CELL("address",'Raw Data'!F8),"\$([A-Z]+)\$[0-9]+"),"")} -> $F$8 | G8: {=IF('Raw Data'!G8="",_xlfn.REGEXEXTRACT(CELL("address",'Raw Data'!G8),"\$([A-Z]+)\$[0-9]+"),"")} -> $G$8 | H8: {=IF('Raw Data'!H8="",_xlfn.REGEXEXTRACT(CELL("address",'Raw Data'!H8),"\$([A-Z]+)\$[0-9]+"),"")} -> $H$8 | I8: {=IF('Raw Data'!I8="",_xlfn.REGEXEXTRACT(CELL("address",'Raw Data'!I8),"\$([A-Z]+)\$[0-9]+"),"")} -> $I$8
B9: {=IF('Raw Data'!#REF!="",_xlfn.REGEXEXTRACT(CELL("address",'Raw Data'!#REF!),"\$([A-Z]+)\$[0-9]+"),"")} -> #REF! | C9: {=IF('Raw Data'!#REF!="",_xlfn.REGEXEXTRACT(CELL("address",'Raw Data'!#REF!),"\$([A-Z]+)\$[0-9]+"),"")} -> #REF! | D9: {=IF('Raw Data'!#REF!="",_xlfn.REGEXEXTRACT(CELL("address",'Raw Data'!#REF!),"\$([A-Z]+)\$[0-9]+"),"")} -> #REF! | E9: {=IF('Raw Data'!#REF!="",_xlfn.REGEXEXTRACT(CELL("address",'Raw Data'!#REF!),"\$([A-Z]+)\$[0-9]+"),"")} -> #REF! | F9: {=IF('Raw Data'!#REF!="",_xlfn.REGEXEXTRACT(CELL("address",'Raw Data'!#REF!),"\$([A-Z]+)\$[0-9]+"),"")} -> #REF! | G9: {=IF('Raw Data'!#REF!="",_xlfn.REGEXEXTRACT(CELL("address",'Raw Data'!#REF!),"\$([A-Z]+)\$[0-9]+"),"")} -> #REF! | H9: {=IF('Raw Data'!#REF!="",_xlfn.REGEXEXTRACT(CELL("address",'Raw Data'!#REF!),"\$([A-Z]+)\$[0-9]+"),"")} -> #REF! | I9: {=IF('Raw Data'!#REF!="",_xlfn.REGEXEXTRACT(CELL("address",'Raw Data'!#REF!),"\$([A-Z]+)\$[0-9]+"),"")} -> #REF!
B10: {=IF('Raw Data'!B10="",_xlfn.REGEXEXTRACT(CELL("address",'Raw Data'!B10),"\$([A-Z]+)\$[0-9]+"),"")} | C10: {=IF('Raw Data'!C10="",_xlfn.REGEXEXTRACT(CELL("address",'Raw Data'!C10),"\$([A-Z]+)\$[0-9]+"),"")} | D10: {=IF('Raw Data'!D10="",_xlfn.REGEXEXTRACT(CELL("address",'Raw Data'!D10),"\$([A-Z]+)\$[0-9]+"),"")} | E10: {=IF('Raw Data'!E10="",_xlfn.REGEXEXTRACT(CELL("address",'Raw Data'!E10),"\$([A-Z]+)\$[0-9]+"),"")} | F10: {=IF('Raw Data'!F10="",_xlfn.REGEXEXTRACT(CELL("address",'Raw Data'!F10),"\$([A-Z]+)\$[0-9]+"),"")} | G10: {=IF('Raw Data'!G10="",_xlfn.REGEXEXTRACT(CELL("address",'Raw Data'!G10),"\$([A-Z]+)\$[0-9]+"),"")} | H10: {=IF('Raw Data'!H10="",_xlfn.REGEXEXTRACT(CELL("address",'Raw Data'!H10),"\$([A-Z]+)\$[0-9]+"),"")} | I10: {=IF('Raw Data'!I10="",_xlfn.REGEXEXTRACT(CELL("address",'Raw Data'!I10),"\$([A-Z]+)\$[0-9]+"),"")}
B11: {=IF('Raw Data'!B11="",_xlfn.REGEXEXTRACT(CELL("address",'Raw Data'!B11),"\$([A-Z]+)\$[0-9]+"),"")} | C11: {=IF('Raw Data'!C11="",_xlfn.REGEXEXTRACT(CELL("address",'Raw Data'!C11),"\$([A-Z]+)\$[0-9]+"),"")} | D11: {=IF('Raw Data'!D11="",_xlfn.REGEXEXTRACT(CELL("address",'Raw Data'!D11),"\$([A-Z]+)\$[0-9]+"),"")} | E11: {=IF('Raw Data'!E11="",_xlfn.REGEXEXTRACT(CELL("address",'Raw Data'!E11),"\$([A-Z]+)\$[0-9]+"),"")} | F11: {=IF('Raw Data'!F11="",_xlfn.REGEXEXTRACT(CELL("address",'Raw Data'!F11),"\$([A-Z]+)\$[0-9]+"),"")} | G11: {=IF('Raw Data'!G11="",_xlfn.REGEXEXTRACT(CELL("address",'Raw Data'!G11),"\$([A-Z]+)\$[0-9]+"),"")} | H11: {=IF('Raw Data'!H11="",_xlfn.REGEXEXTRACT(CELL("address",'Raw Data'!H11),"\$([A-Z]+)\$[0-9]+"),"")} | I11: {=IF('Raw Data'!I11="",_xlfn.REGEXEXTRACT(CELL("address",'Raw Data'!I11),"\$([A-Z]+)\$[0-9]+"),"")}
B12: {=IF('Raw Data'!B12="",_xlfn.REGEXEXTRACT(CELL("address",'Raw Data'!B12),"\$([A-Z]+)\$[0-9]+"),"")} | C12: {=IF('Raw Data'!C12="",_xlfn.REGEXEXTRACT(CELL("address",'Raw Data'!C12),"\$([A-Z]+)\$[0-9]+"),"")} | D12: {=IF('Raw Data'!D12="",_xlfn.REGEXEXTRACT(CELL("address",'Raw Data'!D12),"\$([A-Z]+)\$[0-9]+"),"")} | E12: {=IF('Raw Data'!E12="",_xlfn.REGEXEXTRACT(CELL("address",'Raw Data'!E12),"\$([A-Z]+)\$[0-9]+"),"")} | F12: {=IF('Raw Data'!F12="",_xlfn.REGEXEXTRACT(CELL("address",'Raw Data'!F12),"\$([A-Z]+)\$[0-9]+"),"")} | G12: {=IF('Raw Data'!G12="",_xlfn.REGEXEXTRACT(CELL("address",'Raw Data'!G12),"\$([A-Z]+)\$[0-9]+"),"")} | H12: {=IF('Raw Data'!H12="",_xlfn.REGEXEXTRACT(CELL("address",'Raw Data'!H12),"\$([A-Z]+)\$[0-9]+"),"")} | I12: {=IF('Raw Data'!I12="",_xlfn.REGEXEXTRACT(CELL("address",'Raw Data'!I12),"\$([A-Z]+)\$[0-9]+"),"")}
B13: {=IF('Raw Data'!B13="",_xlfn.REGEXEXTRACT(CELL("address",'Raw Data'!B13),"\$([A-Z]+)\$[0-9]+"),"")} | C13: {=IF('Raw Data'!C13="",_xlfn.REGEXEXTRACT(CELL("address",'Raw Data'!C13),"\$([A-Z]+)\$[0-9]+"),"")} | D13: {=IF('Raw Data'!D13="",_xlfn.REGEXEXTRACT(CELL("address",'Raw Data'!D13),"\$([A-Z]+)\$[0-9]+"),"")} | E13: {=IF('Raw Data'!E13="",_xlfn.REGEXEXTRACT(CELL("address",'Raw Data'!E13),"\$([A-Z]+)\$[0-9]+"),"")} | F13: {=IF('Raw Data'!F13="",_xlfn.REGEXEXTRACT(CELL("address",'Raw Data'!F13),"\$([A-Z]+)\$[0-9]+"),"")} | G13: {=IF('Raw Data'!G13="",_xlfn.REGEXEXTRACT(CELL("address",'Raw Data'!G13),"\$([A-Z]+)\$[0-9]+"),"")} | H13: {=IF('Raw Data'!H13="",_xlfn.REGEXEXTRACT(CELL("address",'Raw Data'!H13),"\$([A-Z]+)\$[0-9]+"),"")} | I13: {=IF('Raw Data'!I13="",_xlfn.REGEXEXTRACT(CELL("address",'Raw Data'!I13),"\$([A-Z]+)\$[0-9]+"),"")}
B14: {=IF('Raw Data'!B14="",_xlfn.REGEXEXTRACT(CELL("address",'Raw Data'!B14),"\$([A-Z]+)\$[0-9]+"),"")} | C14: {=IF('Raw Data'!C14="",_xlfn.REGEXEXTRACT(CELL("address",'Raw Data'!C14),"\$([A-Z]+)\$[0-9]+"),"")} | D14: {=IF('Raw Data'!D14="",_xlfn.REGEXEXTRACT(CELL("address",'Raw Data'!D14),"\$([A-Z]+)\$[0-9]+"),"")} | E14: {=IF('Raw Data'!E14="",_xlfn.REGEXEXTRACT(CELL("address",'Raw Data'!E14),"\$([A-Z]+)\$[0-9]+"),"")} | F14: {=IF('Raw Data'!F14="",_xlfn.REGEXEXTRACT(CELL("address",'Raw Data'!F14),"\$([A-Z]+)\$[0-9]+"),"")} | G14: {=IF('Raw Data'!G14="",_xlfn.REGEXEXTRACT(CELL("address",'Raw Data'!G14),"\$([A-Z]+)\$[0-9]+"),"")} | H14: {=IF('Raw Data'!H14="",_xlfn.REGEXEXTRACT(CELL("address",'Raw Data'!H14),"\$([A-Z]+)\$[0-9]+"),"")} | I14: {=IF('Raw Data'!I14="",_xlfn.REGEXEXTRACT(CELL("address",'Raw Data'!I14),"\$([A-Z]+)\$[0-9]+"),"")}
B15: {=IF('Raw Data'!B15="",_xlfn.REGEXEXTRACT(CELL("address",'Raw Data'!B15),"\$([A-Z]+)\$[0-9]+"),"")} | C15: {=IF('Raw Data'!C15="",_xlfn.REGEXEXTRACT(CELL("address",'Raw Data'!C15),"\$([A-Z]+)\$[0-9]+"),"")} | D15: {=IF('Raw Data'!D15="",_xlfn.REGEXEXTRACT(CELL("address",'Raw Data'!D15),"\$([A-Z]+)\$[0-9]+"),"")} | E15: {=IF('Raw Data'!E15="",_xlfn.REGEXEXTRACT(CELL("address",'Raw Data'!E15),"\$([A-Z]+)\$[0-9]+"),"")} | F15: {=IF('Raw Data'!F15="",_xlfn.REGEXEXTRACT(CELL("address",'Raw Data'!F15),"\$([A-Z]+)\$[0-9]+"),"")} | G15: {=IF('Raw Data'!G15="",_xlfn.REGEXEXTRACT(CELL("address",'Raw Data'!G15),"\$([A-Z]+)\$[0-9]+"),"")} | H15: {=IF('Raw Data'!H15="",_xlfn.REGEXEXTRACT(CELL("address",'Raw Data'!H15),"\$([A-Z]+)\$[0-9]+"),"")} | I15: {=IF('Raw Data'!I15="",_xlfn.REGEXEXTRACT(CELL("address",'Raw Data'!I15),"\$([A-Z]+)\$[0-9]+"),"")}
B16: {=IF('Raw Data'!B16="",_xlfn.REGEXEXTRACT(CELL("address",'Raw Data'!B16),"\$([A-Z]+)\$[0-9]+"),"")} | C16: {=IF('Raw Data'!C16="",_xlfn.REGEXEXTRACT(CELL("address",'Raw Data'!C16),"\$([A-Z]+)\$[0-9]+"),"")} | D16: {=IF('Raw Data'!D16="",_xlfn.REGEXEXTRACT(CELL("address",'Raw Data'!D16),"\$([A-Z]+)\$[0-9]+"),"")} | E16: {=IF('Raw Data'!E16="",_xlfn.REGEXEXTRACT(CELL("address",'Raw Data'!E16),"\$([A-Z]+)\$[0-9]+"),"")} | F16: {=IF('Raw Data'!F16="",_xlfn.REGEXEXTRACT(CELL("address",'Raw Data'!F16),"\$([A-Z]+)\$[0-9]+"),"")} | G16: {=IF('Raw Data'!G16="",_xlfn.REGEXEXTRACT(CELL("address",'Raw Data'!G16),"\$([A-Z]+)\$[0-9]+"),"")} | H16: {=IF('Raw Data'!H16="",_xlfn.REGEXEXTRACT(CELL("address",'Raw Data'!H16),"\$([A-Z]+)\$[0-9]+"),"")} | I16: {=IF('Raw Data'!I16="",_xlfn.REGEXEXTRACT(CELL("address",'Raw Data'!I16),"\$([A-Z]+)\$[0-9]+"),"")}
B17: {=IF('Raw Data'!B17="",_xlfn.REGEXEXTRACT(CELL("address",'Raw Data'!B17),"\$([A-Z]+)\$[0-9]+"),"")} | C17: {=IF('Raw Data'!C17="",_xlfn.REGEXEXTRACT(CELL("address",'Raw Data'!C17),"\$([A-Z]+)\$[0-9]+"),"")} | D17: {=IF('Raw Data'!D17="",_xlfn.REGEXEXTRACT(CELL("address",'Raw Data'!D17),"\$([A-Z]+)\$[0-9]+"),"")} | E17: {=IF('Raw Data'!E17="",_xlfn.REGEXEXTRACT(CELL("address",'Raw Data'!E17),"\$([A-Z]+)\$[0-9]+"),"")} | F17: {=IF('Raw Data'!F17="",_xlfn.REGEXEXTRACT(CELL("address",'Raw Data'!F17),"\$([A-Z]+)\$[0-9]+"),"")} | G17: {=IF('Raw Data'!G17="",_xlfn.REGEXEXTRACT(CELL("address",'Raw Data'!G17),"\$([A-Z]+)\$[0-9]+"),"")} | H17: {=IF('Raw Data'!H17="",_xlfn.REGEXEXTRACT(CELL("address",'Raw Data'!H17),"\$([A-Z]+)\$[0-9]+"),"")} | I17: {=IF('Raw Data'!I17="",_xlfn.REGEXEXTRACT(CELL("address",'Raw Data'!I17),"\$([A-Z]+)\$[0-9]+"),"")}
B18: {=IF('Raw Data'!B18="",_xlfn.REGEXEXTRACT(CELL("address",'Raw Data'!B18),"\$([A-Z]+)\$[0-9]+"),"")} | C18: {=IF('Raw Data'!C18="",_xlfn.REGEXEXTRACT(CELL("address",'Raw Data'!C18),"\$([A-Z]+)\$[0-9]+"),"")} | D18: {=IF('Raw Data'!D18="",_xlfn.REGEXEXTRACT(CELL("address",'Raw Data'!D18),"\$([A-Z]+)\$[0-9]+"),"")} | E18: {=IF('Raw Data'!E18="",_xlfn.REGEXEXTRACT(CELL("address",'Raw Data'!E18),"\$([A-Z]+)\$[0-9]+"),"")} | F18: {=IF('Raw Data'!F18="",_xlfn.REGEXEXTRACT(CELL("address",'Raw Data'!F18),"\$([A-Z]+)\$[0-9]+"),"")} | G18: {=IF('Raw Data'!G18="",_xlfn.REGEXEXTRACT(CELL("address",'Raw Data'!G18),"\$([A-Z]+)\$[0-9]+"),"")} | H18: {=IF('Raw Data'!H18="",_xlfn.REGEXEXTRACT(CELL("address",'Raw Data'!H18),"\$([A-Z]+)\$[0-9]+"),"")} | I18: {=IF('Raw Data'!I18="",_xlfn.REGEXEXTRACT(CELL("address",'Raw Data'!I18),"\$([A-Z]+)\$[0-9]+"),"")}
B19: {=IF('Raw Data'!B19="",_xlfn.REGEXEXTRACT(CELL("address",'Raw Data'!B19),"\$([A-Z]+)\$[0-9]+"),"")} | C19: {=IF('Raw Data'!C19="",_xlfn.REGEXEXTRACT(CELL("address",'Raw Data'!C19),"\$([A-Z]+)\$[0-9]+"),"")} | D19: {=IF('Raw Data'!D19="",_xlfn.REGEXEXTRACT(CELL("address",'Raw Data'!D19),"\$([A-Z]+)\$[0-9]+"),"")} | E19: {=IF('Raw Data'!E19="",_xlfn.REGEXEXTRACT(CELL("address",'Raw Data'!E19),"\$([A-Z]+)\$[0-9]+"),"")} | F19: {=IF('Raw Data'!F19="",_xlfn.REGEXEXTRACT(CELL("address",'Raw Data'!F19),"\$([A-Z]+)\$[0-9]+"),"")} | G19: {=IF('Raw Data'!G19="",_xlfn.REGEXEXTRACT(CELL("address",'Raw Data'!G19),"\$([A-Z]+)\$[0-9]+"),"")} | H19: {=IF('Raw Data'!H19="",_xlfn.REGEXEXTRACT(CELL("address",'Raw Data'!H19),"\$([A-Z]+)\$[0-9]+"),"")} | I19: {=IF('Raw Data'!I19="",_xlfn.REGEXEXTRACT(CELL("address",'Raw Data'!I19),"\$([A-Z]+)\$[0-9]+"),"")}
B20: {=IF('Raw Data'!B20="",_xlfn.REGEXEXTRACT(CELL("address",'Raw Data'!B20),"\$([A-Z]+)\$[0-9]+"),"")} | C20: {=IF('Raw Data'!C20="",_xlfn.REGEXEXTRACT(CELL("address",'Raw Data'!C20),"\$([A-Z]+)\$[0-9]+"),"")} | D20: {=IF('Raw Data'!D20="",_xlfn.REGEXEXTRACT(CELL("address",'Raw Data'!D20),"\$([A-Z]+)\$[0-9]+"),"")} | E20: {=IF('Raw Data'!E20="",_xlfn.REGEXEXTRACT(CELL("address",'Raw Data'!E20),"\$([A-Z]+)\$[0-9]+"),"")} | F20: {=IF('Raw Data'!F20="",_xlfn.REGEXEXTRACT(CELL("address",'Raw Data'!F20),"\$([A-Z]+)\$[0-9]+"),"")} | G20: {=IF('Raw Data'!G20="",_xlfn.REGEXEXTRACT(CELL("address",'Raw Data'!G20),"\$([A-Z]+)\$[0-9]+"),"")} | H20: {=IF('Raw Data'!H20="",_xlfn.REGEXEXTRACT(CELL("address",'Raw Data'!H20),"\$([A-Z]+)\$[0-9]+"),"")} | I20: {=IF('Raw Data'!I20="",_xlfn.REGEXEXTRACT(CELL("address",'Raw Data'!I20),"\$([A-Z]+)\$[0-9]+"),"")}
B21: {=IF('Raw Data'!B21="",_xlfn.REGEXEXTRACT(CELL("address",'Raw Data'!B21),"\$([A-Z]+)\$[0-9]+"),"")} | C21: {=IF('Raw Data'!C21="",_xlfn.REGEXEXTRACT(CELL("address",'Raw Data'!C21),"\$([A-Z]+)\$[0-9]+"),"")} | D21: {=IF('Raw Data'!D21="",_xlfn.REGEXEXTRACT(CELL("address",'Raw Data'!D21),"\$([A-Z]+)\$[0-9]+"),"")} | E21: {=IF('Raw Data'!E21="",_xlfn.REGEXEXTRACT(CELL("address",'Raw Data'!E21),"\$([A-Z]+)\$[0-9]+"),"")} | F21: {=IF('Raw Data'!F21="",_xlfn.REGEXEXTRACT(CELL("address",'Raw Data'!F21),"\$([A-Z]+)\$[0-9]+"),"")} | G21: {=IF('Raw Data'!G21="",_xlfn.REGEXEXTRACT(CELL("address",'Raw Data'!G21),"\$([A-Z]+)\$[0-9]+"),"")} | H21: {=IF('Raw Data'!H21="",_xlfn.REGEXEXTRACT(CELL("address",'Raw Data'!H21),"\$([A-Z]+)\$[0-9]+"),"")} | I21: {=IF('Raw Data'!I21="",_xlfn.REGEXEXTRACT(CELL("address",'Raw Data'!I21),"\$([A-Z]+)\$[0-9]+"),"")}
... B300: {=IF('Raw Data'!B300="",_xlfn.REGEXEXTRACT(CELL("address",'Raw Data'!B300),"\$([A-Z]+)\$[0-9]+"),"")} | C300: {=IF('Raw Data'!C300="",_xlfn.REGEXEXTRACT(CELL("address",'Raw Data'!C300),"\$([A-Z]+)\$[0-9]+"),"")} | D300: {=IF('Raw Data'!D300="",_xlfn.REGEXEXTRACT(CELL("address",'Raw Data'!D300),"\$([A-Z]+)\$[0-9]+"),"")} | E300: {=IF('Raw Data'!E300="",_xlfn.REGEXEXTRACT(CELL("address",'Raw Data'!E300),"\$([A-Z]+)\$[0-9]+"),"")} | F300: {=IF('Raw Data'!F300="",_xlfn.REGEXEXTRACT(CELL("address",'Raw Data'!F300),"\$([A-Z]+)\$[0-9]+"),"")} | G300: {=IF('Raw Data'!G300="",_xlfn.REGEXEXTRACT(CELL("address",'Raw Data'!G300),"\$([A-Z]+)\$[0-9]+"),"")} | H300: {=IF('Raw Data'!H300="",_xlfn.REGEXEXTRACT(CELL("address",'Raw Data'!H300),"\$([A-Z]+)\$[0-9]+"),"")} | I300: {=IF('Raw Data'!I300="",_xlfn.REGEXEXTRACT(CELL("address",'Raw Data'!I300),"\$([A-Z]+)\$[0-9]+"),"")}
