Workbook

Sheet Raw Data
B9: C1 | C9: C2 | D9: C3 | E9: C4 | F9: C5 | G9: C6 | H9: C7 | I9: C8 | J9: C9 | K9: C10 | L9: C11 | M9: C12 | N9: C13 | O9: C14 | P9: C15 | Q9: C16 | R9: C17 | S9: C18 | T9: C19 | U9: C20 | V9: C21 | W9: C22 | X9: C23 | Y9: C24
B10: 100 | C10: 100-1 | D10: 100-1-1 | E10: 100-1-1-1 | F10: 100-1-1-1-1 | G10: ENG | H10: 100-1-1-1-1-ENG | I10: Offshore | J10: Offshore WHP | K10: WHP Gas | L10: Pile (New) | M10: CSA | N10: Engineering | O10: Offshore-Offshore WHP-WHP Gas-Pile (New)-CSA-Engineering | P10: SQM | W10: 0 | X10: 0 | Y10: 0
B11: 100 | C11: 100-1 | D11: 100-1-1 | E11: 100-1-1-1 | F11: 100-1-1-1-2 | G11: ENG | H11: 100-1-1-1-2-ENG | I11: Offshore | J11: Offshore WHP | K11: WHP Gas | L11: Pile (New) | M11: Structure Steel | N11: Engineering | O11: Offshore-Offshore WHP-WHP Gas-Pile (New)-Structure Steel-Engineering | P11: MT | W11: 0 | X11: 0 | Y11: 0
B12: 100 | C12: 100-1 | D12: 100-1-1 | E12: 100-1-1-1 | F12: 100-1-1-1-3 | G12: ENG | H12: 100-1-1-1-3-ENG | I12: Offshore | J12: Offshore WHP | K12: WHP Gas | L12: Pile (New) | M12: Process | N12: Engineering | O12: Offshore-Offshore WHP-WHP Gas-Pile (New)-Process-Engineering | P12: Lot | W12: 0 | X12: 0 | Y12: 0
B13: 100 | C13: 100-1 | D13: 100-1-1 | E13: 100-1-1-1 | F13: 100-1-1-1-4 | G13: ENG | H13: 100-1-1-1-4-ENG | I13: Offshore | J13: Offshore WHP | K13: WHP Gas | L13: Pile (New) | M13: Piping | N13: Engineering | O13: Offshore-Offshore WHP-WHP Gas-Pile (New)-Piping-Engineering | P13: DB | W13: 0 | X13: 0 | Y13: 0
B14: 100 | C14: 100-1 | D14: 100-1-1 | E14: 100-1-1-1 | F14: 100-1-1-1-5 | G14: ENG | H14: 100-1-1-1-5-ENG | I14: Offshore | J14: Offshore WHP | K14: WHP Gas | L14: Pile (New) | M14: Mechanical | N14: Engineering | O14: Offshore-Offshore WHP-WHP Gas-Pile (New)-Mechanical-Engineering | P14: MT | W14: 0 | X14: 0 | Y14: 0
B15: 100 | C15: 100-1 | D15: 100-1-1 | E15: 100-1-1-1 | F15: 100-1-1-1-6 | G15: ENG | H15: 100-1-1-1-6-ENG | I15: Offshore | J15: Offshore WHP | K15: WHP Gas | L15: Pile (New) | M15: Electrical | N15: Engineering | O15: Offshore-Offshore WHP-WHP Gas-Pile (New)-Electrical-Engineering | P15: M | W15: 0 | X15: 0 | Y15: 0
B16: 100 | C16: 100-1 | D16: 100-1-1 | E16: 100-1-1-1 | F16: 100-1-1-1-7 | G16: ENG | H16: 100-1-1-1-7-ENG | I16: Offshore | J16: Offshore WHP | K16: WHP Gas | L16: Pile (New) | M16: Instrument | N16: Engineering | O16: Offshore-Offshore WHP-WHP Gas-Pile (New)-Instrument-Engineering | P16: M | W16: 0 | X16: 0 | Y16: 0
B17: 100 | C17: 100-1 | D17: 100-1-1 | E17: 100-1-1-1 | F17: 100-1-1-1-8 | G17: ENG | H17: 100-1-1-1-8-ENG | I17: Offshore | J17: Offshore WHP | K17: WHP Gas | L17: Pile (New) | M17: Blast & Paint | N17: Engineering | O17: Offshore-Offshore WHP-WHP Gas-Pile (New)-Blast & Paint-Engineering | P17: SQM | W17: 0 | X17: 0 | Y17: 0
B18: 100 | C18: 100-1 | D18: 100-1-1 | E18: 100-1-1-1 | F18: 100-1-1-1-9 | G18: ENG | H18: 100-1-1-1-9-ENG | I18: Offshore | J18: Offshore WHP | K18: WHP Gas | L18: Pile (New) | M18: Insulation | N18: Engineering | O18: Offshore-Offshore WHP-WHP Gas-Pile (New)-Insulation-Engineering | P18: SQM | W18: 0 | X18: 0 | Y18: 0
B19: 100 | C19: 100-1 | D19: 100-1-1 | E19: 100-1-1-1 | F19: 100-1-1-1-10 | G19: ENG | H19: 100-1-1-1-10-ENG | I19: Offshore | J19: Offshore WHP | K19: WHP Gas | L19: Pile (New) | M19: Fireproofing | N19: Engineering | O19: Offshore-Offshore WHP-WHP Gas-Pile (New)-Fireproofing-Engineering | P19: SQM | W19: 0 | X19: 0 | Y19: 0
B20: 100 | C20: 100-1 | D20: 100-1-1 | E20: 100-1-1-1 | F20: 100-1-1-1-11 | G20: ENG | H20: 100-1-1-1-11-ENG | I20: Offshore | J20: Offshore WHP | K20: WHP Gas | L20: Pile (New) | M20: Load & Sail | N20: Engineering | O20: Offshore-Offshore WHP-WHP Gas-Pile (New)-Load & Sail-Engineering | P20: MT | W20: 0 | X20: 0 | Y20: 0
B21: 100 | C21: 100-1 | D21: 100-1-1 | E21: 100-1-1-1 | F21: 100-1-1-1-12 | G21: ENG | H21: 100-1-1-1-12-ENG | I21: Offshore | J21: Offshore WHP | K21: WHP Gas | L21: Pile (New) | M21: Common of Project | N21: Engineering | O21: Offshore-Offshore WHP-WHP Gas-Pile (New)-Common of Project-Engineering | P21: Lot | W21: 0 | X21: 0 | Y21: 0
... B74: 100 | C74: 100-1 | D74: 100-1-1 | E74: 100-1-1-1 | F74: 100-1-1-1-13 | G74: HUC | H74: 100-1-1-1-13-HUC | I74: Offshore | J74: Offshore WHP | K74: WHP Gas | L74: Pile (New) | M74: Other | N74: HUC | O74: Offshore-Offshore WHP-WHP Gas-Pile (New)-Other-HUC | P74: Lot | W74: 0 | X74: 0 | Y74: 0
B75: 100 | C75: 100-1 | D75: 100-1-1 | E75: 100-1-1-1 | F75: 100-1-1-1-1 | G75: ALL | H75: 100-1-1-1-1-ALL | I75: Offshore | J75: Offshore WHP | K75: WHP Gas | L75: Pile (New) | M75: CSA | N75: Overall Project | O75: Offshore-Offshore WHP-WHP Gas-Pile (New)-CSA-Overall Project | P75: SQM | T75: 0 | U75: 0 | V75: 0 | W75: 0 | X75: 0 | Y75: 0
B76: 100 | C76: 100-1 | D76: 100-1-1 | E76: 100-1-1-1 | F76: 100-1-1-1-2 | G76: ALL | H76: 100-1-1-1-2-ALL | I76: Offshore | J76: Offshore WHP | K76: WHP Gas | L76: Pile (New) | M76: Structure Steel | N76: Overall Project | O76: Offshore-Offshore WHP-WHP Gas-Pile (New)-Structure Steel-Overall Project | P76: MT | T76: 0 | U76: 0 | V76: 0 | W76: 0 | X76: 0 | Y76: 0
B77: 100 | C77: 100-1 | D77: 100-1-1 | E77: 100-1-1-1 | F77: 100-1-1-1-3 | G77: ALL | H77: 100-1-1-1-3-ALL | I77: Offshore | J77: Offshore WHP | K77: WHP Gas | L77: Pile (New) | M77: Process | N77: Overall Project | O77: Offshore-Offshore WHP-WHP Gas-Pile (New)-Process-Overall Project | P77: Lot | T77: 0 | U77: 0 | V77: 0 | W77: 0 | X77: 0 | Y77: 0
B78: 100 | C78: 100-1 | D78: 100-1-1 | E78: 100-1-1-1 | F78: 100-1-1-1-4 | G78: ALL | H78: 100-1-1-1-4-ALL | I78: Offshore | J78: Offshore WHP | K78: WHP Gas | L78: Pile (New) | M78: Piping | N78: Overall Project | O78: Offshore-Offshore WHP-WHP Gas-Pile (New)-Piping-Overall Project | P78: DB | T78: 0 | U78: 0 | V78: 0 | W78: 0 | X78: 0 | Y78: 0
B79: 100 | C79: 100-1 | D79: 100-1-1 | E79: 100-1-1-1 | F79: 100-1-1-1-5 | G79: ALL | H79: 100-1-1-1-5-ALL | I79: Offshore | J79: Offshore WHP | K79: WHP Gas | L79: Pile (New) | M79: Mechanical | N79: Overall Project | O79: Offshore-Offshore WHP-WHP Gas-Pile (New)-Mechanical-Overall Project | P79: MT | T79: 0 | U79: 0 | V79: 0 | W79: 0 | X79: 0 | Y79: 0
B80: 100 | C80: 100-1 | D80: 100-1-1 | E80: 100-1-1-1 | F80: 100-1-1-1-6 | G80: ALL | H80: 100-1-1-1-6-ALL | I80: Offshore | J80: Offshore WHP | K80: WHP Gas | L80: Pile (New) | M80: Electrical | N80: Overall Project | O80: Offshore-Offshore WHP-WHP Gas-Pile (New)-Electrical-Overall Project | P80: M | T80: 0 | U80: 0 | V80: 0 | W80: 0 | X80: 0 | Y80: 0
B81: 100 | C81: 100-1 | D81: 100-1-1 | E81: 100-1-1-1 | F81: 100-1-1-1-7 | G81: ALL | H81: 100-1-1-1-7-ALL | I81: Offshore | J81: Offshore WHP | K81: WHP Gas | L81: Pile (New) | M81: Instrument | N81: Overall Project | O81: Offshore-Offshore WHP-WHP Gas-Pile (New)-Instrument-Overall Project | P81: M | T81: 0 | U81: 0 | V81: 0 | W81: 0 | X81: 0 | Y81: 0
B82: 100 | C82: 100-1 | D82: 100-1-1 | E82: 100-1-1-1 | F82: 100-1-1-1-8 | G82: ALL | H82: 100-1-1-1-8-ALL | I82: Offshore | J82: Offshore WHP | K82: WHP Gas | L82: Pile (New) | M82: Blast & Paint | N82: Overall Project | O82: Offshore-Offshore WHP-WHP Gas-Pile (New)-Blast & Paint-Overall Project | P82: SQM | T82: 0 | U82: 0 | V82: 0 | W82: 0 | X82: 0 | Y82: 0
B83: 100 | C83: 100-1 | D83: 100-1-1 | E83: 100-1-1-1 | F83: 100-1-1-1-9 | G83: ALL | H83: 100-1-1-1-9-ALL | I83: Offshore | J83: Offshore WHP | K83: WHP Gas | L83: Pile (New) | M83: Insulation | N83: Overall Project | O83: Offshore-Offshore WHP-WHP Gas-Pile (New)-Insulation-Overall Project | P83: SQM | T83: 0 | U83: 0 | V83: 0 | W83: 0 | X83: 0 | Y83: 0
B84: 100 | C84: 100-1 | D84: 100-1-1 | E84: 100-1-1-1 | F84: 100-1-1-1-10 | G84: ALL | H84: 100-1-1-1-10-ALL | I84: Offshore | J84: Offshore WHP | K84: WHP Gas | L84: Pile (New) | M84: Fireproofing | N84: Overall Project | O84: Offshore-Offshore WHP-WHP Gas-Pile (New)-Fireproofing-Overall Project | P84: SQM | T84: 0 | U84: 0 | V84: 0 | W84: 0 | X84: 0 | Y84: 0
B85: 100 | C85: 100-1 | D85: 100-1-1 | E85: 100-1-1-1 | F85: 100-1-1-1-11 | G85: ALL | H85: 100-1-1-1-11-ALL | I85: Offshore | J85: Offshore WHP | K85: WHP Gas | L85: Pile (New) | M85: Load & Sail | N85: Overall Project | O85: Offshore-Offshore WHP-WHP Gas-Pile (New)-Load & Sail-Overall Project | P85: MT | T85: 0 | U85: 0 | V85: 0 | W85: 0 | X85: 0 | Y85: 0
B86: 100 | C86: 100-1 | D86: 100-1-1 | E86: 100-1-1-1 | F86: 100-1-1-1-12 | G86: ALL | H86: 100-1-1-1-12-ALL | I86: Offshore | J86: Offshore WHP | K86: WHP Gas | L86: Pile (New) | M86: Common of Project | N86: Overall Project | O86: Offshore-Offshore WHP-WHP Gas-Pile (New)-Common of Project-Overall Project | P86: Lot | T86: 0 | U86: 0 | V86: 0 | W86: 0 | X86: 0 | Y86: 0
B87: 100 | C87: 100-1 | D87: 100-1-1 | E87: 100-1-1-1 | F87: 100-1-1-1-13 | G87: ALL | H87: 100-1-1-1-13-ALL | I87: Offshore | J87: Offshore WHP | K87: WHP Gas | L87: Pile (New) | M87: Other | N87: Overall Project | O87: Offshore-Offshore WHP-WHP Gas-Pile (New)-Other-Overall Project | P87: Lot | T87: 0 | U87: 0 | V87: 0 | W87: 0 | X87: 0 | Y87: 0
B88: 100 | C88: 100-1 | D88: 100-1-1 | E88: 100-1-1-2 | F88: 100-1-1-2-1 | G88: ENG | H88: 100-1-1-2-1-ENG | I88: Offshore | J88: Offshore WHP | K88: WHP Gas | L88: Topside (New) | M88: CSA | N88: Engineering | O88: Offshore-Offshore WHP-WHP Gas-Topside (New)-CSA-Engineering | P88: SQM | W88: 0 | X88: 0 | Y88: 0
B89: 100 | C89: 100-1 | D89: 100-1-1 | E89: 100-1-1-2 | F89: 100-1-1-2-2 | G89: ENG | H89: 100-1-1-2-2-ENG | I89: Offshore | J89: Offshore WHP | K89: WHP Gas | L89: Topside (New) | M89: Structure Steel | N89: Engineering | O89: Offshore-Offshore WHP-WHP Gas-Topside (New)-Structure Steel-Engineering | P89: MT | W89: 0 | X89: 0 | Y89: 0
B90: 100 | C90: 100-1 | D90: 100-1-1 | E90: 100-1-1-2 | F90: 100-1-1-2-3 | G90: ENG | H90: 100-1-1-2-3-ENG | I90: Offshore | J90: Offshore WHP | K90: WHP Gas | L90: Topside (New) | M90: Process | N90: Engineering | O90: Offshore-Offshore WHP-WHP Gas-Topside (New)-Process-Engineering | P90: Lot | W90: 0 | X90: 0 | Y90: 0
B91: 100 | C91: 100-1 | D91: 100-1-1 | E91: 100-1-1-2 | F91: 100-1-1-2-4 | G91: ENG | H91: 100-1-1-2-4-ENG | I91: Offshore | J91: Offshore WHP | K91: WHP Gas | L91: Topside (New) | M91: Piping | N91: Engineering | O91: Offshore-Offshore WHP-WHP Gas-Topside (New)-Piping-Engineering | P91: DB | W91: 0 | X91: 0 | Y91: 0
B92: 100 | C92: 100-1 | D92: 100-1-1 | E92: 100-1-1-2 | F92: 100-1-1-2-5 | G92: ENG | H92: 100-1-1-2-5-ENG | I92: Offshore | J92: Offshore WHP | K92: WHP Gas | L92: Topside (New) | M92: Mechanical | N92: Engineering | O92: Offshore-Offshore WHP-WHP Gas-Topside (New)-Mechanical-Engineering | P92: MT | W92: 0 | X92: 0 | Y92: 0
B93: 100 | C93: 100-1 | D93: 100-1-1 | E93: 100-1-1-2 | F93: 100-1-1-2-6 | G93: ENG | H93: 100-1-1-2-6-ENG | I93: Offshore | J93: Offshore WHP | K93: WHP Gas | L93: Topside (New) | M93: Electrical | N93: Engineering | O93: Offshore-Offshore WHP-WHP Gas-Topside (New)-Electrical-Engineering | P93: M | W93: 0 | X93: 0 | Y93: 0
B94: 100 | C94: 100-1 | D94: 100-1-1 | E94: 100-1-1-2 | F94: 100-1-1-2-7 | G94: ENG | H94: 100-1-1-2-7-ENG | I94: Offshore | J94: Offshore WHP | K94: WHP Gas | L94: Topside (New) | M94: Instrument | N94: Engineering | O94: Offshore-Offshore WHP-WHP Gas-Topside (New)-Instrument-Engineering | P94: M | W94: 0 | X94: 0 | Y94: 0
B95: 100 | C95: 100-1 | D95: 100-1-1 | E95: 100-1-1-2 | F95: 100-1-1-2-8 | G95: ENG | H95: 100-1-1-2-8-ENG | I95: Offshore | J95: Offshore WHP | K95: WHP Gas | L95: Topside (New) | M95: Blast & Paint | N95: Engineering | O95: Offshore-Offshore WHP-WHP Gas-Topside (New)-Blast & Paint-Engineering | P95: SQM | W95: 0 | X95: 0 | Y95: 0
B96: 100 | C96: 100-1 | D96: 100-1-1 | E96: 100-1-1-2 | F96: 100-1-1-2-9 | G96: ENG | H96: 100-1-1-2-9-ENG | I96: Offshore | J96: Offshore WHP | K96: WHP Gas | L96: Topside (New) | M96: Insulation | N96: Engineering | O96: Offshore-Offshore WHP-WHP Gas-Topside (New)-Insulation-Engineering | P96: SQM | W96: 0 | X96: 0 | Y96: 0
B97: 100 | C97: 100-1 | D97: 100-1-1 | E97: 100-1-1-2 | F97: 100-1-1-2-10 | G97: ENG | H97: 100-1-1-2-10-ENG | I97: Offshore | J97: Offshore WHP | K97: WHP Gas | L97: Topside (New) | M97: Fireproofing | N97: Engineering | O97: Offshore-Offshore WHP-WHP Gas-Topside (New)-Fireproofing-Engineering | P97: SQM | W97: 0 | X97: 0 | Y97: 0
B98: 100 | C98: 100-1 | D98: 100-1-1 | E98: 100-1-1-2 | F98: 100-1-1-2-11 | G98: ENG | H98: 100-1-1-2-11-ENG | I98: Offshore | J98: Offshore WHP | K98: WHP Gas | L98: Topside (New) | M98: Load & Sail | N98: Engineering | O98: Offshore-Offshore WHP-WHP Gas-Topside (New)-Load & Sail-Engineering | P98: MT | W98: 0 | X98: 0 | Y98: 0
B99: 100 | C99: 100-1 | D99: 100-1-1 | E99: 100-1-1-2 | F99: 100-1-1-2-12 | G99: ENG | H99: 100-1-1-2-12-ENG | I99: Offshore | J99: Offshore WHP | K99: WHP Gas | L99: Topside (New) | M99: Common of Project | N99: Engineering | O99: Offshore-Offshore WHP-WHP Gas-Topside (New)-Common of Project-Engineering | P99: Lot | W99: 0 | X99: 0 | Y99: 0
... B152: 100 | C152: 100-1 | D152: 100-1-1 | E152: 100-1-1-2 | F152: 100-1-1-2-13 | G152: HUC | H152: 100-1-1-2-13-HUC | I152: Offshore | J152: Offshore WHP | K152: WHP Gas | L152: Topside (New) | M152: Other | N152: HUC | O152: Offshore-Offshore WHP-WHP Gas-Topside (New)-Other-HUC | P152: Lot | W152: 0 | X152: 0 | Y152: 0
B153: 100 | C153: 100-1 | D153: 100-1-1 | E153: 100-1-1-2 | F153: 100-1-1-2-1 | G153: ALL | H153: 100-1-1-2-1-ALL | I153: Offshore | J153: Offshore WHP | K153: WHP Gas | L153: Topside (New) | M153: CSA | N153: Overall Project | O153: Offshore-Offshore WHP-WHP Gas-Topside (New)-CSA-Overall Project | P153: SQM | T153: 0 | U153: 0 | V153: 0 | W153: 0 | X153: 0 | Y153: 0
B154: 100 | C154: 100-1 | D154: 100-1-1 | E154: 100-1-1-2 | F154: 100-1-1-2-2 | G154: ALL | H154: 100-1-1-2-2-ALL | I154: Offshore | J154: Offshore WHP | K154: WHP Gas | L154: Topside (New) | M154: Structure Steel | N154: Overall Project | O154: Offshore-Offshore WHP-WHP Gas-Topside (New)-Structure Steel-Overall Project | P154: MT | T154: 0 | U154: 0 | V154: 0 | W154: 0 | X154: 0 | Y154: 0
B155: 100 | C155: 100-1 | D155: 100-1-1 | E155: 100-1-1-2 | F155: 100-1-1-2-3 | G155: ALL | H155: 100-1-1-2-3-ALL | I155: Offshore | J155: Offshore WHP | K155: WHP Gas | L155: Topside (New) | M155: Process | N155: Overall Project | O155: Offshore-Offshore WHP-WHP Gas-Topside (New)-Process-Overall Project | P155: Lot | T155: 0 | U155: 0 | V155: 0 | W155: 0 | X155: 0 | Y155: 0
B156: 100 | C156: 100-1 | D156: 100-1-1 | E156: 100-1-1-2 | F156: 100-1-1-2-4 | G156: ALL | H156: 100-1-1-2-4-ALL | I156: Offshore | J156: Offshore WHP | K156: WHP Gas | L156: Topside (New) | M156: Piping | N156: Overall Project | O156: Offshore-Offshore WHP-WHP Gas-Topside (New)-Piping-Overall Project | P156: DB | T156: 0 | U156: 0 | V156: 0 | W156: 0 | X156: 0 | Y156: 0
B157: 100 | C157: 100-1 | D157: 100-1-1 | E157: 100-1-1-2 | F157: 100-1-1-2-5 | G157: ALL | H157: 100-1-1-2-5-ALL | I157: Offshore | J157: Offshore WHP | K157: WHP Gas | L157: Topside (New) | M157: Mechanical | N157: Overall Project | O157: Offshore-Offshore WHP-WHP Gas-Topside (New)-Mechanical-Overall Project | P157: MT | T157: 0 | U157: 0 | V157: 0 | W157: 0 | X157: 0 | Y157: 0
B158: 100 | C158: 100-1 | D158: 100-1-1 | E158: 100-1-1-2 | F158: 100-1-1-2-6 | G158: ALL | H158: 100-1-1-2-6-ALL | I158: Offshore | J158: Offshore WHP | K158: WHP Gas | L158: Topside (New) | M158: Electrical | N158: Overall Project | O158: Offshore-Offshore WHP-WHP Gas-Topside (New)-Electrical-Overall Project | P158: M | T158: 0 | U158: 0 | V158: 0 | W158: 0 | X158: 0 | Y158: 0
B159: 100 | C159: 100-1 | D159: 100-1-1 | E159: 100-1-1-2 | F159: 100-1-1-2-7 | G159: ALL | H159: 100-1-1-2-7-ALL | I159: Offshore | J159: Offshore WHP | K159: WHP Gas | L159: Topside (New) | M159: Instrument | N159: Overall Project | O159: Offshore-Offshore WHP-WHP Gas-Topside (New)-Instrument-Overall Project | P159: M | T159: 0 | U159: 0 | V159: 0 | W159: 0 | X159: 0 | Y159: 0
B160: 100 | C160: 100-1 | D160: 100-1-1 | E160: 100-1-1-2 | F160: 100-1-1-2-8 | G160: ALL | H160: 100-1-1-2-8-ALL | I160: Offshore | J160: Offshore WHP | K160: WHP Gas | L160: Topside (New) | M160: Blast & Paint | N160: Overall Project | O160: Offshore-Offshore WHP-WHP Gas-Topside (New)-Blast & Paint-Overall Project | P160: SQM | T160: 0 | U160: 0 | V160: 0 | W160: 0 | X160: 0 | Y160: 0
B161: 100 | C161: 100-1 | D161: 100-1-1 | E161: 100-1-1-2 | F161: 100-1-1-2-9 | G161: ALL | H161: 100-1-1-2-9-ALL | I161: Offshore | J161: Offshore WHP | K161: WHP Gas | L161: Topside (New) | M161: Insulation | N161: Overall Project | O161: Offshore-Offshore WHP-WHP Gas-Topside (New)-Insulation-Overall Project | P161: SQM | T161: 0 | U161: 0 | V161: 0 | W161: 0 | X161: 0 | Y161: 0
B162: 100 | C162: 100-1 | D162: 100-1-1 | E162: 100-1-1-2 | F162: 100-1-1-2-10 | G162: ALL | H162: 100-1-1-2-10-ALL | I162: Offshore | J162: Offshore WHP | K162: WHP Gas | L162: Topside (New) | M162: Fireproofing | N162: Overall Project | O162: Offshore-Offshore WHP-WHP Gas-Topside (New)-Fireproofing-Overall Project | P162: SQM | T162: 0 | U162: 0 | V162: 0 | W162: 0 | X162: 0 | Y162: 0
B163: 100 | C163: 100-1 | D163: 100-1-1 | E163: 100-1-1-2 | F163: 100-1-1-2-11 | G163: ALL | H163: 100-1-1-2-11-ALL | I163: Offshore | J163: Offshore WHP | K163: WHP Gas | L163: Topside (New) | M163: Load & Sail | N163: Overall Project | O163: Offshore-Offshore WHP-WHP Gas-Topside (New)-Load & Sail-Overall Project | P163: MT | T163: 0 | U163: 0 | V163: 0 | W163: 0 | X163: 0 | Y163: 0
B164: 100 | C164: 100-1 | D164: 100-1-1 | E164: 100-1-1-2 | F164: 100-1-1-2-12 | G164: ALL | H164: 100-1-1-2-12-ALL | I164: Offshore | J164: Offshore WHP | K164: WHP Gas | L164: Topside (New) | M164: Common of Project | N164: Overall Project | O164: Offshore-Offshore WHP-WHP Gas-Topside (New)-Common of Project-Overall Project | P164: Lot | T164: 0 | U164: 0 | V164: 0 | W164: 0 | X164: 0 | Y164: 0
B165: 100 | C165: 100-1 | D165: 100-1-1 | E165: 100-1-1-2 | F165: 100-1-1-2-13 | G165: ALL | H165: 100-1-1-2-13-ALL | I165: Offshore | J165: Offshore WHP | K165: WHP Gas | L165: Topside (New) | M165: Other | N165: Overall Project | O165: Offshore-Offshore WHP-WHP Gas-Topside (New)-Other-Overall Project | P165: Lot | T165: 0 | U165: 0 | V165: 0 | W165: 0 | X165: 0 | Y165: 0
B166: 100 | C166: 100-1 | D166: 100-1-1 | E166: 100-1-1-3 | F166: 100-1-1-3-1 | G166: ENG | H166: 100-1-1-3-1-ENG | I166: Offshore | J166: Offshore WHP | K166: WHP Gas | L166: Jacket (New) | M166: CSA | N166: Engineering | O166: Offshore-Offshore WHP-WHP Gas-Jacket (New)-CSA-Engineering | P166: SQM | W166: 0 | X166: 0 | Y166: 0
B167: 100 | C167: 100-1 | D167: 100-1-1 | E167: 100-1-1-3 | F167: 100-1-1-3-2 | G167: ENG | H167: 100-1-1-3-2-ENG | I167: Offshore | J167: Offshore WHP | K167: WHP Gas | L167: Jacket (New) | M167: Structure Steel | N167: Engineering | O167: Offshore-Offshore WHP-WHP Gas-Jacket (New)-Structure Steel-Engineering | P167: MT | W167: 0 | X167: 0 | Y167: 0
B168: 100 | C168: 100-1 | D168: 100-1-1 | E168: 100-1-1-3 | F168: 100-1-1-3-3 | G168: ENG | H168: 100-1-1-3-3-ENG | I168: Offshore | J168: Offshore WHP | K168: WHP Gas | L168: Jacket (New) | M168: Process | N168: Engineering | O168: Offshore-Offshore WHP-WHP Gas-Jacket (New)-Process-Engineering | P168: Lot | W168: 0 | X168: 0 | Y168: 0
B169: 100 | C169: 100-1 | D169: 100-1-1 | E169: 100-1-1-3 | F169: 100-1-1-3-4 | G169: ENG | H169: 100-1-1-3-4-ENG | I169: Offshore | J169: Offshore WHP | K169: WHP Gas | L169: Jacket (New) | M169: Piping | N169: Engineering | O169: Offshore-Offshore WHP-WHP Gas-Jacket (New)-Piping-Engineering | P169: DB | W169: 0 | X169: 0 | Y169: 0
B170: 100 | C170: 100-1 | D170: 100-1-1 | E170: 100-1-1-3 | F170: 100-1-1-3-5 | G170: ENG | H170: 100-1-1-3-5-ENG | I170: Offshore | J170: Offshore WHP | K170: WHP Gas | L170: Jacket (New) | M170: Mechanical | N170: Engineering | O170: Offshore-Offshore WHP-WHP Gas-Jacket (New)-Mechanical-Engineering | P170: MT | W170: 0 | X170: 0 | Y170: 0
B171: 100 | C171: 100-1 | D171: 100-1-1 | E171: 100-1-1-3 | F171: 100-1-1-3-6 | G171: ENG | H171: 100-1-1-3-6-ENG | I171: Offshore | J171: Offshore WHP | K171: WHP Gas | L171: Jacket (New) | M171: Electrical | N171: Engineering | O171: Offshore-Offshore WHP-WHP Gas-Jacket (New)-Electrical-Engineering | P171: M | W171: 0 | X171: 0 | Y171: 0
B172: 100 | C172: 100-1 | D172: 100-1-1 | E172: 100-1-1-3 | F172: 100-1-1-3-7 | G172: ENG | H172: 100-1-1-3-7-ENG | I172: Offshore | J172: Offshore WHP | K172: WHP Gas | L172: Jacket (New) | M172: Instrument | N172: Engineering | O172: Offshore-Offshore WHP-WHP Gas-Jacket (New)-Instrument-Engineering | P172: M | W172: 0 | X172: 0 | Y172: 0
B173: 100 | C173: 100-1 | D173: 100-1-1 | E173: 100-1-1-3 | F173: 100-1-1-3-8 | G173: ENG | H173: 100-1-1-3-8-ENG | I173: Offshore | J173: Offshore WHP | K173: WHP Gas | L173: Jacket (New) | M173: Blast & Paint | N173: Engineering | O173: Offshore-Offshore WHP-WHP Gas-Jacket (New)-Blast & Paint-Engineering | P173: SQM | W173: 0 | X173: 0 | Y173: 0
B174: 100 | C174: 100-1 | D174: 100-1-1 | E174: 100-1-1-3 | F174: 100-1-1-3-9 | G174: ENG | H174: 100-1-1-3-9-ENG | I174: Offshore | J174: Offshore WHP | K174: WHP Gas | L174: Jacket (New) | M174: Insulation | N174: Engineering | O174: Offshore-Offshore WHP-WHP Gas-Jacket (New)-Insulation-Engineering | P174: SQM | W174: 0 | X174: 0 | Y174: 0
B175: 100 | C175: 100-1 | D175: 100-1-1 | E175: 100-1-1-3 | F175: 100-1-1-3-10 | G175: ENG | H175: 100-1-1-3-10-ENG | I175: Offshore | J175: Offshore WHP | K175: WHP Gas | L175: Jacket (New) | M175: Fireproofing | N175: Engineering | O175: Offshore-Offshore WHP-WHP Gas-Jacket (New)-Fireproofing-Engineering | P175: SQM | W175: 0 | X175: 0 | Y175: 0
B176: 100 | C176: 100-1 | D176: 100-1-1 | E176: 100-1-1-3 | F176: 100-1-1-3-11 | G176: ENG | H176: 100-1-1-3-11-ENG | I176: Offshore | J176: Offshore WHP | K176: WHP Gas | L176: Jacket (New) | M176: Load & Sail | N176: Engineering | O176: Offshore-Offshore WHP-WHP Gas-Jacket (New)-Load & Sail-Engineering | P176: MT | W176: 0 | X176: 0 | Y176: 0
B177: 100 | C177: 100-1 | D177: 100-1-1 | E177: 100-1-1-3 | F177: 100-1-1-3-12 | G177: ENG | H177: 100-1-1-3-12-ENG | I177: Offshore | J177: Offshore WHP | K177: WHP Gas | L177: Jacket (New) | M177: Common of Project | N177: Engineering | O177: Offshore-Offshore WHP-WHP Gas-Jacket (New)-Common of Project-Engineering | P177: Lot | W177: 0 | X177: 0 | Y177: 0
... B230: 100 | C230: 100-1 | D230: 100-1-1 | E230: 100-1-1-3 | F230: 100-1-1-3-13 | G230: HUC | H230: 100-1-1-3-13-HUC | I230: Offshore | J230: Offshore WHP | K230: WHP Gas | L230: Jacket (New) | M230: Other | N230: HUC | O230: Offshore-Offshore WHP-WHP Gas-Jacket (New)-Other-HUC | P230: Lot | W230: 0 | X230: 0 | Y230: 0
B231: 100 | C231: 100-1 | D231: 100-1-1 | E231: 100-1-1-3 | F231: 100-1-1-3-1 | G231: ALL | H231: 100-1-1-3-1-ALL | I231: Offshore | J231: Offshore WHP | K231: WHP Gas | L231: Jacket (New) | M231: CSA | N231: Overall Project | O231: Offshore-Offshore WHP-WHP Gas-Jacket (New)-CSA-Overall Project | P231: SQM | T231: 0 | U231: 0 | V231: 0 | W231: 0 | X231: 0 | Y231: 0
B232: 100 | C232: 100-1 | D232: 100-1-1 | E232: 100-1-1-3 | F232: 100-1-1-3-2 | G232: ALL | H232: 100-1-1-3-2-ALL | I232: Offshore | J232: Offshore WHP | K232: WHP Gas | L232: Jacket (New) | M232: Structure Steel | N232: Overall Project | O232: Offshore-Offshore WHP-WHP Gas-Jacket (New)-Structure Steel-Overall Project | P232: MT | T232: 0 | U232: 0 | V232: 0 | W232: 0 | X232: 0 | Y232: 0
B233: 100 | C233: 100-1 | D233: 100-1-1 | E233: 100-1-1-3 | F233: 100-1-1-3-3 | G233: ALL | H233: 100-1-1-3-3-ALL | I233: Offshore | J233: Offshore WHP | K233: WHP Gas | L233: Jacket (New) | M233: Process | N233: Overall Project | O233: Offshore-Offshore WHP-WHP Gas-Jacket (New)-Process-Overall Project | P233: Lot | T233: 0 | U233: 0 | V233: 0 | W233: 0 | X233: 0 | Y233: 0
B234: 100 | C234: 100-1 | D234: 100-1-1 | E234: 100-1-1-3 | F234: 100-1-1-3-4 | G234: ALL | H234: 100-1-1-3-4-ALL | I234: Offshore | J234: Offshore WHP | K234: WHP Gas | L234: Jacket (New) | M234: Piping | N234: Overall Project | O234: Offshore-Offshore WHP-WHP Gas-Jacket (New)-Piping-Overall Project | P234: DB | T234: 0 | U234: 0 | V234: 0 | W234: 0 | X234: 0 | Y234: 0
B235: 100 | C235: 100-1 | D235: 100-1-1 | E235: 100-1-1-3 | F235: 100-1-1-3-5 | G235: ALL | H235: 100-1-1-3-5-ALL | I235: Offshore | J235: Offshore WHP | K235: WHP Gas | L235: Jacket (New) | M235: Mechanical | N235: Overall Project | O235: Offshore-Offshore WHP-WHP Gas-Jacket (New)-Mechanical-Overall Project | P235: MT | T235: 0 | U235: 0 | V235: 0 | W235: 0 | X235: 0 | Y235: 0
B236: 100 | C236: 100-1 | D236: 100-1-1 | E236: 100-1-1-3 | F236: 100-1-1-3-6 | G236: ALL | H236: 100-1-1-3-6-ALL | I236: Offshore | J236: Offshore WHP | K236: WHP Gas | L236: Jacket (New) | M236: Electrical | N236: Overall Project | O236: Offshore-Offshore WHP-WHP Gas-Jacket (New)-Electrical-Overall Project | P236: M | T236: 0 | U236: 0 | V236: 0 | W236: 0 | X236: 0 | Y236: 0
B237: 100 | C237: 100-1 | D237: 100-1-1 | E237: 100-1-1-3 | F237: 100-1-1-3-7 | G237: ALL | H237: 100-1-1-3-7-ALL | I237: Offshore | J237: Offshore WHP | K237: WHP Gas | L237: Jacket (New) | M237: Instrument | N237: Overall Project | O237: Offshore-Offshore WHP-WHP Gas-Jacket (New)-Instrument-Overall Project | P237: M | T237: 0 | U237: 0 | V237: 0 | W237: 0 | X237: 0 | Y237: 0
B238: 100 | C238: 100-1 | D238: 100-1-1 | E238: 100-1-1-3 | F238: 100-1-1-3-8 | G238: ALL | H238: 100-1-1-3-8-ALL | I238: Offshore | J238: Offshore WHP | K238: WHP Gas | L238: Jacket (New) | M238: Blast & Paint | N238: Overall Project | O238: Offshore-Offshore WHP-WHP Gas-Jacket (New)-Blast & Paint-Overall Project | P238: SQM | T238: 0 | U238: 0 | V238: 0 | W238: 0 | X238: 0 | Y238: 0
B239: 100 | C239: 100-1 | D239: 100-1-1 | E239: 100-1-1-3 | F239: 100-1-1-3-9 | G239: ALL | H239: 100-1-1-3-9-ALL | I239: Offshore | J239: Offshore WHP | K239: WHP Gas | L239: Jacket (New) | M239: Insulation | N239: Overall Project | O239: Offshore-Offshore WHP-WHP Gas-Jacket (New)-Insulation-Overall Project | P239: SQM | T239: 0 | U239: 0 | V239: 0 | W239: 0 | X239: 0 | Y239: 0
B240: 100 | C240: 100-1 | D240: 100-1-1 | E240: 100-1-1-3 | F240: 100-1-1-3-10 | G240: ALL | H240: 100-1-1-3-10-ALL | I240: Offshore | J240: Offshore WHP | K240: WHP Gas | L240: Jacket (New) | M240: Fireproofing | N240: Overall Project | O240: Offshore-Offshore WHP-WHP Gas-Jacket (New)-Fireproofing-Overall Project | P240: SQM | T240: 0 | U240: 0 | V240: 0 | W240: 0 | X240: 0 | Y240: 0
B241: 100 | C241: 100-1 | D241: 100-1-1 | E241: 100-1-1-3 | F241: 100-1-1-3-11 | G241: ALL | H241: 100-1-1-3-11-ALL | I241: Offshore | J241: Offshore WHP | K241: WHP Gas | L241: Jacket (New) | M241: Load & Sail | N241: Overall Project | O241: Offshore-Offshore WHP-WHP Gas-Jacket (New)-Load & Sail-Overall Project | P241: MT | T241: 0 | U241: 0 | V241: 0 | W241: 0 | X241: 0 | Y241: 0
B242: 100 | C242: 100-1 | D242: 100-1-1 | E242: 100-1-1-3 | F242: 100-1-1-3-12 | G242: ALL | H242: 100-1-1-3-12-ALL | I242: Offshore | J242: Offshore WHP | K242: WHP Gas | L242: Jacket (New) | M242: Common of Project | N242: Overall Project | O242: Offshore-Offshore WHP-WHP Gas-Jacket (New)-Common of Project-Overall Project | P242: Lot | T242: 0 | U242: 0 | V242: 0 | W242: 0 | X242: 0 | Y242: 0
B243: 100 | C243: 100-1 | D243: 100-1-1 | E243: 100-1-1-3 | F243: 100-1-1-3-13 | G243: ALL | H243: 100-1-1-3-13-ALL | I243: Offshore | J243: Offshore WHP | K243: WHP Gas | L243: Jacket (New) | M243: Other | N243: Overall Project | O243: Offshore-Offshore WHP-WHP Gas-Jacket (New)-Other-Overall Project | P243: Lot | T243: 0 | U243: 0 | V243: 0 | W243: 0 | X243: 0 | Y243: 0
B244: 100 | C244: 100-1 | D244: 100-1-1 | E244: 100-1-1-4 | F244: 100-1-1-4-1 | G244: ENG | H244: 100-1-1-4-1-ENG | I244: Offshore | J244: Offshore WHP | K244: WHP Gas | L244: Topside Reused Modification | M244: CSA | N244: Engineering | O244: Offshore-Offshore WHP-WHP Gas-Topside Reused Modification-CSA-Engineering | P244: SQM | W244: 0 | X244: 0 | Y244: 0
B245: 100 | C245: 100-1 | D245: 100-1-1 | E245: 100-1-1-4 | F245: 100-1-1-4-2 | G245: ENG | H245: 100-1-1-4-2-ENG | I245: Offshore | J245: Offshore WHP | K245: WHP Gas | L245: Topside Reused Modification | M245: Structure Steel | N245: Engineering | O245: Offshore-Offshore WHP-WHP Gas-Topside Reused Modification-Structure Steel-Engineering | P245: MT | W245: 0 | X245: 0 | Y245: 0
B246: 100 | C246: 100-1 | D246: 100-1-1 | E246: 100-1-1-4 | F246: 100-1-1-4-3 | G246: ENG | H246: 100-1-1-4-3-ENG | I246: Offshore | J246: Offshore WHP | K246: WHP Gas | L246: Topside Reused Modification | M246: Process | N246: Engineering | O246: Offshore-Offshore WHP-WHP Gas-Topside Reused Modification-Process-Engineering | P246: Lot | W246: 0 | X246: 0 | Y246: 0
B247: 100 | C247: 100-1 | D247: 100-1-1 | E247: 100-1-1-4 | F247: 100-1-1-4-4 | G247: ENG | H247: 100-1-1-4-4-ENG | I247: Offshore | J247: Offshore WHP | K247: WHP Gas | L247: Topside Reused Modification | M247: Piping | N247: Engineering | O247: Offshore-Offshore WHP-WHP Gas-Topside Reused Modification-Piping-Engineering | P247: DB | W247: 0 | X247: 0 | Y247: 0
B248: 100 | C248: 100-1 | D248: 100-1-1 | E248: 100-1-1-4 | F248: 100-1-1-4-5 | G248: ENG | H248: 100-1-1-4-5-ENG | I248: Offshore | J248: Offshore WHP | K248: WHP Gas | L248: Topside Reused Modification | M248: Mechanical | N248: Engineering | O248: Offshore-Offshore WHP-WHP Gas-Topside Reused Modification-Mechanical-Engineering | P248: MT | W248: 0 | X248: 0 | Y248: 0
B249: 100 | C249: 100-1 | D249: 100-1-1 | E249: 100-1-1-4 | F249: 100-1-1-4-6 | G249: ENG | H249: 100-1-1-4-6-ENG | I249: Offshore | J249: Offshore WHP | K249: WHP Gas | L249: Topside Reused Modification | M249: Electrical | N249: Engineering | O249: Offshore-Offshore WHP-WHP Gas-Topside Reused Modification-Electrical-Engineering | P249: M | W249: 0 | X249: 0 | Y249: 0
B250: 100 | C250: 100-1 | D250: 100-1-1 | E250: 100-1-1-4 | F250: 100-1-1-4-7 | G250: ENG | H250: 100-1-1-4-7-ENG | I250: Offshore | J250: Offshore WHP | K250: WHP Gas | L250: Topside Reused Modification | M250: Instrument | N250: Engineering | O250: Offshore-Offshore WHP-WHP Gas-Topside Reused Modification-Instrument-Engineering | P250: M | W250: 0 | X250: 0 | Y250: 0
B251: 100 | C251: 100-1 | D251: 100-1-1 | E251: 100-1-1-4 | F251: 100-1-1-4-8 | G251: ENG | H251: 100-1-1-4-8-ENG | I251: Offshore | J251: Offshore WHP | K251: WHP Gas | L251: Topside Reused Modification | M251: Blast & Paint | N251: Engineering | O251: Offshore-Offshore WHP-WHP Gas-Topside Reused Modification-Blast & Paint-Engineering | P251: SQM | W251: 0 | X251: 0 | Y251: 0
B252: 100 | C252: 100-1 | D252: 100-1-1 | E252: 100-1-1-4 | F252: 100-1-1-4-9 | G252: ENG | H252: 100-1-1-4-9-ENG | I252: Offshore | J252: Offshore WHP | K252: WHP Gas | L252: Topside Reused Modification | M252: Insulation | N252: Engineering | O252: Offshore-Offshore WHP-WHP Gas-Topside Reused Modification-Insulation-Engineering | P252: SQM | W252: 0 | X252: 0 | Y252: 0
B253: 100 | C253: 100-1 | D253: 100-1-1 | E253: 100-1-1-4 | F253: 100-1-1-4-10 | G253: ENG | H253: 100-1-1-4-10-ENG | I253: Offshore | J253: Offshore WHP | K253: WHP Gas | L253: Topside Reused Modification | M253: Fireproofing | N253: Engineering | O253: Offshore-Offshore WHP-WHP Gas-Topside Reused Modification-Fireproofing-Engineering | P253: SQM | W253: 0 | X253: 0 | Y253: 0
B254: 100 | C254: 100-1 | D254: 100-1-1 | E254: 100-1-1-4 | F254: 100-1-1-4-11 | G254: ENG | H254: 100-1-1-4-11-ENG | I254: Offshore | J254: Offshore WHP | K254: WHP Gas | L254: Topside Reused Modification | M254: Load & Sail | N254: Engineering | O254: Offshore-Offshore WHP-WHP Gas-Topside Reused Modification-Load & Sail-Engineering | P254: MT | W254: 0 | X254: 0 | Y254: 0
B255: 100 | C255: 100-1 | D255: 100-1-1 | E255: 100-1-1-4 | F255: 100-1-1-4-12 | G255: ENG | H255: 100-1-1-4-12-ENG | I255: Offshore | J255: Offshore WHP | K255: WHP Gas | L255: Topside Reused Modification | M255: Common of Project | N255: Engineering | O255: Offshore-Offshore WHP-WHP Gas-Topside Reused Modification-Common of Project-Engineering | P255: Lot | W255: 0 | X255: 0 | Y255: 0
... B308: 100 | C308: 100-1 | D308: 100-1-1 | E308: 100-1-1-4 | F308: 100-1-1-4-13 | G308: HUC | H308: 100-1-1-4-13-HUC | I308: Offshore | J308: Offshore WHP | K308: WHP Gas | L308: Topside Reused Modification | M308: Other | N308: HUC | O308: Offshore-Offshore WHP-WHP Gas-Topside Reused Modification-Other-HUC | P308: Lot | W308: 0 | X308: 0 | Y308: 0
B309: 100 | C309: 100-1 | D309: 100-1-1 | E309: 100-1-1-4 | F309: 100-1-1-4-1 | G309: ALL | H309: 100-1-1-4-1-ALL | I309: Offshore | J309: Offshore WHP | K309: WHP Gas | L309: Topside Reused Modification | M309: CSA | N309: Overall Project | O309: Offshore-Offshore WHP-WHP Gas-Topside Reused Modification-CSA-Overall Project | P309: SQM | T309: 0 | U309: 0 | V309: 0 | W309: 0 | X309: 0 | Y309: 0
B310: 100 | C310: 100-1 | D310: 100-1-1 | E310: 100-1-1-4 | F310: 100-1-1-4-2 | G310: ALL | H310: 100-1-1-4-2-ALL | I310: Offshore | J310: Offshore WHP | K310: WHP Gas | L310: Topside Reused Modification | M310: Structure Steel | N310: Overall Project | O310: Offshore-Offshore WHP-WHP Gas-Topside Reused Modification-Structure Steel-Overall Project | P310: MT | T310: 0 | U310: 0 | V310: 0 | W310: 0 | X310: 0 | Y310: 0
B311: 100 | C311: 100-1 | D311: 100-1-1 | E311: 100-1-1-4 | F311: 100-1-1-4-3 | G311: ALL | H311: 100-1-1-4-3-ALL | I311: Offshore | J311: Offshore WHP | K311: WHP Gas | L311: Topside Reused Modification | M311: Process | N311: Overall Project | O311: Offshore-Offshore WHP-WHP Gas-Topside Reused Modification-Process-Overall Project | P311: Lot | T311: 0 | U311: 0 | V311: 0 | W311: 0 | X311: 0 | Y311: 0
B312: 100 | C312: 100-1 | D312: 100-1-1 | E312: 100-1-1-4 | F312: 100-1-1-4-4 | G312: ALL | H312: 100-1-1-4-4-ALL | I312: Offshore | J312: Offshore WHP | K312: WHP Gas | L312: Topside Reused Modification | M312: Piping | N312: Overall Project | O312: Offshore-Offshore WHP-WHP Gas-Topside Reused Modification-Piping-Overall Project | P312: DB | T312: 0 | U312: 0 | V312: 0 | W312: 0 | X312: 0 | Y312: 0
B313: 100 | C313: 100-1 | D313: 100-1-1 | E313: 100-1-1-4 | F313: 100-1-1-4-5 | G313: ALL | H313: 100-1-1-4-5-ALL | I313: Offshore | J313: Offshore WHP | K313: WHP Gas | L313: Topside Reused Modification | M313: Mechanical | N313: Overall Project | O313: Offshore-Offshore WHP-WHP Gas-Topside Reused Modification-Mechanical-Overall Project | P313: MT | T313: 0 | U313: 0 | V313: 0 | W313: 0 | X313: 0 | Y313: 0
B314: 100 | C314: 100-1 | D314: 100-1-1 | E314: 100-1-1-4 | F314: 100-1-1-4-6 | G314: ALL | H314: 100-1-1-4-6-ALL | I314: Offshore | J314: Offshore WHP | K314: WHP Gas | L314: Topside Reused Modification | M314: Electrical | N314: Overall Project | O314: Offshore-Offshore WHP-WHP Gas-Topside Reused Modification-Electrical-Overall Project | P314: M | T314: 0 | U314: 0 | V314: 0 | W314: 0 | X314: 0 | Y314: 0
B315: 100 | C315: 100-1 | D315: 100-1-1 | E315: 100-1-1-4 | F315: 100-1-1-4-7 | G315: ALL | H315: 100-1-1-4-7-ALL | I315: Offshore | J315: Offshore WHP | K315: WHP Gas | L315: Topside Reused Modification | M315: Instrument | N315: Overall Project | O315: Offshore-Offshore WHP-WHP Gas-Topside Reused Modification-Instrument-Overall Project | P315: M | T315: 0 | U315: 0 | V315: 0 | W315: 0 | X315: 0 | Y315: 0
B316: 100 | C316: 100-1 | D316: 100-1-1 | E316: 100-1-1-4 | F316: 100-1-1-4-8 | G316: ALL | H316: 100-1-1-4-8-ALL | I316: Offshore | J316: Offshore WHP | K316: WHP Gas | L316: Topside Reused Modification | M316: Blast & Paint | N316: Overall Project | O316: Offshore-Offshore WHP-WHP Gas-Topside Reused Modification-Blast & Paint-Overall Project | P316: SQM | T316: 0 | U316: 0 | V316: 0 | W316: 0 | X316: 0 | Y316: 0
...

Sheet Validate_Empty
B8: TRUE | C8: TRUE | D8: TRUE | E8: TRUE | F8: TRUE | G8: TRUE | H8: TRUE | I8: TRUE | J8: TRUE | K8: TRUE | L8: TRUE | M8: TRUE | N8: TRUE | O8: TRUE | P8: TRUE | Q8: FALSE | R8: FALSE | S8: FALSE | T8: FALSE | U8: FALSE | V8: FALSE | W8: FALSE | X8: FALSE | Y8: FALSE
B9: C1 | C9: C2 | D9: C3 | E9: C4 | F9: C5 | G9: C6 | H9: C7 | I9: C8 | J9: C9 | K9: C10 | L9: C11 | M9: C12 | N9: C13 | O9: C14 | P9: C15 | Q9: C16 | R9: C17 | S9: C18 | T9: C19 | U9: C20 | V9: C21 | W9: C22 | X9: C23 | Y9: C24
B10: {=IFERROR(IF(OR('Raw Data'!B10="",LEN(TRIM('Raw Data'!B10))=0),_xlfn.REGEXEXTRACT(CELL("address",'Raw Data'!B10),"\$([A-Z]+)\$[0-9]+"),""),"")} | C10: {=IFERROR(IF(OR('Raw Data'!C10="",LEN(TRIM('Raw Data'!C10))=0),_xlfn.REGEXEXTRACT(CELL("address",'Raw Data'!C10),"\$([A-Z]+)\$[0-9]+"),""),"")} | D10: {=IFERROR(IF(OR('Raw Data'!D10="",LEN(TRIM('Raw Data'!D10))=0),_xlfn.REGEXEXTRACT(CELL("address",'Raw Data'!D10),"\$([A-Z]+)\$[0-9]+"),""),"")} | E10: {=IFERROR(IF(OR('Raw Data'!E10="",LEN(TRIM('Raw Data'!E10))=0),_xlfn.REGEXEXTRACT(CELL("address",'Raw Data'!E10),"\$([A-Z]+)\$[0-9]+"),""),"")} | F10: {=IFERROR(IF(OR('Raw Data'!F10="",LEN(TRIM('Raw Data'!F10))=0),_xlfn.REGEXEXTRACT(CELL("address",'Raw Data'!F10),"\$([A-Z]+)\$[0-9]+"),""),"")} | G10: {=IFERROR(IF(OR('Raw Data'!G10="",LEN(TRIM('Raw Data'!G10))=0),_xlfn.REGEXEXTRACT(CELL("address",'Raw Data'!G10),"\$([A-Z]+)\$[0-9]+"),""),"")} | H10: {=IFERROR(IF(OR('Raw Data'!H10="",LEN(TRIM('Raw Data'!H10))=0),_xlfn.REGEXEXTRACT(CELL("address",'Raw Data'!H10),"\$([A-Z]+)\$[0-9]+"),""),"")} | I10: {=IFERROR(IF(OR('Raw Data'!I10="",LEN(TRIM('Raw Data'!I10))=0),_xlfn.REGEXEXTRACT(CELL("address",'Raw Data'!I10),"\$([A-Z]+)\$[0-9]+"),""),"")} | ... P10: {=IFERROR(IF(OR('Raw Data'!P10="",LEN(TRIM('Raw Data'!P10))=0),_xlfn.REGEXEXTRACT(CELL("address",'Raw Data'!P10),"\$([A-Z]+)\$[0-9]+"),""),"")}
B11: {=IFERROR(IF(OR('Raw Data'!B11="",LEN(TRIM('Raw Data'!B11))=0),_xlfn.REGEXEXTRACT(CELL("address",'Raw Data'!B11),"\$([A-Z]+)\$[0-9]+"),""),"")} | C11: {=IFERROR(IF(OR('Raw Data'!C11="",LEN(TRIM('Raw Data'!C11))=0),_xlfn.REGEXEXTRACT(CELL("address",'Raw Data'!C11),"\$([A-Z]+)\$[0-9]+"),""),"")} | D11: {=IFERROR(IF(OR('Raw Data'!D11="",LEN(TRIM('Raw Data'!D11))=0),_xlfn.REGEXEXTRACT(CELL("address",'Raw Data'!D11),"\$([A-Z]+)\$[0-9]+"),""),"")} | E11: {=IFERROR(IF(OR('Raw Data'!E11="",LEN(TRIM('Raw Data'!E11))=0),_xlfn.REGEXEXTRACT(CELL("address",'Raw Data'!E11),"\$([A-Z]+)\$[0-9]+"),""),"")} | F11: {=IFERROR(IF(OR('Raw Data'!F11="",LEN(TRIM('Raw Data'!F11))=0),_xlfn.REGEXEXTRACT(CELL("address",'Raw Data'!F11),"\$([A-Z]+)\$[0-9]+"),""),"")} | G11: {=IFERROR(IF(OR('Raw Data'!G11="",LEN(TRIM('Raw Data'!G11))=0),_xlfn.REGEXEXTRACT(CELL("address",'Raw Data'!G11),"\$([A-Z]+)\$[0-9]+"),""),"")} | H11: {=IFERROR(IF(OR('Raw Data'!H11="",LEN(TRIM('Raw Data'!H11))=0),_xlfn.REGEXEXTRACT(CELL("address",'Raw Data'!H11),"\$([A-Z]+)\$[0-9]+"),""),"")} | I11: {=IFERROR(IF(OR('Raw Data'!I11="",LEN(TRIM('Raw Data'!I11))=0),_xlfn.REGEXEXTRACT(CELL("address",'Raw Data'!I11),"\$([A-Z]+)\$[0-9]+"),""),"")} | ... P11: {=IFERROR(IF(OR('Raw Data'!P11="",LEN(TRIM('Raw Data'!P11))=0),_xlfn.REGEXEXTRACT(CELL("address",'Raw Data'!P11),"\$([A-Z]+)\$[0-9]+"),""),"")}
B12: {=IFERROR(IF(OR('Raw Data'!B12="",LEN(TRIM('Raw Data'!B12))=0),_xlfn.REGEXEXTRACT(CELL("address",'Raw Data'!B12),"\$([A-Z]+)\$[0-9]+"),""),"")} | C12: {=IFERROR(IF(OR('Raw Data'!C12="",LEN(TRIM('Raw Data'!C12))=0),_xlfn.REGEXEXTRACT(CELL("address",'Raw Data'!C12),"\$([A-Z]+)\$[0-9]+"),""),"")} | D12: {=IFERROR(IF(OR('Raw Data'!D12="",LEN(TRIM('Raw Data'!D12))=0),_xlfn.REGEXEXTRACT(CELL("address",'Raw Data'!D12),"\$([A-Z]+)\$[0-9]+"),""),"")} | E12: {=IFERROR(IF(OR('Raw Data'!E12="",LEN(TRIM('Raw Data'!E12))=0),_xlfn.REGEXEXTRACT(CELL("address",'Raw Data'!E12),"\$([A-Z]+)\$[0-9]+"),""),"")} | F12: {=IFERROR(IF(OR('Raw Data'!F12="",LEN(TRIM('Raw Data'!F12))=0),_xlfn.REGEXEXTRACT(CELL("address",'Raw Data'!F12),"\$([A-Z]+)\$[0-9]+"),""),"")} | G12: {=IFERROR(IF(OR('Raw Data'!G12="",LEN(TRIM('Raw Data'!G12))=0),_xlfn.REGEXEXTRACT(CELL("address",'Raw Data'!G12),"\$([A-Z]+)\$[0-9]+"),""),"")} | H12: {=IFERROR(IF(OR('Raw Data'!H12="",LEN(TRIM('Raw Data'!H12))=0),_xlfn.REGEXEXTRACT(CELL("address",'Raw Data'!H12),"\$([A-Z]+)\$[0-9]+"),""),"")} | I12: {=IFERROR(IF(OR('Raw Data'!I12="",LEN(TRIM('Raw Data'!I12))=0),_xlfn.REGEXEXTRACT(CELL("address",'Raw Data'!I12),"\$([A-Z]+)\$[0-9]+"),""),"")} | ... P12: {=IFERROR(IF(OR('Raw Data'!P12="",LEN(TRIM('Raw Data'!P12))=0),_xlfn.REGEXEXTRACT(CELL("address",'Raw Data'!P12),"\$([A-Z]+)\$[0-9]+"),""),"")}
B13: {=IFERROR(IF(OR('Raw Data'!B13="",LEN(TRIM('Raw Data'!B13))=0),_xlfn.REGEXEXTRACT(CELL("address",'Raw Data'!B13),"\$([A-Z]+)\$[0-9]+"),""),"")} | C13: {=IFERROR(IF(OR('Raw Data'!C13="",LEN(TRIM('Raw Data'!C13))=0),_xlfn.REGEXEXTRACT(CELL("address",'Raw Data'!C13),"\$([A-Z]+)\$[0-9]+"),""),"")} | D13: {=IFERROR(IF(OR('Raw Data'!D13="",LEN(TRIM('Raw Data'!D13))=0),_xlfn.REGEXEXTRACT(CELL("address",'Raw Data'!D13),"\$([A-Z]+)\$[0-9]+"),""),"")} | E13: {=IFERROR(IF(OR('Raw Data'!E13="",LEN(TRIM('Raw Data'!E13))=0),_xlfn.REGEXEXTRACT(CELL("address",'Raw Data'!E13),"\$([A-Z]+)\$[0-9]+"),""),"")} | F13: {=IFERROR(IF(OR('Raw Data'!F13="",LEN(TRIM('Raw Data'!F13))=0),_xlfn.REGEXEXTRACT(CELL("address",'Raw Data'!F13),"\$([A-Z]+)\$[0-9]+"),""),"")} | G13: {=IFERROR(IF(OR('Raw Data'!G13="",LEN(TRIM('Raw Data'!G13))=0),_xlfn.REGEXEXTRACT(CELL("address",'Raw Data'!G13),"\$([A-Z]+)\$[0-9]+"),""),"")} | H13: {=IFERROR(IF(OR('Raw Data'!H13="",LEN(TRIM('Raw Data'!H13))=0),_xlfn.REGEXEXTRACT(CELL("address",'Raw Data'!H13),"\$([A-Z]+)\$[0-9]+"),""),"")} | I13: {=IFERROR(IF(OR('Raw Data'!I13="",LEN(TRIM('Raw Data'!I13))=0),_xlfn.REGEXEXTRACT(CELL("address",'Raw Data'!I13),"\$([A-Z]+)\$[0-9]+"),""),"")} | ... P13: {=IFERROR(IF(OR('Raw Data'!P13="",LEN(TRIM('Raw Data'!P13))=0),_xlfn.REGEXEXTRACT(CELL("address",'Raw Data'!P13),"\$([A-Z]+)\$[0-9]+"),""),"")}
B14: {=IFERROR(IF(OR('Raw Data'!B14="",LEN(TRIM('Raw Data'!B14))=0),_xlfn.REGEXEXTRACT(CELL("address",'Raw Data'!B14),"\$([A-Z]+)\$[0-9]+"),""),"")} | C14: {=IFERROR(IF(OR('Raw Data'!C14="",LEN(TRIM('Raw Data'!C14))=0),_xlfn.REGEXEXTRACT(CELL("address",'Raw Data'!C14),"\$([A-Z]+)\$[0-9]+"),""),"")} | D14: {=IFERROR(IF(OR('Raw Data'!D14="",LEN(TRIM('Raw Data'!D14))=0),_xlfn.REGEXEXTRACT(CELL("address",'Raw Data'!D14),"\$([A-Z]+)\$[0-9]+"),""),"")} | E14: {=IFERROR(IF(OR('Raw Data'!E14="",LEN(TRIM('Raw Data'!E14))=0),_xlfn.REGEXEXTRACT(CELL("address",'Raw Data'!E14),"\$([A-Z]+)\$[0-9]+"),""),"")} | F14: {=IFERROR(IF(OR('Raw Data'!F14="",LEN(TRIM('Raw Data'!F14))=0),_xlfn.REGEXEXTRACT(CELL("address",'Raw Data'!F14),"\$([A-Z]+)\$[0-9]+"),""),"")} | G14: {=IFERROR(IF(OR('Raw Data'!G14="",LEN(TRIM('Raw Data'!G14))=0),_xlfn.REGEXEXTRACT(CELL("address",'Raw Data'!G14),"\$([A-Z]+)\$[0-9]+"),""),"")} | H14: {=IFERROR(IF(OR('Raw Data'!H14="",LEN(TRIM('Raw Data'!H14))=0),_xlfn.REGEXEXTRACT(CELL("address",'Raw Data'!H14),"\$([A-Z]+)\$[0-9]+"),""),"")} | I14: {=IFERROR(IF(OR('Raw Data'!I14="",LEN(TRIM('Raw Data'!I14))=0),_xlfn.REGEXEXTRACT(CELL("address",'Raw Data'!I14),"\$([A-Z]+)\$[0-9]+"),""),"")} | ... P14: {=IFERROR(IF(OR('Raw Data'!P14="",LEN(TRIM('Raw Data'!P14))=0),_xlfn.REGEXEXTRACT(CELL("address",'Raw Data'!P14),"\$([A-Z]+)\$[0-9]+"),""),"")}
B15: {=IFERROR(IF(OR('Raw Data'!B15="",LEN(TRIM('Raw Data'!B15))=0),_xlfn.REGEXEXTRACT(CELL("address",'Raw Data'!B15),"\$([A-Z]+)\$[0-9]+"),""),"")} | C15: {=IFERROR(IF(OR('Raw Data'!C15="",LEN(TRIM('Raw Data'!C15))=0),_xlfn.REGEXEXTRACT(CELL("address",'Raw Data'!C15),"\$([A-Z]+)\$[0-9]+"),""),"")} | D15: {=IFERROR(IF(OR('Raw Data'!D15="",LEN(TRIM('Raw Data'!D15))=0),_xlfn.REGEXEXTRACT(CELL("address",'Raw Data'!D15),"\$([A-Z]+)\$[0-9]+"),""),"")} | E15: {=IFERROR(IF(OR('Raw Data'!E15="",LEN(TRIM('Raw Data'!E15))=0),_xlfn.REGEXEXTRACT(CELL("address",'Raw Data'!E15),"\$([A-Z]+)\$[0-9]+"),""),"")} | F15: {=IFERROR(IF(OR('Raw Data'!F15="",LEN(TRIM('Raw Data'!F15))=0),_xlfn.REGEXEXTRACT(CELL("address",'Raw Data'!F15),"\$([A-Z]+)\$[0-9]+"),""),"")} | G15: {=IFERROR(IF(OR('Raw Data'!G15="",LEN(TRIM('Raw Data'!G15))=0),_xlfn.REGEXEXTRACT(CELL("address",'Raw Data'!G15),"\$([A-Z]+)\$[0-9]+"),""),"")} | H15: {=IFERROR(IF(OR('Raw Data'!H15="",LEN(TRIM('Raw Data'!H15))=0),_xlfn.REGEXEXTRACT(CELL("address",'Raw Data'!H15),"\$([A-Z]+)\$[0-9]+"),""),"")} | I15: {=IFERROR(IF(OR('Raw Data'!I15="",LEN(TRIM('Raw Data'!I15))=0),_xlfn.REGEXEXTRACT(CELL("address",'Raw Data'!I15),"\$([A-Z]+)\$[0-9]+"),""),"")} | ... P15: {=IFERROR(IF(OR('Raw Data'!P15="",LEN(TRIM('Raw Data'!P15))=0),_xlfn.REGEXEXTRACT(CELL("address",'Raw Data'!P15),"\$([A-Z]+)\$[0-9]+"),""),"")}
B16: {=IFERROR(IF(OR('Raw Data'!B16="",LEN(TRIM('Raw Data'!B16))=0),_xlfn.REGEXEXTRACT(CELL("address",'Raw Data'!B16),"\$([A-Z]+)\$[0-9]+"),""),"")} | C16: {=IFERROR(IF(OR('Raw Data'!C16="",LEN(TRIM('Raw Data'!C16))=0),_xlfn.REGEXEXTRACT(CELL("address",'Raw Data'!C16),"\$([A-Z]+)\$[0-9]+"),""),"")} | D16: {=IFERROR(IF(OR('Raw Data'!D16="",LEN(TRIM('Raw Data'!D16))=0),_xlfn.REGEXEXTRACT(CELL("address",'Raw Data'!D16),"\$([A-Z]+)\$[0-9]+"),""),"")} | E16: {=IFERROR(IF(OR('Raw Data'!E16="",LEN(TRIM('Raw Data'!E16))=0),_xlfn.REGEXEXTRACT(CELL("address",'Raw Data'!E16),"\$([A-Z]+)\$[0-9]+"),""),"")} | F16: {=IFERROR(IF(OR('Raw Data'!F16="",LEN(TRIM('Raw Data'!F16))=0),_xlfn.REGEXEXTRACT(CELL("address",'Raw Data'!F16),"\$([A-Z]+)\$[0-9]+"),""),"")} | G16: {=IFERROR(IF(OR('Raw Data'!G16="",LEN(TRIM('Raw Data'!G16))=0),_xlfn.REGEXEXTRACT(CELL("address",'Raw Data'!G16),"\$([A-Z]+)\$[0-9]+"),""),"")} | H16: {=IFERROR(IF(OR('Raw Data'!H16="",LEN(TRIM('Raw Data'!H16))=0),_xlfn.REGEXEXTRACT(CELL("address",'Raw Data'!H16),"\$([A-Z]+)\$[0-9]+"),""),"")} | I16: {=IFERROR(IF(OR('Raw Data'!I16="",LEN(TRIM('Raw Data'!I16))=0),_xlfn.REGEXEXTRACT(CELL("address",'Raw Data'!I16),"\$([A-Z]+)\$[0-9]+"),""),"")} | ... P16: {=IFERROR(IF(OR('Raw Data'!P16="",LEN(TRIM('Raw Data'!P16))=0),_xlfn.REGEXEXTRACT(CELL("address",'Raw Data'!P16),"\$([A-Z]+)\$[0-9]+"),""),"")}
B17: {=IFERROR(IF(OR('Raw Data'!B17="",LEN(TRIM('Raw Data'!B17))=0),_xlfn.REGEXEXTRACT(CELL("address",'Raw Data'!B17),"\$([A-Z]+)\$[0-9]+"),""),"")} | C17: {=IFERROR(IF(OR('Raw Data'!C17="",LEN(TRIM('Raw Data'!C17))=0),_xlfn.REGEXEXTRACT(CELL("address",'Raw Data'!C17),"\$([A-Z]+)\$[0-9]+"),""),"")} | D17: {=IFERROR(IF(OR('Raw Data'!D17="",LEN(TRIM('Raw Data'!D17))=0),_xlfn.REGEXEXTRACT(CELL("address",'Raw Data'!D17),"\$([A-Z]+)\$[0-9]+"),""),"")} | E17: {=IFERROR(IF(OR('Raw Data'!E17="",LEN(TRIM('Raw Data'!E17))=0),_xlfn.REGEXEXTRACT(CELL("address",'Raw Data'!E17),"\$([A-Z]+)\$[0-9]+"),""),"")} | F17: {=IFERROR(IF(OR('Raw Data'!F17="",LEN(TRIM('Raw Data'!F17))=0),_xlfn.REGEXEXTRACT(CELL("address",'Raw Data'!F17),"\$([A-Z]+)\$[0-9]+"),""),"")} | G17: {=IFERROR(IF(OR('Raw Data'!G17="",LEN(TRIM('Raw Data'!G17))=0),_xlfn.REGEXEXTRACT(CELL("address",'Raw Data'!G17),"\$([A-Z]+)\$[0-9]+"),""),"")} | H17: {=IFERROR(IF(OR('Raw Data'!H17="",LEN(TRIM('Raw Data'!H17))=0),_xlfn.REGEXEXTRACT(CELL("address",'Raw Data'!H17),"\$([A-Z]+)\$[0-9]+"),""),"")} | I17: {=IFERROR(IF(OR('Raw Data'!I17="",LEN(TRIM('Raw Data'!I17))=0),_xlfn.REGEXEXTRACT(CELL("address",'Raw Data'!I17),"\$([A-Z]+)\$[0-9]+"),""),"")} | ... P17: {=IFERROR(IF(OR('Raw Data'!P17="",LEN(TRIM('Raw Data'!P17))=0),_xlfn.REGEXEXTRACT(CELL("address",'Raw Data'!P17),"\$([A-Z]+)\$[0-9]+"),""),"")}
B18: {=IFERROR(IF(OR('Raw Data'!B18="",LEN(TRIM('Raw Data'!B18))=0),_xlfn.REGEXEXTRACT(CELL("address",'Raw Data'!B18),"\$([A-Z]+)\$[0-9]+"),""),"")} | C18: {=IFERROR(IF(OR('Raw Data'!C18="",LEN(TRIM('Raw Data'!C18))=0),_xlfn.REGEXEXTRACT(CELL("address",'Raw Data'!C18),"\$([A-Z]+)\$[0-9]+"),""),"")} | D18: {=IFERROR(IF(OR('Raw Data'!D18="",LEN(TRIM('Raw Data'!D18))=0),_xlfn.REGEXEXTRACT(CELL("address",'Raw Data'!D18),"\$([A-Z]+)\$[0-9]+"),""),"")} | E18: {=IFERROR(IF(OR('Raw Data'!E18="",LEN(TRIM('Raw Data'!E18))=0),_xlfn.REGEXEXTRACT(CELL("address",'Raw Data'!E18),"\$([A-Z]+)\$[0-9]+"),""),"")} | F18: {=IFERROR(IF(OR('Raw Data'!F18="",LEN(TRIM('Raw Data'!F18))=0),_xlfn.REGEXEXTRACT(CELL("address",'Raw Data'!F18),"\$([A-Z]+)\$[0-9]+"),""),"")} | G18: {=IFERROR(IF(OR('Raw Data'!G18="",LEN(TRIM('Raw Data'!G18))=0),_xlfn.REGEXEXTRACT(CELL("address",'Raw Data'!G18),"\$([A-Z]+)\$[0-9]+"),""),"")} | H18: {=IFERROR(IF(OR('Raw Data'!H18="",LEN(TRIM('Raw Data'!H18))=0),_xlfn.REGEXEXTRACT(CELL("address",'Raw Data'!H18),"\$([A-Z]+)\$[0-9]+"),""),"")} | I18: {=IFERROR(IF(OR('Raw Data'!I18="",LEN(TRIM('Raw Data'!I18))=0),_xlfn.REGEXEXTRACT(CELL("address",'Raw Data'!I18),"\$([A-Z]+)\$[0-9]+"),""),"")} | ... P18: {=IFERROR(IF(OR('Raw Data'!P18="",LEN(TRIM('Raw Data'!P18))=0),_xlfn.REGEXEXTRACT(CELL("address",'Raw Data'!P18),"\$([A-Z]+)\$[0-9]+"),""),"")}
B19: {=IFERROR(IF(OR('Raw Data'!B19="",LEN(TRIM('Raw Data'!B19))=0),_xlfn.REGEXEXTRACT(CELL("address",'Raw Data'!B19),"\$([A-Z]+)\$[0-9]+"),""),"")} | C19: {=IFERROR(IF(OR('Raw Data'!C19="",LEN(TRIM('Raw Data'!C19))=0),_xlfn.REGEXEXTRACT(CELL("address",'Raw Data'!C19),"\$([A-Z]+)\$[0-9]+"),""),"")} | D19: {=IFERROR(IF(OR('Raw Data'!D19="",LEN(TRIM('Raw Data'!D19))=0),_xlfn.REGEXEXTRACT(CELL("address",'Raw Data'!D19),"\$([A-Z]+)\$[0-9]+"),""),"")} | E19: {=IFERROR(IF(OR('Raw Data'!E19="",LEN(TRIM('Raw Data'!E19))=0),_xlfn.REGEXEXTRACT(CELL("address",'Raw Data'!E19),"\$([A-Z]+)\$[0-9]+"),""),"")} | F19: {=IFERROR(IF(OR('Raw Data'!F19="",LEN(TRIM('Raw Data'!F19))=0),_xlfn.REGEXEXTRACT(CELL("address",'Raw Data'!F19),"\$([A-Z]+)\$[0-9]+"),""),"")} | G19: {=IFERROR(IF(OR('Raw Data'!G19="",LEN(TRIM('Raw Data'!G19))=0),_xlfn.REGEXEXTRACT(CELL("address",'Raw Data'!G19),"\$([A-Z]+)\$[0-9]+"),""),"")} | H19: {=IFERROR(IF(OR('Raw Data'!H19="",LEN(TRIM('Raw Data'!H19))=0),_xlfn.REGEXEXTRACT(CELL("address",'Raw Data'!H19),"\$([A-Z]+)\$[0-9]+"),""),"")} | I19: {=IFERROR(IF(OR('Raw Data'!I19="",LEN(TRIM('Raw Data'!I19))=0),_xlfn.REGEXEXTRACT(CELL("address",'Raw Data'!I19),"\$([A-Z]+)\$[0-9]+"),""),"")} | ... P19: {=IFERROR(IF(OR('Raw Data'!P19="",LEN(TRIM('Raw Data'!P19))=0),_xlfn.REGEXEXTRACT(CELL("address",'Raw Data'!P19),"\$([A-Z]+)\$[0-9]+"),""),"")}
B20: {=IFERROR(IF(OR('Raw Data'!B20="",LEN(TRIM('Raw Data'!B20))=0),_xlfn.REGEXEXTRACT(CELL("address",'Raw Data'!B20),"\$([A-Z]+)\$[0-9]+"),""),"")} | C20: {=IFERROR(IF(OR('Raw Data'!C20="",LEN(TRIM('Raw Data'!C20))=0),_xlfn.REGEXEXTRACT(CELL("address",'Raw Data'!C20),"\$([A-Z]+)\$[0-9]+"),""),"")} | D20: {=IFERROR(IF(OR('Raw Data'!D20="",LEN(TRIM('Raw Data'!D20))=0),_xlfn.REGEXEXTRACT(CELL("address",'Raw Data'!D20),"\$([A-Z]+)\$[0-9]+"),""),"")} | E20: {=IFERROR(IF(OR('Raw Data'!E20="",LEN(TRIM('Raw Data'!E20))=0),_xlfn.REGEXEXTRACT(CELL("address",'Raw Data'!E20),"\$([A-Z]+)\$[0-9]+"),""),"")} | F20: {=IFERROR(IF(OR('Raw Data'!F20="",LEN(TRIM('Raw Data'!F20))=0),_xlfn.REGEXEXTRACT(CELL("address",'Raw Data'!F20),"\$([A-Z]+)\$[0-9]+"),""),"")} | G20: {=IFERROR(IF(OR('Raw Data'!G20="",LEN(TRIM('Raw Data'!G20))=0),_xlfn.REGEXEXTRACT(CELL("address",'Raw Data'!G20),"\$([A-Z]+)\$[0-9]+"),""),"")} | H20: {=IFERROR(IF(OR('Raw Data'!H20="",LEN(TRIM('Raw Data'!H20))=0),_xlfn.REGEXEXTRACT(CELL("address",'Raw Data'!H20),"\$([A-Z]+)\$[0-9]+"),""),"")} | I20: {=IFERROR(IF(OR('Raw Data'!I20="",LEN(TRIM('Raw Data'!I20))=0),_xlfn.REGEXEXTRACT(CELL("address",'Raw Data'!I20),"\$([A-Z]+)\$[0-9]+"),""),"")} | ... P20: {=IFERROR(IF(OR('Raw Data'!P20="",LEN(TRIM('Raw Data'!P20))=0),_xlfn.REGEXEXTRACT(CELL("address",'Raw Data'!P20),"\$([A-Z]+)\$[0-9]+"),""),"")}
B21: {=IFERROR(IF(OR('Raw Data'!B21="",LEN(TRIM('Raw Data'!B21))=0),_xlfn.REGEXEXTRACT(CELL("address",'Raw Data'!B21),"\$([A-Z]+)\$[0-9]+"),""),"")} | C21: {=IFERROR(IF(OR('Raw Data'!C21="",LEN(TRIM('Raw Data'!C21))=0),_xlfn.REGEXEXTRACT(CELL("address",'Raw Data'!C21),"\$([A-Z]+)\$[0-9]+"),""),"")} | D21: {=IFERROR(IF(OR('Raw Data'!D21="",LEN(TRIM('Raw Data'!D21))=0),_xlfn.REGEXEXTRACT(CELL("address",'Raw Data'!D21),"\$([A-Z]+)\$[0-9]+"),""),"")} | E21: {=IFERROR(IF(OR('Raw Data'!E21="",LEN(TRIM('Raw Data'!E21))=0),_xlfn.REGEXEXTRACT(CELL("address",'Raw Data'!E21),"\$([A-Z]+)\$[0-9]+"),""),"")} | F21: {=IFERROR(IF(OR('Raw Data'!F21="",LEN(TRIM('Raw Data'!F21))=0),_xlfn.REGEXEXTRACT(CELL("address",'Raw Data'!F21),"\$([A-Z]+)\$[0-9]+"),""),"")} | G21: {=IFERROR(IF(OR('Raw Data'!G21="",LEN(TRIM('Raw Data'!G21))=0),_xlfn.REGEXEXTRACT(CELL("address",'Raw Data'!G21),"\$([A-Z]+)\$[0-9]+"),""),"")} | H21: {=IFERROR(IF(OR('Raw Data'!H21="",LEN(TRIM('Raw Data'!H21))=0),_xlfn.REGEXEXTRACT(CELL("address",'Raw Data'!H21),"\$([A-Z]+)\$[0-9]+"),""),"")} | I21: {=IFERROR(IF(OR('Raw Data'!I21="",LEN(TRIM('Raw Data'!I21))=0),_xlfn.REGEXEXTRACT(CELL("address",'Raw Data'!I21),"\$([A-Z]+)\$[0-9]+"),""),"")} | ... P21: {=IFERROR(IF(OR('Raw Data'!P21="",LEN(TRIM('Raw Data'!P21))=0),_xlfn.REGEXEXTRACT(CELL("address",'Raw Data'!P21),"\$([A-Z]+)\$[0-9]+"),""),"")}
... B1647: {=IFERROR(IF(OR('Raw Data'!B1647="",LEN(TRIM('Raw Data'!B1647))=0),_xlfn.REGEXEXTRACT(CELL("address",'Raw Data'!B1647),"\$([A-Z]+)\$[0-9]+"),""),"")} | C1647: {=IFERROR(IF(OR('Raw Data'!C1647="",LEN(TRIM('Raw Data'!C1647))=0),_xlfn.REGEXEXTRACT(CELL("address",'Raw Data'!C1647),"\$([A-Z]+)\$[0-9]+"),""),"")} | D1647: {=IFERROR(IF(OR('Raw Data'!D1647="",LEN(TRIM('Raw Data'!D1647))=0),_xlfn.REGEXEXTRACT(CELL("address",'Raw Data'!D1647),"\$([A-Z]+)\$[0-9]+"),""),"")} | E1647: {=IFERROR(IF(OR('Raw Data'!E1647="",LEN(TRIM('Raw Data'!E1647))=0),_xlfn.REGEXEXTRACT(CELL("address",'Raw Data'!E1647),"\$([A-Z]+)\$[0-9]+"),""),"")} | F1647: {=IFERROR(IF(OR('Raw Data'!F1647="",LEN(TRIM('Raw Data'!F1647))=0),_xlfn.REGEXEXTRACT(CELL("address",'Raw Data'!F1647),"\$([A-Z]+)\$[0-9]+"),""),"")} | G1647: {=IFERROR(IF(OR('Raw Data'!G1647="",LEN(TRIM('Raw Data'!G1647))=0),_xlfn.REGEXEXTRACT(CELL("address",'Raw Data'!G1647),"\$([A-Z]+)\$[0-9]+"),""),"")} | H1647: {=IFERROR(IF(OR('Raw Data'!H1647="",LEN(TRIM('Raw Data'!H1647))=0),_xlfn.REGEXEXTRACT(CELL("address",'Raw Data'!H1647),"\$([A-Z]+)\$[0-9]+"),""),"")} | I1647: {=IFERROR(IF(OR('Raw Data'!I1647="",LEN(TRIM('Raw Data'!I1647))=0),_xlfn.REGEXEXTRACT(CELL("address",'Raw Data'!I1647),"\$([A-Z]+)\$[0-9]+"),""),"")} | ... P1647: {=IFERROR(IF(OR('Raw Data'!P1647="",LEN(TRIM('Raw Data'!P1647))=0),_xlfn.REGEXEXTRACT(CELL("address",'Raw Data'!P1647),"\$([A-Z]+)\$[0-9]+"),""),"")}

Sheet Validate_Value
B8: NVARCHAR(10) | C8: NVARCHAR(20) | D8: NVARCHAR(20) | E8: NVARCHAR(20) | F8: NVARCHAR(20) | G8: NVARCHAR(10) | H8: NVARCHAR(255) | I8: NVARCHAR(255) | J8: NVARCHAR(255) | K8: NVARCHAR(255) | L8: NVARCHAR(255) | M8: NVARCHAR(255) | N8: NVARCHAR(255) | O8: NVARCHAR(255) | P8: NVARCHAR(10) | Q8: DECIMAL(13,2) | R8: DECIMAL(13,2) | S8: DECIMAL(13,2) | T8: DECIMAL(13,2) | U8: DECIMAL(13,2) | V8: DECIMAL(13,2) | W8: DECIMAL(13,2) | X8: DECIMAL(13,2) | Y8: DECIMAL(13,2)
B9: C1 | C9: C2 | D9: C3 | E9: C4 | F9: C5 | G9: C6 | H9: C7 | I9: C8 | J9: C9 | K9: C10 | L9: C11 | M9: C12 | N9: C13 | O9: C14 | P9: C15 | Q9: C16 | R9: C17 | S9: C18 | T9: C19 | U9: C20 | V9: C21 | W9: C22 | X9: C23 | Y9: C24
B10: {=IFERROR(IF(OR('Raw Data'!B10="",LEN(TRIM('Raw Data'!B10))=0),"",IF(AND(LEN('Raw Data'!B10) <= 10,LEN('Raw Data'!B10)> 0),"",_xlfn.REGEXEXTRACT(CELL("address",'Raw Data'!B10),"\$([A-Z]+)\$[0-9]+"))),_xlfn.REGEXEXTRACT(CELL("address",'Raw Data'!B10),"\$([A-Z]+)\$[0-9]+"))} | C10: {=IFERROR(IF(OR('Raw Data'!C10="",LEN(TRIM('Raw Data'!C10))=0),"",IF(AND(LEN('Raw Data'!C10) <= 20,LEN('Raw Data'!C10)> 0),"",_xlfn.REGEXEXTRACT(CELL("address",'Raw Data'!C10),"\$([A-Z]+)\$[0-9]+"))),_xlfn.REGEXEXTRACT(CELL("address",'Raw Data'!C10),"\$([A-Z]+)\$[0-9]+"))} | D10: {=IFERROR(IF(OR('Raw Data'!D10="",LEN(TRIM('Raw Data'!D10))=0),"",IF(AND(LEN('Raw Data'!D10) <= 20,LEN('Raw Data'!D10)> 0),"",_xlfn.REGEXEXTRACT(CELL("address",'Raw Data'!D10),"\$([A-Z]+)\$[0-9]+"))),_xlfn.REGEXEXTRACT(CELL("address",'Raw Data'!D10),"\$([A-Z]+)\$[0-9]+"))} | E10: {=IFERROR(IF(OR('Raw Data'!E10="",LEN(TRIM('Raw Data'!E10))=0),"",IF(AND(LEN('Raw Data'!E10) <= 20,LEN('Raw Data'!E10)> 0),"",_xlfn.REGEXEXTRACT(CELL("address",'Raw Data'!E10),"\$([A-Z]+)\$[0-9]+"))),_xlfn.REGEXEXTRACT(CELL("address",'Raw Data'!E10),"\$([A-Z]+)\$[0-9]+"))} | F10: {=IFERROR(IF(OR('Raw Data'!F10="",LEN(TRIM('Raw Data'!F10))=0),"",IF(AND(LEN('Raw Data'!F10) <= 20,LEN('Raw Data'!F10)> 0),"",_xlfn.REGEXEXTRACT(CELL("address",'Raw Data'!F10),"\$([A-Z]+)\$[0-9]+"))),_xlfn.REGEXEXTRACT(CELL("address",'Raw Data'!F10),"\$([A-Z]+)\$[0-9]+"))} | G10: {=IFERROR(IF(OR('Raw Data'!G10="",LEN(TRIM('Raw Data'!G10))=0),"",IF(AND(LEN('Raw Data'!G10) <= 10,LEN('Raw Data'!G10)> 0),"",_xlfn.REGEXEXTRACT(CELL("address",'Raw Data'!G10),"\$([A-Z]+)\$[0-9]+"))),_xlfn.REGEXEXTRACT(CELL("address",'Raw Data'!G10),"\$([A-Z]+)\$[0-9]+"))} | H10: {=IFERROR(IF(OR('Raw Data'!H10="",LEN(TRIM('Raw Data'!H10))=0),"",IF(AND(LEN('Raw Data'!H10) <= 255,LEN('Raw Data'!H10)> 0),"",_xlfn.REGEXEXTRACT(CELL("address",'Raw Data'!H10),"\$([A-Z]+)\$[0-9]+"))),_xlfn.REGEXEXTRACT(CELL("address",'Raw Data'!H10),"\$([A-Z]+)\$[0-9]+"))} | I10: {=IFERROR(IF(OR('Raw Data'!I10="",LEN(TRIM('Raw Data'!I10))=0),"",IF(AND(LEN('Raw Data'!I10) <= 255,LEN('Raw Data'!I10)> 0),"",_xlfn.REGEXEXTRACT(CELL("address",'Raw Data'!I10),"\$([A-Z]+)\$[0-9]+"))),_xlfn.REGEXEXTRACT(CELL("address",'Raw Data'!I10),"\$([A-Z]+)\$[0-9]+"))} | J10: {=IFERROR(IF(OR('Raw Data'!J10="",LEN(TRIM('Raw Data'!J10))=0),"",IF(AND(LEN('Raw Data'!J10) <= 255,LEN('Raw Data'!J10)> 0),"",_xlfn.REGEXEXTRACT(CELL("address",'Raw Data'!J10),"\$([A-Z]+)\$[0-9]+"))),_xlfn.REGEXEXTRACT(CELL("address",'Raw Data'!J10),"\$([A-Z]+)\$[0-9]+"))} | K10: {=IFERROR(IF(OR('Raw Data'!K10="",LEN(TRIM('Raw Data'!K10))=0),"",IF(AND(LEN('Raw Data'!K10) <= 255,LEN('Raw Data'!K10)> 0),"",_xlfn.REGEXEXTRACT(CELL("address",'Raw Data'!K10),"\$([A-Z]+)\$[0-9]+"))),_xlfn.REGEXEXTRACT(CELL("address",'Raw Data'!K10),"\$([A-Z]+)\$[0-9]+"))} | L10: {=IFERROR(IF(OR('Raw Data'!L10="",LEN(TRIM('Raw Data'!L10))=0),"",IF(AND(LEN('Raw Data'!L10) <= 255,LEN('Raw Data'!L10)> 0),"",_xlfn.REGEXEXTRACT(CELL("address",'Raw Data'!L10),"\$([A-Z]+)\$[0-9]+"))),_xlfn.REGEXEXTRACT(CELL("address",'Raw Data'!L10),"\$([A-Z]+)\$[0-9]+"))} | M10: {=IFERROR(IF(OR('Raw Data'!M10="",LEN(TRIM('Raw Data'!M10))=0),"",IF(AND(LEN('Raw Data'!M10) <= 255,LEN('Raw Data'!M10)> 0),"",_xlfn.REGEXEXTRACT(CELL("address",'Raw Data'!M10),"\$([A-Z]+)\$[0-9]+"))),_xlfn.REGEXEXTRACT(CELL("address",'Raw Data'!M10),"\$([A-Z]+)\$[0-9]+"))} | N10: {=IFERROR(IF(OR('Raw Data'!N10="",LEN(TRIM('Raw Data'!N10))=0),"",IF(AND(LEN('Raw Data'!N10) <= 255,LEN('Raw Data'!N10)> 0),"",_xlfn.REGEXEXTRACT(CELL("address",'Raw Data'!N10),"\$([A-Z]+)\$[0-9]+"))),_xlfn.REGEXEXTRACT(CELL("address",'Raw Data'!N10),"\$([A-Z]+)\$[0-9]+"))} | O10: {=IFERROR(IF(OR('Raw Data'!O10="",LEN(TRIM('Raw Data'!O10))=0),"",IF(AND(LEN('Raw Data'!O10) <= 255,LEN('Raw Data'!O10)> 0),"",_xlfn.REGEXEXTRACT(CELL("address",'Raw Data'!O10),"\$([A-Z]+)\$[0-9]+"))),_xlfn.REGEXEXTRACT(CELL("address",'Raw Data'!O10),"\$([A-Z]+)\$[0-9]+"))} | P10: {=IFERROR(IF(OR('Raw Data'!P10="",LEN(TRIM('Raw Data'!P10))=0),"",IF(AND(LEN('Raw Data'!P10) <= 10,LEN('Raw Data'!P10)> 0),"",_xlfn.REGEXEXTRACT(CELL("address",'Raw Data'!P10),"\$([A-Z]+)\$[0-9]+"))),_xlfn.REGEXEXTRACT(CELL("address",'Raw Data'!P10),"\$([A-Z]+)\$[0-9]+"))} | Q10: {=IFERROR(IF(OR('Raw Data'!Q10="",LEN(TRIM('Raw Data'!Q10))=0),"",IF(AND(ISNUMBER('Raw Data'!Q10), IFERROR('Raw Data'!Q10 = ROUND('Raw Data'!Q10, 2),FALSE)),"",_xlfn.REGEXEXTRACT(CELL("address",Q10), "\$([A-Z]+)\$[0-9]+"))),_xlfn.REGEXEXTRACT(CELL("address",Q10), "\$([A-Z]+)\$[0-9]+"))} | R10: {=IFERROR(IF(OR('Raw Data'!R10="",LEN(TRIM('Raw Data'!R10))=0),"",IF(AND(ISNUMBER('Raw Data'!R10), IFERROR('Raw Data'!R10 = ROUND('Raw Data'!R10, 2),FALSE)),"",_xlfn.REGEXEXTRACT(CELL("address",R10), "\$([A-Z]+)\$[0-9]+"))),_xlfn.REGEXEXTRACT(CELL("address",R10), "\$([A-Z]+)\$[0-9]+"))} | S10: {=IFERROR(IF(OR('Raw Data'!S10="",LEN(TRIM('Raw Data'!S10))=0),"",IF(AND(ISNUMBER('Raw Data'!S10), IFERROR('Raw Data'!S10 = ROUND('Raw Data'!S10, 2),FALSE)),"",_xlfn.REGEXEXTRACT(CELL("address",S10), "\$([A-Z]+)\$[0-9]+"))),_xlfn.REGEXEXTRACT(CELL("address",S10), "\$([A-Z]+)\$[0-9]+"))} | T10: {=IFERROR(IF(OR('Raw Data'!T10="",LEN(TRIM('Raw Data'!T10))=0),"",IF(AND(ISNUMBER('Raw Data'!T10), IFERROR('Raw Data'!T10 = ROUND('Raw Data'!T10, 2),FALSE)),"",_xlfn.REGEXEXTRACT(CELL("address",T10), "\$([A-Z]+)\$[0-9]+"))),_xlfn.REGEXEXTRACT(CELL("address",T10), "\$([A-Z]+)\$[0-9]+"))} | U10: {=IFERROR(IF(OR('Raw Data'!U10="",LEN(TRIM('Raw Data'!U10))=0),"",IF(AND(ISNUMBER('Raw Data'!U10), IFERROR('Raw Data'!U10 = ROUND('Raw Data'!U10, 2),FALSE)),"",_xlfn.REGEXEXTRACT(CELL("address",U10), "\$([A-Z]+)\$[0-9]+"))),_xlfn.REGEXEXTRACT(CELL("address",U10), "\$([A-Z]+)\$[0-9]+"))} | V10: {=IFERROR(IF(OR('Raw Data'!V10="",LEN(TRIM('Raw Data'!V10))=0),"",IF(AND(ISNUMBER('Raw Data'!V10), IFERROR('Raw Data'!V10 = ROUND('Raw Data'!V10, 2),FALSE)),"",_xlfn.REGEXEXTRACT(CELL("address",V10), "\$([A-Z]+)\$[0-9]+"))),_xlfn.REGEXEXTRACT(CELL("address",V10), "\$([A-Z]+)\$[0-9]+"))} | W10: {=IFERROR(IF(OR('Raw Data'!W10="",LEN(TRIM('Raw Data'!W10))=0),"",IF(AND(ISNUMBER('Raw Data'!W10), IFERROR('Raw Data'!W10 = ROUND('Raw Data'!W10, 2),FALSE)),"",_xlfn.REGEXEXTRACT(CELL("address",W10), "\$([A-Z]+)\$[0-9]+"))),_xlfn.REGEXEXTRACT(CELL("address",W10), "\$([A-Z]+)\$[0-9]+"))} | X10: {=IFERROR(IF(OR('Raw Data'!X10="",LEN(TRIM('Raw Data'!X10))=0),"",IF(AND(ISNUMBER('Raw Data'!X10), IFERROR('Raw Data'!X10 = ROUND('Raw Data'!X10, 2),FALSE)),"",_xlfn.REGEXEXTRACT(CELL("address",X10), "\$([A-Z]+)\$[0-9]+"))),_xlfn.REGEXEXTRACT(CELL("address",X10), "\$([A-Z]+)\$[0-9]+"))} | Y10: {=IFERROR(IF(OR('Raw Data'!Y10="",LEN(TRIM('Raw Data'!Y10))=0),"",IF(AND(ISNUMBER('Raw Data'!Y10), IFERROR('Raw Data'!Y10 = ROUND('Raw Data'!Y10, 2),FALSE)),"",_xlfn.REGEXEXTRACT(CELL("address",Y10), "\$([A-Z]+)\$[0-9]+"))),_xlfn.REGEXEXTRACT(CELL("address",Y10), "\$([A-Z]+)\$[0-9]+"))}
B11: {=IFERROR(IF(OR('Raw Data'!B11="",LEN(TRIM('Raw Data'!B11))=0),"",IF(AND(LEN('Raw Data'!B11) <= 10,LEN('Raw Data'!B11)> 0),"",_xlfn.REGEXEXTRACT(CELL("address",'Raw Data'!B11),"\$([A-Z]+)\$[0-9]+"))),_xlfn.REGEXEXTRACT(CELL("address",'Raw Data'!B11),"\$([A-Z]+)\$[0-9]+"))} | C11: {=IFERROR(IF(OR('Raw Data'!C11="",LEN(TRIM('Raw Data'!C11))=0),"",IF(AND(LEN('Raw Data'!C11) <= 20,LEN('Raw Data'!C11)> 0),"",_xlfn.REGEXEXTRACT(CELL("address",'Raw Data'!C11),"\$([A-Z]+)\$[0-9]+"))),_xlfn.REGEXEXTRACT(CELL("address",'Raw Data'!C11),"\$([A-Z]+)\$[0-9]+"))} | D11: {=IFERROR(IF(OR('Raw Data'!D11="",LEN(TRIM('Raw Data'!D11))=0),"",IF(AND(LEN('Raw Data'!D11) <= 20,LEN('Raw Data'!D11)> 0),"",_xlfn.REGEXEXTRACT(CELL("address",'Raw Data'!D11),"\$([A-Z]+)\$[0-9]+"))),_xlfn.REGEXEXTRACT(CELL("address",'Raw Data'!D11),"\$([A-Z]+)\$[0-9]+"))} | E11: {=IFERROR(IF(OR('Raw Data'!E11="",LEN(TRIM('Raw Data'!E11))=0),"",IF(AND(LEN('Raw Data'!E11) <= 20,LEN('Raw Data'!E11)> 0),"",_xlfn.REGEXEXTRACT(CELL("address",'Raw Data'!E11),"\$([A-Z]+)\$[0-9]+"))),_xlfn.REGEXEXTRACT(CELL("address",'Raw Data'!E11),"\$([A-Z]+)\$[0-9]+"))} | F11: {=IFERROR(IF(OR('Raw Data'!F11="",LEN(TRIM('Raw Data'!F11))=0),"",IF(AND(LEN('Raw Data'!F11) <= 20,LEN('Raw Data'!F11)> 0),"",_xlfn.REGEXEXTRACT(CELL("address",'Raw Data'!F11),"\$([A-Z]+)\$[0-9]+"))),_xlfn.REGEXEXTRACT(CELL("address",'Raw Data'!F11),"\$([A-Z]+)\$[0-9]+"))} | G11: {=IFERROR(IF(OR('Raw Data'!G11="",LEN(TRIM('Raw Data'!G11))=0),"",IF(AND(LEN('Raw Data'!G11) <= 10,LEN('Raw Data'!G11)> 0),"",_xlfn.REGEXEXTRACT(CELL("address",'Raw Data'!G11),"\$([A-Z]+)\$[0-9]+"))),_xlfn.REGEXEXTRACT(CELL("address",'Raw Data'!G11),"\$([A-Z]+)\$[0-9]+"))} | H11: {=IFERROR(IF(OR('Raw Data'!H11="",LEN(TRIM('Raw Data'!H11))=0),"",IF(AND(LEN('Raw Data'!H11) <= 255,LEN('Raw Data'!H11)> 0),"",_xlfn.REGEXEXTRACT(CELL("address",'Raw Data'!H11),"\$([A-Z]+)\$[0-9]+"))),_xlfn.REGEXEXTRACT(CELL("address",'Raw Data'!H11),"\$([A-Z]+)\$[0-9]+"))} | I11: {=IFERROR(IF(OR('Raw Data'!I11="",LEN(TRIM('Raw Data'!I11))=0),"",IF(AND(LEN('Raw Data'!I11) <= 255,LEN('Raw Data'!I11)> 0),"",_xlfn.REGEXEXTRACT(CELL("address",'Raw Data'!I11),"\$([A-Z]+)\$[0-9]+"))),_xlfn.REGEXEXTRACT(CELL("address",'Raw Data'!I11),"\$([A-Z]+)\$[0-9]+"))} | J11: {=IFERROR(IF(OR('Raw Data'!J11="",LEN(TRIM('Raw Data'!J11))=0),"",IF(AND(LEN('Raw Data'!J11) <= 255,LEN('Raw Data'!J11)> 0),"",_xlfn.REGEXEXTRACT(CELL("address",'Raw Data'!J11),"\$([A-Z]+)\$[0-9]+"))),_xlfn.REGEXEXTRACT(CELL("address",'Raw Data'!J11),"\$([A-Z]+)\$[0-9]+"))} | K11: {=IFERROR(IF(OR('Raw Data'!K11="",LEN(TRIM('Raw Data'!K11))=0),"",IF(AND(LEN('Raw Data'!K11) <= 255,LEN('Raw Data'!K11)> 0),"",_xlfn.REGEXEXTRACT(CELL("address",'Raw Data'!K11),"\$([A-Z]+)\$[0-9]+"))),_xlfn.REGEXEXTRACT(CELL("address",'Raw Data'!K11),"\$([A-Z]+)\$[0-9]+"))} | L11: {=IFERROR(IF(OR('Raw Data'!L11="",LEN(TRIM('Raw Data'!L11))=0),"",IF(AND(LEN('Raw Data'!L11) <= 255,LEN('Raw Data'!L11)> 0),"",_xlfn.REGEXEXTRACT(CELL("address",'Raw Data'!L11),"\$([A-Z]+)\$[0-9]+"))),_xlfn.REGEXEXTRACT(CELL("address",'Raw Data'!L11),"\$([A-Z]+)\$[0-9]+"))} | M11: {=IFERROR(IF(OR('Raw Data'!M11="",LEN(TRIM('Raw Data'!M11))=0),"",IF(AND(LEN('Raw Data'!M11) <= 255,LEN('Raw Data'!M11)> 0),"",_xlfn.REGEXEXTRACT(CELL("address",'Raw Data'!M11),"\$([A-Z]+)\$[0-9]+"))),_xlfn.REGEXEXTRACT(CELL("address",'Raw Data'!M11),"\$([A-Z]+)\$[0-9]+"))} | N11: {=IFERROR(IF(OR('Raw Data'!N11="",LEN(TRIM('Raw Data'!N11))=0),"",IF(AND(LEN('Raw Data'!N11) <= 255,LEN('Raw Data'!N11)> 0),"",_xlfn.REGEXEXTRACT(CELL("address",'Raw Data'!N11),"\$([A-Z]+)\$[0-9]+"))),_xlfn.REGEXEXTRACT(CELL("address",'Raw Data'!N11),"\$([A-Z]+)\$[0-9]+"))} | O11: {=IFERROR(IF(OR('Raw Data'!O11="",LEN(TRIM('Raw Data'!O11))=0),"",IF(AND(LEN('Raw Data'!O11) <= 255,LEN('Raw Data'!O11)> 0),"",_xlfn.REGEXEXTRACT(CELL("address",'Raw Data'!O11),"\$([A-Z]+)\$[0-9]+"))),_xlfn.REGEXEXTRACT(CELL("address",'Raw Data'!O11),"\$([A-Z]+)\$[0-9]+"))} | P11: {=IFERROR(IF(OR('Raw Data'!P11="",LEN(TRIM('Raw Data'!P11))=0),"",IF(AND(LEN('Raw Data'!P11) <= 10,LEN('Raw Data'!P11)> 0),"",_xlfn.REGEXEXTRACT(CELL("address",'Raw Data'!P11),"\$([A-Z]+)\$[0-9]+"))),_xlfn.REGEXEXTRACT(CELL("address",'Raw Data'!P11),"\$([A-Z]+)\$[0-9]+"))} | Q11: {=IFERROR(IF(OR('Raw Data'!Q11="",LEN(TRIM('Raw Data'!Q11))=0),"",IF(AND(ISNUMBER('Raw Data'!Q11), IFERROR('Raw Data'!Q11 = ROUND('Raw Data'!Q11, 2),FALSE)),"",_xlfn.REGEXEXTRACT(CELL("address",Q11), "\$([A-Z]+)\$[0-9]+"))),_xlfn.REGEXEXTRACT(CELL("address",Q11), "\$([A-Z]+)\$[0-9]+"))} | R11: {=IFERROR(IF(OR('Raw Data'!R11="",LEN(TRIM('Raw Data'!R11))=0),"",IF(AND(ISNUMBER('Raw Data'!R11), IFERROR('Raw Data'!R11 = ROUND('Raw Data'!R11, 2),FALSE)),"",_xlfn.REGEXEXTRACT(CELL("address",R11), "\$([A-Z]+)\$[0-9]+"))),_xlfn.REGEXEXTRACT(CELL("address",R11), "\$([A-Z]+)\$[0-9]+"))} | S11: {=IFERROR(IF(OR('Raw Data'!S11="",LEN(TRIM('Raw Data'!S11))=0),"",IF(AND(ISNUMBER('Raw Data'!S11), IFERROR('Raw Data'!S11 = ROUND('Raw Data'!S11, 2),FALSE)),"",_xlfn.REGEXEXTRACT(CELL("address",S11), "\$([A-Z]+)\$[0-9]+"))),_xlfn.REGEXEXTRACT(CELL("address",S11), "\$([A-Z]+)\$[0-9]+"))} | T11: {=IFERROR(IF(OR('Raw Data'!T11="",LEN(TRIM('Raw Data'!T11))=0),"",IF(AND(ISNUMBER('Raw Data'!T11), IFERROR('Raw Data'!T11 = ROUND('Raw Data'!T11, 2),FALSE)),"",_xlfn.REGEXEXTRACT(CELL("address",T11), "\$([A-Z]+)\$[0-9]+"))),_xlfn.REGEXEXTRACT(CELL("address",T11), "\$([A-Z]+)\$[0-9]+"))} | U11: {=IFERROR(IF(OR('Raw Data'!U11="",LEN(TRIM('Raw Data'!U11))=0),"",IF(AND(ISNUMBER('Raw Data'!U11), IFERROR('Raw Data'!U11 = ROUND('Raw Data'!U11, 2),FALSE)),"",_xlfn.REGEXEXTRACT(CELL("address",U11), "\$([A-Z]+)\$[0-9]+"))),_xlfn.REGEXEXTRACT(CELL("address",U11), "\$([A-Z]+)\$[0-9]+"))} | V11: {=IFERROR(IF(OR('Raw Data'!V11="",LEN(TRIM('Raw Data'!V11))=0),"",IF(AND(ISNUMBER('Raw Data'!V11), IFERROR('Raw Data'!V11 = ROUND('Raw Data'!V11, 2),FALSE)),"",_xlfn.REGEXEXTRACT(CELL("address",V11), "\$([A-Z]+)\$[0-9]+"))),_xlfn.REGEXEXTRACT(CELL("address",V11), "\$([A-Z]+)\$[0-9]+"))} | W11: {=IFERROR(IF(OR('Raw Data'!W11="",LEN(TRIM('Raw Data'!W11))=0),"",IF(AND(ISNUMBER('Raw Data'!W11), IFERROR('Raw Data'!W11 = ROUND('Raw Data'!W11, 2),FALSE)),"",_xlfn.REGEXEXTRACT(CELL("address",W11), "\$([A-Z]+)\$[0-9]+"))),_xlfn.REGEXEXTRACT(CELL("address",W11), "\$([A-Z]+)\$[0-9]+"))} | X11: {=IFERROR(IF(OR('Raw Data'!X11="",LEN(TRIM('Raw Data'!X11))=0),"",IF(AND(ISNUMBER('Raw Data'!X11), IFERROR('Raw Data'!X11 = ROUND('Raw Data'!X11, 2),FALSE)),"",_xlfn.REGEXEXTRACT(CELL("address",X11), "\$([A-Z]+)\$[0-9]+"))),_xlfn.REGEXEXTRACT(CELL("address",X11), "\$([A-Z]+)\$[0-9]+"))} | Y11: {=IFERROR(IF(OR('Raw Data'!Y11="",LEN(TRIM('Raw Data'!Y11))=0),"",IF(AND(ISNUMBER('Raw Data'!Y11), IFERROR('Raw Data'!Y11 = ROUND('Raw Data'!Y11, 2),FALSE)),"",_xlfn.REGEXEXTRACT(CELL("address",Y11), "\$([A-Z]+)\$[0-9]+"))),_xlfn.REGEXEXTRACT(CELL("address",Y11), "\$([A-Z]+)\$[0-9]+"))}
B12: {=IFERROR(IF(OR('Raw Data'!B12="",LEN(TRIM('Raw Data'!B12))=0),"",IF(AND(LEN('Raw Data'!B12) <= 10,LEN('Raw Data'!B12)> 0),"",_xlfn.REGEXEXTRACT(CELL("address",'Raw Data'!B12),"\$([A-Z]+)\$[0-9]+"))),_xlfn.REGEXEXTRACT(CELL("address",'Raw Data'!B12),"\$([A-Z]+)\$[0-9]+"))} | C12: {=IFERROR(IF(OR('Raw Data'!C12="",LEN(TRIM('Raw Data'!C12))=0),"",IF(AND(LEN('Raw Data'!C12) <= 20,LEN('Raw Data'!C12)> 0),"",_xlfn.REGEXEXTRACT(CELL("address",'Raw Data'!C12),"\$([A-Z]+)\$[0-9]+"))),_xlfn.REGEXEXTRACT(CELL("address",'Raw Data'!C12),"\$([A-Z]+)\$[0-9]+"))} | D12: {=IFERROR(IF(OR('Raw Data'!D12="",LEN(TRIM('Raw Data'!D12))=0),"",IF(AND(LEN('Raw Data'!D12) <= 20,LEN('Raw Data'!D12)> 0),"",_xlfn.REGEXEXTRACT(CELL("address",'Raw Data'!D12),"\$([A-Z]+)\$[0-9]+"))),_xlfn.REGEXEXTRACT(CELL("address",'Raw Data'!D12),"\$([A-Z]+)\$[0-9]+"))} | E12: {=IFERROR(IF(OR('Raw Data'!E12="",LEN(TRIM('Raw Data'!E12))=0),"",IF(AND(LEN('Raw Data'!E12) <= 20,LEN('Raw Data'!E12)> 0),"",_xlfn.REGEXEXTRACT(CELL("address",'Raw Data'!E12),"\$([A-Z]+)\$[0-9]+"))),_xlfn.REGEXEXTRACT(CELL("address",'Raw Data'!E12),"\$([A-Z]+)\$[0-9]+"))} | F12: {=IFERROR(IF(OR('Raw Data'!F12="",LEN(TRIM('Raw Data'!F12))=0),"",IF(AND(LEN('Raw Data'!F12) <= 20,LEN('Raw Data'!F12)> 0),"",_xlfn.REGEXEXTRACT(CELL("address",'Raw Data'!F12),"\$([A-Z]+)\$[0-9]+"))),_xlfn.REGEXEXTRACT(CELL("address",'Raw Data'!F12),"\$([A-Z]+)\$[0-9]+"))} | G12: {=IFERROR(IF(OR('Raw Data'!G12="",LEN(TRIM('Raw Data'!G12))=0),"",IF(AND(LEN('Raw Data'!G12) <= 10,LEN('Raw Data'!G12)> 0),"",_xlfn.REGEXEXTRACT(CELL("address",'Raw Data'!G12),"\$([A-Z]+)\$[0-9]+"))),_xlfn.REGEXEXTRACT(CELL("address",'Raw Data'!G12),"\$([A-Z]+)\$[0-9]+"))} | H12: {=IFERROR(IF(OR('Raw Data'!H12="",LEN(TRIM('Raw Data'!H12))=0),"",IF(AND(LEN('Raw Data'!H12) <= 255,LEN('Raw Data'!H12)> 0),"",_xlfn.REGEXEXTRACT(CELL("address",'Raw Data'!H12),"\$([A-Z]+)\$[0-9]+"))),_xlfn.REGEXEXTRACT(CELL("address",'Raw Data'!H12),"\$([A-Z]+)\$[0-9]+"))} | I12: {=IFERROR(IF(OR('Raw Data'!I12="",LEN(TRIM('Raw Data'!I12))=0),"",IF(AND(LEN('Raw Data'!I12) <= 255,LEN('Raw Data'!I12)> 0),"",_xlfn.REGEXEXTRACT(CELL("address",'Raw Data'!I12),"\$([A-Z]+)\$[0-9]+"))),_xlfn.REGEXEXTRACT(CELL("address",'Raw Data'!I12),"\$([A-Z]+)\$[0-9]+"))} | J12: {=IFERROR(IF(OR('Raw Data'!J12="",LEN(TRIM('Raw Data'!J12))=0),"",IF(AND(LEN('Raw Data'!J12) <= 255,LEN('Raw Data'!J12)> 0),"",_xlfn.REGEXEXTRACT(CELL("address",'Raw Data'!J12),"\$([A-Z]+)\$[0-9]+"))),_xlfn.REGEXEXTRACT(CELL("address",'Raw Data'!J12),"\$([A-Z]+)\$[0-9]+"))} | K12: {=IFERROR(IF(OR('Raw Data'!K12="",LEN(TRIM('Raw Data'!K12))=0),"",IF(AND(LEN('Raw Data'!K12) <= 255,LEN('Raw Data'!K12)> 0),"",_xlfn.REGEXEXTRACT(CELL("address",'Raw Data'!K12),"\$([A-Z]+)\$[0-9]+"))),_xlfn.REGEXEXTRACT(CELL("address",'Raw Data'!K12),"\$([A-Z]+)\$[0-9]+"))} | L12: {=IFERROR(IF(OR('Raw Data'!L12="",LEN(TRIM('Raw Data'!L12))=0),"",IF(AND(LEN('Raw Data'!L12) <= 255,LEN('Raw Data'!L12)> 0),"",_xlfn.REGEXEXTRACT(CELL("address",'Raw Data'!L12),"\$([A-Z]+)\$[0-9]+"))),_xlfn.REGEXEXTRACT(CELL("address",'Raw Data'!L12),"\$([A-Z]+)\$[0-9]+"))} | M12: {=IFERROR(IF(OR('Raw Data'!M12="",LEN(TRIM('Raw Data'!M12))=0),"",IF(AND(LEN('Raw Data'!M12) <= 255,LEN('Raw Data'!M12)> 0),"",_xlfn.REGEXEXTRACT(CELL("address",'Raw Data'!M12),"\$([A-Z]+)\$[0-9]+"))),_xlfn.REGEXEXTRACT(CELL("address",'Raw Data'!M12),"\$([A-Z]+)\$[0-9]+"))} | N12: {=IFERROR(IF(OR('Raw Data'!N12="",LEN(TRIM('Raw Data'!N12))=0),"",IF(AND(LEN('Raw Data'!N12) <= 255,LEN('Raw Data'!N12)> 0),"",_xlfn.REGEXEXTRACT(CELL("address",'Raw Data'!N12),"\$([A-Z]+)\$[0-9]+"))),_xlfn.REGEXEXTRACT(CELL("address",'Raw Data'!N12),"\$([A-Z]+)\$[0-9]+"))} | O12: {=IFERROR(IF(OR('Raw Data'!O12="",LEN(TRIM('Raw Data'!O12))=0),"",IF(AND(LEN('Raw Data'!O12) <= 255,LEN('Raw Data'!O12)> 0),"",_xlfn.REGEXEXTRACT(CELL("address",'Raw Data'!O12),"\$([A-Z]+)\$[0-9]+"))),_xlfn.REGEXEXTRACT(CELL("address",'Raw Data'!O12),"\$([A-Z]+)\$[0-9]+"))} | P12: {=IFERROR(IF(OR('Raw Data'!P12="",LEN(TRIM('Raw Data'!P12))=0),"",IF(AND(LEN('Raw Data'!P12) <= 10,LEN('Raw Data'!P12)> 0),"",_xlfn.REGEXEXTRACT(CELL("address",'Raw Data'!P12),"\$([A-Z]+)\$[0-9]+"))),_xlfn.REGEXEXTRACT(CELL("address",'Raw Data'!P12),"\$([A-Z]+)\$[0-9]+"))} | Q12: {=IFERROR(IF(OR('Raw Data'!Q12="",LEN(TRIM('Raw Data'!Q12))=0),"",IF(AND(ISNUMBER('Raw Data'!Q12), IFERROR('Raw Data'!Q12 = ROUND('Raw Data'!Q12, 2),FALSE)),"",_xlfn.REGEXEXTRACT(CELL("address",Q12), "\$([A-Z]+)\$[0-9]+"))),_xlfn.REGEXEXTRACT(CELL("address",Q12), "\$([A-Z]+)\$[0-9]+"))} | R12: {=IFERROR(IF(OR('Raw Data'!R12="",LEN(TRIM('Raw Data'!R12))=0),"",IF(AND(ISNUMBER('Raw Data'!R12), IFERROR('Raw Data'!R12 = ROUND('Raw Data'!R12, 2),FALSE)),"",_xlfn.REGEXEXTRACT(CELL("address",R12), "\$([A-Z]+)\$[0-9]+"))),_xlfn.REGEXEXTRACT(CELL("address",R12), "\$([A-Z]+)\$[0-9]+"))} | S12: {=IFERROR(IF(OR('Raw Data'!S12="",LEN(TRIM('Raw Data'!S12))=0),"",IF(AND(ISNUMBER('Raw Data'!S12), IFERROR('Raw Data'!S12 = ROUND('Raw Data'!S12, 2),FALSE)),"",_xlfn.REGEXEXTRACT(CELL("address",S12), "\$([A-Z]+)\$[0-9]+"))),_xlfn.REGEXEXTRACT(CELL("address",S12), "\$([A-Z]+)\$[0-9]+"))} | T12: {=IFERROR(IF(OR('Raw Data'!T12="",LEN(TRIM('Raw Data'!T12))=0),"",IF(AND(ISNUMBER('Raw Data'!T12), IFERROR('Raw Data'!T12 = ROUND('Raw Data'!T12, 2),FALSE)),"",_xlfn.REGEXEXTRACT(CELL("address",T12), "\$([A-Z]+)\$[0-9]+"))),_xlfn.REGEXEXTRACT(CELL("address",T12), "\$([A-Z]+)\$[0-9]+"))} | U12: {=IFERROR(IF(OR('Raw Data'!U12="",LEN(TRIM('Raw Data'!U12))=0),"",IF(AND(ISNUMBER('Raw Data'!U12), IFERROR('Raw Data'!U12 = ROUND('Raw Data'!U12, 2),FALSE)),"",_xlfn.REGEXEXTRACT(CELL("address",U12), "\$([A-Z]+)\$[0-9]+"))),_xlfn.REGEXEXTRACT(CELL("address",U12), "\$([A-Z]+)\$[0-9]+"))} | V12: {=IFERROR(IF(OR('Raw Data'!V12="",LEN(TRIM('Raw Data'!V12))=0),"",IF(AND(ISNUMBER('Raw Data'!V12), IFERROR('Raw Data'!V12 = ROUND('Raw Data'!V12, 2),FALSE)),"",_xlfn.REGEXEXTRACT(CELL("address",V12), "\$([A-Z]+)\$[0-9]+"))),_xlfn.REGEXEXTRACT(CELL("address",V12), "\$([A-Z]+)\$[0-9]+"))} | W12: {=IFERROR(IF(OR('Raw Data'!W12="",LEN(TRIM('Raw Data'!W12))=0),"",IF(AND(ISNUMBER('Raw Data'!W12), IFERROR('Raw Data'!W12 = ROUND('Raw Data'!W12, 2),FALSE)),"",_xlfn.REGEXEXTRACT(CELL("address",W12), "\$([A-Z]+)\$[0-9]+"))),_xlfn.REGEXEXTRACT(CELL("address",W12), "\$([A-Z]+)\$[0-9]+"))} | X12: {=IFERROR(IF(OR('Raw Data'!X12="",LEN(TRIM('Raw Data'!X12))=0),"",IF(AND(ISNUMBER('Raw Data'!X12), IFERROR('Raw Data'!X12 = ROUND('Raw Data'!X12, 2),FALSE)),"",_xlfn.REGEXEXTRACT(CELL("address",X12), "\$([A-Z]+)\$[0-9]+"))),_xlfn.REGEXEXTRACT(CELL("address",X12), "\$([A-Z]+)\$[0-9]+"))} | Y12: {=IFERROR(IF(OR('Raw Data'!Y12="",LEN(TRIM('Raw Data'!Y12))=0),"",IF(AND(ISNUMBER('Raw Data'!Y12), IFERROR('Raw Data'!Y12 = ROUND('Raw Data'!Y12, 2),FALSE)),"",_xlfn.REGEXEXTRACT(CELL("address",Y12), "\$([A-Z]+)\$[0-9]+"))),_xlfn.REGEXEXTRACT(CELL("address",Y12), "\$([A-Z]+)\$[0-9]+"))}
B13: {=IFERROR(IF(OR('Raw Data'!B13="",LEN(TRIM('Raw Data'!B13))=0),"",IF(AND(LEN('Raw Data'!B13) <= 10,LEN('Raw Data'!B13)> 0),"",_xlfn.REGEXEXTRACT(CELL("address",'Raw Data'!B13),"\$([A-Z]+)\$[0-9]+"))),_xlfn.REGEXEXTRACT(CELL("address",'Raw Data'!B13),"\$([A-Z]+)\$[0-9]+"))} | C13: {=IFERROR(IF(OR('Raw Data'!C13="",LEN(TRIM('Raw Data'!C13))=0),"",IF(AND(LEN('Raw Data'!C13) <= 20,LEN('Raw Data'!C13)> 0),"",_xlfn.REGEXEXTRACT(CELL("address",'Raw Data'!C13),"\$([A-Z]+)\$[0-9]+"))),_xlfn.REGEXEXTRACT(CELL("address",'Raw Data'!C13),"\$([A-Z]+)\$[0-9]+"))} | D13: {=IFERROR(IF(OR('Raw Data'!D13="",LEN(TRIM('Raw Data'!D13))=0),"",IF(AND(LEN('Raw Data'!D13) <= 20,LEN('Raw Data'!D13)> 0),"",_xlfn.REGEXEXTRACT(CELL("address",'Raw Data'!D13),"\$([A-Z]+)\$[0-9]+"))),_xlfn.REGEXEXTRACT(CELL("address",'Raw Data'!D13),"\$([A-Z]+)\$[0-9]+"))} | E13: {=IFERROR(IF(OR('Raw Data'!E13="",LEN(TRIM('Raw Data'!E13))=0),"",IF(AND(LEN('Raw Data'!E13) <= 20,LEN('Raw Data'!E13)> 0),"",_xlfn.REGEXEXTRACT(CELL("address",'Raw Data'!E13),"\$([A-Z]+)\$[0-9]+"))),_xlfn.REGEXEXTRACT(CELL("address",'Raw Data'!E13),"\$([A-Z]+)\$[0-9]+"))} | F13: {=IFERROR(IF(OR('Raw Data'!F13="",LEN(TRIM('Raw Data'!F13))=0),"",IF(AND(LEN('Raw Data'!F13) <= 20,LEN('Raw Data'!F13)> 0),"",_xlfn.REGEXEXTRACT(CELL("address",'Raw Data'!F13),"\$([A-Z]+)\$[0-9]+"))),_xlfn.REGEXEXTRACT(CELL("address",'Raw Data'!F13),"\$([A-Z]+)\$[0-9]+"))} | G13: {=IFERROR(IF(OR('Raw Data'!G13="",LEN(TRIM('Raw Data'!G13))=0),"",IF(AND(LEN('Raw Data'!G13) <= 10,LEN('Raw Data'!G13)> 0),"",_xlfn.REGEXEXTRACT(CELL("address",'Raw Data'!G13),"\$([A-Z]+)\$[0-9]+"))),_xlfn.REGEXEXTRACT(CELL("address",'Raw Data'!G13),"\$([A-Z]+)\$[0-9]+"))} | H13: {=IFERROR(IF(OR('Raw Data'!H13="",LEN(TRIM('Raw Data'!H13))=0),"",IF(AND(LEN('Raw Data'!H13) <= 255,LEN('Raw Data'!H13)> 0),"",_xlfn.REGEXEXTRACT(CELL("address",'Raw Data'!H13),"\$([A-Z]+)\$[0-9]+"))),_xlfn.REGEXEXTRACT(CELL("address",'Raw Data'!H13),"\$([A-Z]+)\$[0-9]+"))} | I13: {=IFERROR(IF(OR('Raw Data'!I13="",LEN(TRIM('Raw Data'!I13))=0),"",IF(AND(LEN('Raw Data'!I13) <= 255,LEN('Raw Data'!I13)> 0),"",_xlfn.REGEXEXTRACT(CELL("address",'Raw Data'!I13),"\$([A-Z]+)\$[0-9]+"))),_xlfn.REGEXEXTRACT(CELL("address",'Raw Data'!I13),"\$([A-Z]+)\$[0-9]+"))} | J13: {=IFERROR(IF(OR('Raw Data'!J13="",LEN(TRIM('Raw Data'!J13))=0),"",IF(AND(LEN('Raw Data'!J13) <= 255,LEN('Raw Data'!J13)> 0),"",_xlfn.REGEXEXTRACT(CELL("address",'Raw Data'!J13),"\$([A-Z]+)\$[0-9]+"))),_xlfn.REGEXEXTRACT(CELL("address",'Raw Data'!J13),"\$([A-Z]+)\$[0-9]+"))} | K13: {=IFERROR(IF(OR('Raw Data'!K13="",LEN(TRIM('Raw Data'!K13))=0),"",IF(AND(LEN('Raw Data'!K13) <= 255,LEN('Raw Data'!K13)> 0),"",_xlfn.REGEXEXTRACT(CELL("address",'Raw Data'!K13),"\$([A-Z]+)\$[0-9]+"))),_xlfn.REGEXEXTRACT(CELL("address",'Raw Data'!K13),"\$([A-Z]+)\$[0-9]+"))} | L13: {=IFERROR(IF(OR('Raw Data'!L13="",LEN(TRIM('Raw Data'!L13))=0),"",IF(AND(LEN('Raw Data'!L13) <= 255,LEN('Raw Data'!L13)> 0),"",_xlfn.REGEXEXTRACT(CELL("address",'Raw Data'!L13),"\$([A-Z]+)\$[0-9]+"))),_xlfn.REGEXEXTRACT(CELL("address",'Raw Data'!L13),"\$([A-Z]+)\$[0-9]+"))} | M13: {=IFERROR(IF(OR('Raw Data'!M13="",LEN(TRIM('Raw Data'!M13))=0),"",IF(AND(LEN('Raw Data'!M13) <= 255,LEN('Raw Data'!M13)> 0),"",_xlfn.REGEXEXTRACT(CELL("address",'Raw Data'!M13),"\$([A-Z]+)\$[0-9]+"))),_xlfn.REGEXEXTRACT(CELL("address",'Raw Data'!M13),"\$([A-Z]+)\$[0-9]+"))} | N13: {=IFERROR(IF(OR('Raw Data'!N13="",LEN(TRIM('Raw Data'!N13))=0),"",IF(AND(LEN('Raw Data'!N13) <= 255,LEN('Raw Data'!N13)> 0),"",_xlfn.REGEXEXTRACT(CELL("address",'Raw Data'!N13),"\$([A-Z]+)\$[0-9]+"))),_xlfn.REGEXEXTRACT(CELL("address",'Raw Data'!N13),"\$([A-Z]+)\$[0-9]+"))} | O13: {=IFERROR(IF(OR('Raw Data'!O13="",LEN(TRIM('Raw Data'!O13))=0),"",IF(AND(LEN('Raw Data'!O13) <= 255,LEN('Raw Data'!O13)> 0),"",_xlfn.REGEXEXTRACT(CELL("address",'Raw Data'!O13),"\$([A-Z]+)\$[0-9]+"))),_xlfn.REGEXEXTRACT(CELL("address",'Raw Data'!O13),"\$([A-Z]+)\$[0-9]+"))} | P13: {=IFERROR(IF(OR('Raw Data'!P13="",LEN(TRIM('Raw Data'!P13))=0),"",IF(AND(LEN('Raw Data'!P13) <= 10,LEN('Raw Data'!P13)> 0),"",_xlfn.REGEXEXTRACT(CELL("address",'Raw Data'!P13),"\$([A-Z]+)\$[0-9]+"))),_xlfn.REGEXEXTRACT(CELL("address",'Raw Data'!P13),"\$([A-Z]+)\$[0-9]+"))} | Q13: {=IFERROR(IF(OR('Raw Data'!Q13="",LEN(TRIM('Raw Data'!Q13))=0),"",IF(AND(ISNUMBER('Raw Data'!Q13), IFERROR('Raw Data'!Q13 = ROUND('Raw Data'!Q13, 2),FALSE)),"",_xlfn.REGEXEXTRACT(CELL("address",Q13), "\$([A-Z]+)\$[0-9]+"))),_xlfn.REGEXEXTRACT(CELL("address",Q13), "\$([A-Z]+)\$[0-9]+"))} | R13: {=IFERROR(IF(OR('Raw Data'!R13="",LEN(TRIM('Raw Data'!R13))=0),"",IF(AND(ISNUMBER('Raw Data'!R13), IFERROR('Raw Data'!R13 = ROUND('Raw Data'!R13, 2),FALSE)),"",_xlfn.REGEXEXTRACT(CELL("address",R13), "\$([A-Z]+)\$[0-9]+"))),_xlfn.REGEXEXTRACT(CELL("address",R13), "\$([A-Z]+)\$[0-9]+"))} | S13: {=IFERROR(IF(OR('Raw Data'!S13="",LEN(TRIM('Raw Data'!S13))=0),"",IF(AND(ISNUMBER('Raw Data'!S13), IFERROR('Raw Data'!S13 = ROUND('Raw Data'!S13, 2),FALSE)),"",_xlfn.REGEXEXTRACT(CELL("address",S13), "\$([A-Z]+)\$[0-9]+"))),_xlfn.REGEXEXTRACT(CELL("address",S13), "\$([A-Z]+)\$[0-9]+"))} | T13: {=IFERROR(IF(OR('Raw Data'!T13="",LEN(TRIM('Raw Data'!T13))=0),"",IF(AND(ISNUMBER('Raw Data'!T13), IFERROR('Raw Data'!T13 = ROUND('Raw Data'!T13, 2),FALSE)),"",_xlfn.REGEXEXTRACT(CELL("address",T13), "\$([A-Z]+)\$[0-9]+"))),_xlfn.REGEXEXTRACT(CELL("address",T13), "\$([A-Z]+)\$[0-9]+"))} | U13: {=IFERROR(IF(OR('Raw Data'!U13="",LEN(TRIM('Raw Data'!U13))=0),"",IF(AND(ISNUMBER('Raw Data'!U13), IFERROR('Raw Data'!U13 = ROUND('Raw Data'!U13, 2),FALSE)),"",_xlfn.REGEXEXTRACT(CELL("address",U13), "\$([A-Z]+)\$[0-9]+"))),_xlfn.REGEXEXTRACT(CELL("address",U13), "\$([A-Z]+)\$[0-9]+"))} | V13: {=IFERROR(IF(OR('Raw Data'!V13="",LEN(TRIM('Raw Data'!V13))=0),"",IF(AND(ISNUMBER('Raw Data'!V13), IFERROR('Raw Data'!V13 = ROUND('Raw Data'!V13, 2),FALSE)),"",_xlfn.REGEXEXTRACT(CELL("address",V13), "\$([A-Z]+)\$[0-9]+"))),_xlfn.REGEXEXTRACT(CELL("address",V13), "\$([A-Z]+)\$[0-9]+"))} | W13: {=IFERROR(IF(OR('Raw Data'!W13="",LEN(TRIM('Raw Data'!W13))=0),"",IF(AND(ISNUMBER('Raw Data'!W13), IFERROR('Raw Data'!W13 = ROUND('Raw Data'!W13, 2),FALSE)),"",_xlfn.REGEXEXTRACT(CELL("address",W13), "\$([A-Z]+)\$[0-9]+"))),_xlfn.REGEXEXTRACT(CELL("address",W13), "\$([A-Z]+)\$[0-9]+"))} | X13: {=IFERROR(IF(OR('Raw Data'!X13="",LEN(TRIM('Raw Data'!X13))=0),"",IF(AND(ISNUMBER('Raw Data'!X13), IFERROR('Raw Data'!X13 = ROUND('Raw Data'!X13, 2),FALSE)),"",_xlfn.REGEXEXTRACT(CELL("address",X13), "\$([A-Z]+)\$[0-9]+"))),_xlfn.REGEXEXTRACT(CELL("address",X13), "\$([A-Z]+)\$[0-9]+"))} | Y13: {=IFERROR(IF(OR('Raw Data'!Y13="",LEN(TRIM('Raw Data'!Y13))=0),"",IF(AND(ISNUMBER('Raw Data'!Y13), IFERROR('Raw Data'!Y13 = ROUND('Raw Data'!Y13, 2),FALSE)),"",_xlfn.REGEXEXTRACT(CELL("address",Y13), "\$([A-Z]+)\$[0-9]+"))),_xlfn.REGEXEXTRACT(CELL("address",Y13), "\$([A-Z]+)\$[0-9]+"))}
B14: {=IFERROR(IF(OR('Raw Data'!B14="",LEN(TRIM('Raw Data'!B14))=0),"",IF(AND(LEN('Raw Data'!B14) <= 10,LEN('Raw Data'!B14)> 0),"",_xlfn.REGEXEXTRACT(CELL("address",'Raw Data'!B14),"\$([A-Z]+)\$[0-9]+"))),_xlfn.REGEXEXTRACT(CELL("address",'Raw Data'!B14),"\$([A-Z]+)\$[0-9]+"))} | C14: {=IFERROR(IF(OR('Raw Data'!C14="",LEN(TRIM('Raw Data'!C14))=0),"",IF(AND(LEN('Raw Data'!C14) <= 20,LEN('Raw Data'!C14)> 0),"",_xlfn.REGEXEXTRACT(CELL("address",'Raw Data'!C14),"\$([A-Z]+)\$[0-9]+"))),_xlfn.REGEXEXTRACT(CELL("address",'Raw Data'!C14),"\$([A-Z]+)\$[0-9]+"))} | D14: {=IFERROR(IF(OR('Raw Data'!D14="",LEN(TRIM('Raw Data'!D14))=0),"",IF(AND(LEN('Raw Data'!D14) <= 20,LEN('Raw Data'!D14)> 0),"",_xlfn.REGEXEXTRACT(CELL("address",'Raw Data'!D14),"\$([A-Z]+)\$[0-9]+"))),_xlfn.REGEXEXTRACT(CELL("address",'Raw Data'!D14),"\$([A-Z]+)\$[0-9]+"))} | E14: {=IFERROR(IF(OR('Raw Data'!E14="",LEN(TRIM('Raw Data'!E14))=0),"",IF(AND(LEN('Raw Data'!E14) <= 20,LEN('Raw Data'!E14)> 0),"",_xlfn.REGEXEXTRACT(CELL("address",'Raw Data'!E14),"\$([A-Z]+)\$[0-9]+"))),_xlfn.REGEXEXTRACT(CELL("address",'Raw Data'!E14),"\$([A-Z]+)\$[0-9]+"))} | F14: {=IFERROR(IF(OR('Raw Data'!F14="",LEN(TRIM('Raw Data'!F14))=0),"",IF(AND(LEN('Raw Data'!F14) <= 20,LEN('Raw Data'!F14)> 0),"",_xlfn.REGEXEXTRACT(CELL("address",'Raw Data'!F14),"\$([A-Z]+)\$[0-9]+"))),_xlfn.REGEXEXTRACT(CELL("address",'Raw Data'!F14),"\$([A-Z]+)\$[0-9]+"))} | G14: {=IFERROR(IF(OR('Raw Data'!G14="",LEN(TRIM('Raw Data'!G14))=0),"",IF(AND(LEN('Raw Data'!G14) <= 10,LEN('Raw Data'!G14)> 0),"",_xlfn.REGEXEXTRACT(CELL("address",'Raw Data'!G14),"\$([A-Z]+)\$[0-9]+"))),_xlfn.REGEXEXTRACT(CELL("address",'Raw Data'!G14),"\$([A-Z]+)\$[0-9]+"))} | H14: {=IFERROR(IF(OR('Raw Data'!H14="",LEN(TRIM('Raw Data'!H14))=0),"",IF(AND(LEN('Raw Data'!H14) <= 255,LEN('Raw Data'!H14)> 0),"",_xlfn.REGEXEXTRACT(CELL("address",'Raw Data'!H14),"\$([A-Z]+)\$[0-9]+"))),_xlfn.REGEXEXTRACT(CELL("address",'Raw Data'!H14),"\$([A-Z]+)\$[0-9]+"))} | I14: {=IFERROR(IF(OR('Raw Data'!I14="",LEN(TRIM('Raw Data'!I14))=0),"",IF(AND(LEN('Raw Data'!I14) <= 255,LEN('Raw Data'!I14)> 0),"",_xlfn.REGEXEXTRACT(CELL("address",'Raw Data'!I14),"\$([A-Z]+)\$[0-9]+"))),_xlfn.REGEXEXTRACT(CELL("address",'Raw Data'!I14),"\$([A-Z]+)\$[0-9]+"))} | J14: {=IFERROR(IF(OR('Raw Data'!J14="",LEN(TRIM('Raw Data'!J14))=0),"",IF(AND(LEN('Raw Data'!J14) <= 255,LEN('Raw Data'!J14)> 0),"",_xlfn.REGEXEXTRACT(CELL("address",'Raw Data'!J14),"\$([A-Z]+)\$[0-9]+"))),_xlfn.REGEXEXTRACT(CELL("address",'Raw Data'!J14),"\$([A-Z]+)\$[0-9]+"))} | K14: {=IFERROR(IF(OR('Raw Data'!K14="",LEN(TRIM('Raw Data'!K14))=0),"",IF(AND(LEN('Raw Data'!K14) <= 255,LEN('Raw Data'!K14)> 0),"",_xlfn.REGEXEXTRACT(CELL("address",'Raw Data'!K14),"\$([A-Z]+)\$[0-9]+"))),_xlfn.REGEXEXTRACT(CELL("address",'Raw Data'!K14),"\$([A-Z]+)\$[0-9]+"))} | L14: {=IFERROR(IF(OR('Raw Data'!L14="",LEN(TRIM('Raw Data'!L14))=0),"",IF(AND(LEN('Raw Data'!L14) <= 255,LEN('Raw Data'!L14)> 0),"",_xlfn.REGEXEXTRACT(CELL("address",'Raw Data'!L14),"\$([A-Z]+)\$[0-9]+"))),_xlfn.REGEXEXTRACT(CELL("address",'Raw Data'!L14),"\$([A-Z]+)\$[0-9]+"))} | M14: {=IFERROR(IF(OR('Raw Data'!M14="",LEN(TRIM('Raw Data'!M14))=0),"",IF(AND(LEN('Raw Data'!M14) <= 255,LEN('Raw Data'!M14)> 0),"",_xlfn.REGEXEXTRACT(CELL("address",'Raw Data'!M14),"\$([A-Z]+)\$[0-9]+"))),_xlfn.REGEXEXTRACT(CELL("address",'Raw Data'!M14),"\$([A-Z]+)\$[0-9]+"))} | N14: {=IFERROR(IF(OR('Raw Data'!N14="",LEN(TRIM('Raw Data'!N14))=0),"",IF(AND(LEN('Raw Data'!N14) <= 255,LEN('Raw Data'!N14)> 0),"",_xlfn.REGEXEXTRACT(CELL("address",'Raw Data'!N14),"\$([A-Z]+)\$[0-9]+"))),_xlfn.REGEXEXTRACT(CELL("address",'Raw Data'!N14),"\$([A-Z]+)\$[0-9]+"))} | O14: {=IFERROR(IF(OR('Raw Data'!O14="",LEN(TRIM('Raw Data'!O14))=0),"",IF(AND(LEN('Raw Data'!O14) <= 255,LEN('Raw Data'!O14)> 0),"",_xlfn.REGEXEXTRACT(CELL("address",'Raw Data'!O14),"\$([A-Z]+)\$[0-9]+"))),_xlfn.REGEXEXTRACT(CELL("address",'Raw Data'!O14),"\$([A-Z]+)\$[0-9]+"))} | P14: {=IFERROR(IF(OR('Raw Data'!P14="",LEN(TRIM('Raw Data'!P14))=0),"",IF(AND(LEN('Raw Data'!P14) <= 10,LEN('Raw Data'!P14)> 0),"",_xlfn.REGEXEXTRACT(CELL("address",'Raw Data'!P14),"\$([A-Z]+)\$[0-9]+"))),_xlfn.REGEXEXTRACT(CELL("address",'Raw Data'!P14),"\$([A-Z]+)\$[0-9]+"))} | Q14: {=IFERROR(IF(OR('Raw Data'!Q14="",LEN(TRIM('Raw Data'!Q14))=0),"",IF(AND(ISNUMBER('Raw Data'!Q14), IFERROR('Raw Data'!Q14 = ROUND('Raw Data'!Q14, 2),FALSE)),"",_xlfn.REGEXEXTRACT(CELL("address",Q14), "\$([A-Z]+)\$[0-9]+"))),_xlfn.REGEXEXTRACT(CELL("address",Q14), "\$([A-Z]+)\$[0-9]+"))} | R14: {=IFERROR(IF(OR('Raw Data'!R14="",LEN(TRIM('Raw Data'!R14))=0),"",IF(AND(ISNUMBER('Raw Data'!R14), IFERROR('Raw Data'!R14 = ROUND('Raw Data'!R14, 2),FALSE)),"",_xlfn.REGEXEXTRACT(CELL("address",R14), "\$([A-Z]+)\$[0-9]+"))),_xlfn.REGEXEXTRACT(CELL("address",R14), "\$([A-Z]+)\$[0-9]+"))} | S14: {=IFERROR(IF(OR('Raw Data'!S14="",LEN(TRIM('Raw Data'!S14))=0),"",IF(AND(ISNUMBER('Raw Data'!S14), IFERROR('Raw Data'!S14 = ROUND('Raw Data'!S14, 2),FALSE)),"",_xlfn.REGEXEXTRACT(CELL("address",S14), "\$([A-Z]+)\$[0-9]+"))),_xlfn.REGEXEXTRACT(CELL("address",S14), "\$([A-Z]+)\$[0-9]+"))} | T14: {=IFERROR(IF(OR('Raw Data'!T14="",LEN(TRIM('Raw Data'!T14))=0),"",IF(AND(ISNUMBER('Raw Data'!T14), IFERROR('Raw Data'!T14 = ROUND('Raw Data'!T14, 2),FALSE)),"",_xlfn.REGEXEXTRACT(CELL("address",T14), "\$([A-Z]+)\$[0-9]+"))),_xlfn.REGEXEXTRACT(CELL("address",T14), "\$([A-Z]+)\$[0-9]+"))} | U14: {=IFERROR(IF(OR('Raw Data'!U14="",LEN(TRIM('Raw Data'!U14))=0),"",IF(AND(ISNUMBER('Raw Data'!U14), IFERROR('Raw Data'!U14 = ROUND('Raw Data'!U14, 2),FALSE)),"",_xlfn.REGEXEXTRACT(CELL("address",U14), "\$([A-Z]+)\$[0-9]+"))),_xlfn.REGEXEXTRACT(CELL("address",U14), "\$([A-Z]+)\$[0-9]+"))} | V14: {=IFERROR(IF(OR('Raw Data'!V14="",LEN(TRIM('Raw Data'!V14))=0),"",IF(AND(ISNUMBER('Raw Data'!V14), IFERROR('Raw Data'!V14 = ROUND('Raw Data'!V14, 2),FALSE)),"",_xlfn.REGEXEXTRACT(CELL("address",V14), "\$([A-Z]+)\$[0-9]+"))),_xlfn.REGEXEXTRACT(CELL("address",V14), "\$([A-Z]+)\$[0-9]+"))} | W14: {=IFERROR(IF(OR('Raw Data'!W14="",LEN(TRIM('Raw Data'!W14))=0),"",IF(AND(ISNUMBER('Raw Data'!W14), IFERROR('Raw Data'!W14 = ROUND('Raw Data'!W14, 2),FALSE)),"",_xlfn.REGEXEXTRACT(CELL("address",W14), "\$([A-Z]+)\$[0-9]+"))),_xlfn.REGEXEXTRACT(CELL("address",W14), "\$([A-Z]+)\$[0-9]+"))} | X14: {=IFERROR(IF(OR('Raw Data'!X14="",LEN(TRIM('Raw Data'!X14))=0),"",IF(AND(ISNUMBER('Raw Data'!X14), IFERROR('Raw Data'!X14 = ROUND('Raw Data'!X14, 2),FALSE)),"",_xlfn.REGEXEXTRACT(CELL("address",X14), "\$([A-Z]+)\$[0-9]+"))),_xlfn.REGEXEXTRACT(CELL("address",X14), "\$([A-Z]+)\$[0-9]+"))} | Y14: {=IFERROR(IF(OR('Raw Data'!Y14="",LEN(TRIM('Raw Data'!Y14))=0),"",IF(AND(ISNUMBER('Raw Data'!Y14), IFERROR('Raw Data'!Y14 = ROUND('Raw Data'!Y14, 2),FALSE)),"",_xlfn.REGEXEXTRACT(CELL("address",Y14), "\$([A-Z]+)\$[0-9]+"))),_xlfn.REGEXEXTRACT(CELL("address",Y14), "\$([A-Z]+)\$[0-9]+"))}
B15: {=IFERROR(IF(OR('Raw Data'!B15="",LEN(TRIM('Raw Data'!B15))=0),"",IF(AND(LEN('Raw Data'!B15) <= 10,LEN('Raw Data'!B15)> 0),"",_xlfn.REGEXEXTRACT(CELL("address",'Raw Data'!B15),"\$([A-Z]+)\$[0-9]+"))),_xlfn.REGEXEXTRACT(CELL("address",'Raw Data'!B15),"\$([A-Z]+)\$[0-9]+"))} | C15: {=IFERROR(IF(OR('Raw Data'!C15="",LEN(TRIM('Raw Data'!C15))=0),"",IF(AND(LEN('Raw Data'!C15) <= 20,LEN('Raw Data'!C15)> 0),"",_xlfn.REGEXEXTRACT(CELL("address",'Raw Data'!C15),"\$([A-Z]+)\$[0-9]+"))),_xlfn.REGEXEXTRACT(CELL("address",'Raw Data'!C15),"\$([A-Z]+)\$[0-9]+"))} | D15: {=IFERROR(IF(OR('Raw Data'!D15="",LEN(TRIM('Raw Data'!D15))=0),"",IF(AND(LEN('Raw Data'!D15) <= 20,LEN('Raw Data'!D15)> 0),"",_xlfn.REGEXEXTRACT(CELL("address",'Raw Data'!D15),"\$([A-Z]+)\$[0-9]+"))),_xlfn.REGEXEXTRACT(CELL("address",'Raw Data'!D15),"\$([A-Z]+)\$[0-9]+"))} | E15: {=IFERROR(IF(OR('Raw Data'!E15="",LEN(TRIM('Raw Data'!E15))=0),"",IF(AND(LEN('Raw Data'!E15) <= 20,LEN('Raw Data'!E15)> 0),"",_xlfn.REGEXEXTRACT(CELL("address",'Raw Data'!E15),"\$([A-Z]+)\$[0-9]+"))),_xlfn.REGEXEXTRACT(CELL("address",'Raw Data'!E15),"\$([A-Z]+)\$[0-9]+"))} | F15: {=IFERROR(IF(OR('Raw Data'!F15="",LEN(TRIM('Raw Data'!F15))=0),"",IF(AND(LEN('Raw Data'!F15) <= 20,LEN('Raw Data'!F15)> 0),"",_xlfn.REGEXEXTRACT(CELL("address",'Raw Data'!F15),"\$([A-Z]+)\$[0-9]+"))),_xlfn.REGEXEXTRACT(CELL("address",'Raw Data'!F15),"\$([A-Z]+)\$[0-9]+"))} | G15: {=IFERROR(IF(OR('Raw Data'!G15="",LEN(TRIM('Raw Data'!G15))=0),"",IF(AND(LEN('Raw Data'!G15) <= 10,LEN('Raw Data'!G15)> 0),"",_xlfn.REGEXEXTRACT(CELL("address",'Raw Data'!G15),"\$([A-Z]+)\$[0-9]+"))),_xlfn.REGEXEXTRACT(CELL("address",'Raw Data'!G15),"\$([A-Z]+)\$[0-9]+"))} | H15: {=IFERROR(IF(OR('Raw Data'!H15="",LEN(TRIM('Raw Data'!H15))=0),"",IF(AND(LEN('Raw Data'!H15) <= 255,LEN('Raw Data'!H15)> 0),"",_xlfn.REGEXEXTRACT(CELL("address",'Raw Data'!H15),"\$([A-Z]+)\$[0-9]+"))),_xlfn.REGEXEXTRACT(CELL("address",'Raw Data'!H15),"\$([A-Z]+)\$[0-9]+"))} | I15: {=IFERROR(IF(OR('Raw Data'!I15="",LEN(TRIM('Raw Data'!I15))=0),"",IF(AND(LEN('Raw Data'!I15) <= 255,LEN('Raw Data'!I15)> 0),"",_xlfn.REGEXEXTRACT(CELL("address",'Raw Data'!I15),"\$([A-Z]+)\$[0-9]+"))),_xlfn.REGEXEXTRACT(CELL("address",'Raw Data'!I15),"\$([A-Z]+)\$[0-9]+"))} | J15: {=IFERROR(IF(OR('Raw Data'!J15="",LEN(TRIM('Raw Data'!J15))=0),"",IF(AND(LEN('Raw Data'!J15) <= 255,LEN('Raw Data'!J15)> 0),"",_xlfn.REGEXEXTRACT(CELL("address",'Raw Data'!J15),"\$([A-Z]+)\$[0-9]+"))),_xlfn.REGEXEXTRACT(CELL("address",'Raw Data'!J15),"\$([A-Z]+)\$[0-9]+"))} | K15: {=IFERROR(IF(OR('Raw Data'!K15="",LEN(TRIM('Raw Data'!K15))=0),"",IF(AND(LEN('Raw Data'!K15) <= 255,LEN('Raw Data'!K15)> 0),"",_xlfn.REGEXEXTRACT(CELL("address",'Raw Data'!K15),"\$([A-Z]+)\$[0-9]+"))),_xlfn.REGEXEXTRACT(CELL("address",'Raw Data'!K15),"\$([A-Z]+)\$[0-9]+"))} | L15: {=IFERROR(IF(OR('Raw Data'!L15="",LEN(TRIM('Raw Data'!L15))=0),"",IF(AND(LEN('Raw Data'!L15) <= 255,LEN('Raw Data'!L15)> 0),"",_xlfn.REGEXEXTRACT(CELL("address",'Raw Data'!L15),"\$([A-Z]+)\$[0-9]+"))),_xlfn.REGEXEXTRACT(CELL("address",'Raw Data'!L15),"\$([A-Z]+)\$[0-9]+"))} | M15: {=IFERROR(IF(OR('Raw Data'!M15="",LEN(TRIM('Raw Data'!M15))=0),"",IF(AND(LEN('Raw Data'!M15) <= 255,LEN('Raw Data'!M15)> 0),"",_xlfn.REGEXEXTRACT(CELL("address",'Raw Data'!M15),"\$([A-Z]+)\$[0-9]+"))),_xlfn.REGEXEXTRACT(CELL("address",'Raw Data'!M15),"\$([A-Z]+)\$[0-9]+"))} | N15: {=IFERROR(IF(OR('Raw Data'!N15="",LEN(TRIM('Raw Data'!N15))=0),"",IF(AND(LEN('Raw Data'!N15) <= 255,LEN('Raw Data'!N15)> 0),"",_xlfn.REGEXEXTRACT(CELL("address",'Raw Data'!N15),"\$([A-Z]+)\$[0-9]+"))),_xlfn.REGEXEXTRACT(CELL("address",'Raw Data'!N15),"\$([A-Z]+)\$[0-9]+"))} | O15: {=IFERROR(IF(OR('Raw Data'!O15="",LEN(TRIM('Raw Data'!O15))=0),"",IF(AND(LEN('Raw Data'!O15) <= 255,LEN('Raw Data'!O15)> 0),"",_xlfn.REGEXEXTRACT(CELL("address",'Raw Data'!O15),"\$([A-Z]+)\$[0-9]+"))),_xlfn.REGEXEXTRACT(CELL("address",'Raw Data'!O15),"\$([A-Z]+)\$[0-9]+"))} | P15: {=IFERROR(IF(OR('Raw Data'!P15="",LEN(TRIM('Raw Data'!P15))=0),"",IF(AND(LEN('Raw Data'!P15) <= 10,LEN('Raw Data'!P15)> 0),"",_xlfn.REGEXEXTRACT(CELL("address",'Raw Data'!P15),"\$([A-Z]+)\$[0-9]+"))),_xlfn.REGEXEXTRACT(CELL("address",'Raw Data'!P15),"\$([A-Z]+)\$[0-9]+"))} | Q15: {=IFERROR(IF(OR('Raw Data'!Q15="",LEN(TRIM('Raw Data'!Q15))=0),"",IF(AND(ISNUMBER('Raw Data'!Q15), IFERROR('Raw Data'!Q15 = ROUND('Raw Data'!Q15, 2),FALSE)),"",_xlfn.REGEXEXTRACT(CELL("address",Q15), "\$([A-Z]+)\$[0-9]+"))),_xlfn.REGEXEXTRACT(CELL("address",Q15), "\$([A-Z]+)\$[0-9]+"))} | R15: {=IFERROR(IF(OR('Raw Data'!R15="",LEN(TRIM('Raw Data'!R15))=0),"",IF(AND(ISNUMBER('Raw Data'!R15), IFERROR('Raw Data'!R15 = ROUND('Raw Data'!R15, 2),FALSE)),"",_xlfn.REGEXEXTRACT(CELL("address",R15), "\$([A-Z]+)\$[0-9]+"))),_xlfn.REGEXEXTRACT(CELL("address",R15), "\$([A-Z]+)\$[0-9]+"))} | S15: {=IFERROR(IF(OR('Raw Data'!S15="",LEN(TRIM('Raw Data'!S15))=0),"",IF(AND(ISNUMBER('Raw Data'!S15), IFERROR('Raw Data'!S15 = ROUND('Raw Data'!S15, 2),FALSE)),"",_xlfn.REGEXEXTRACT(CELL("address",S15), "\$([A-Z]+)\$[0-9]+"))),_xlfn.REGEXEXTRACT(CELL("address",S15), "\$([A-Z]+)\$[0-9]+"))} | T15: {=IFERROR(IF(OR('Raw Data'!T15="",LEN(TRIM('Raw Data'!T15))=0),"",IF(AND(ISNUMBER('Raw Data'!T15), IFERROR('Raw Data'!T15 = ROUND('Raw Data'!T15, 2),FALSE)),"",_xlfn.REGEXEXTRACT(CELL("address",T15), "\$([A-Z]+)\$[0-9]+"))),_xlfn.REGEXEXTRACT(CELL("address",T15), "\$([A-Z]+)\$[0-9]+"))} | U15: {=IFERROR(IF(OR('Raw Data'!U15="",LEN(TRIM('Raw Data'!U15))=0),"",IF(AND(ISNUMBER('Raw Data'!U15), IFERROR('Raw Data'!U15 = ROUND('Raw Data'!U15, 2),FALSE)),"",_xlfn.REGEXEXTRACT(CELL("address",U15), "\$([A-Z]+)\$[0-9]+"))),_xlfn.REGEXEXTRACT(CELL("address",U15), "\$([A-Z]+)\$[0-9]+"))} | V15: {=IFERROR(IF(OR('Raw Data'!V15="",LEN(TRIM('Raw Data'!V15))=0),"",IF(AND(ISNUMBER('Raw Data'!V15), IFERROR('Raw Data'!V15 = ROUND('Raw Data'!V15, 2),FALSE)),"",_xlfn.REGEXEXTRACT(CELL("address",V15), "\$([A-Z]+)\$[0-9]+"))),_xlfn.REGEXEXTRACT(CELL("address",V15), "\$([A-Z]+)\$[0-9]+"))} | W15: {=IFERROR(IF(OR('Raw Data'!W15="",LEN(TRIM('Raw Data'!W15))=0),"",IF(AND(ISNUMBER('Raw Data'!W15), IFERROR('Raw Data'!W15 = ROUND('Raw Data'!W15, 2),FALSE)),"",_xlfn.REGEXEXTRACT(CELL("address",W15), "\$([A-Z]+)\$[0-9]+"))),_xlfn.REGEXEXTRACT(CELL("address",W15), "\$([A-Z]+)\$[0-9]+"))} | X15: {=IFERROR(IF(OR('Raw Data'!X15="",LEN(TRIM('Raw Data'!X15))=0),"",IF(AND(ISNUMBER('Raw Data'!X15), IFERROR('Raw Data'!X15 = ROUND('Raw Data'!X15, 2),FALSE)),"",_xlfn.REGEXEXTRACT(CELL("address",X15), "\$([A-Z]+)\$[0-9]+"))),_xlfn.REGEXEXTRACT(CELL("address",X15), "\$([A-Z]+)\$[0-9]+"))} | Y15: {=IFERROR(IF(OR('Raw Data'!Y15="",LEN(TRIM('Raw Data'!Y15))=0),"",IF(AND(ISNUMBER('Raw Data'!Y15), IFERROR('Raw Data'!Y15 = ROUND('Raw Data'!Y15, 2),FALSE)),"",_xlfn.REGEXEXTRACT(CELL("address",Y15), "\$([A-Z]+)\$[0-9]+"))),_xlfn.REGEXEXTRACT(CELL("address",Y15), "\$([A-Z]+)\$[0-9]+"))}
B16: {=IFERROR(IF(OR('Raw Data'!B16="",LEN(TRIM('Raw Data'!B16))=0),"",IF(AND(LEN('Raw Data'!B16) <= 10,LEN('Raw Data'!B16)> 0),"",_xlfn.REGEXEXTRACT(CELL("address",'Raw Data'!B16),"\$([A-Z]+)\$[0-9]+"))),_xlfn.REGEXEXTRACT(CELL("address",'Raw Data'!B16),"\$([A-Z]+)\$[0-9]+"))} | C16: {=IFERROR(IF(OR('Raw Data'!C16="",LEN(TRIM('Raw Data'!C16))=0),"",IF(AND(LEN('Raw Data'!C16) <= 20,LEN('Raw Data'!C16)> 0),"",_xlfn.REGEXEXTRACT(CELL("address",'Raw Data'!C16),"\$([A-Z]+)\$[0-9]+"))),_xlfn.REGEXEXTRACT(CELL("address",'Raw Data'!C16),"\$([A-Z]+)\$[0-9]+"))} | D16: {=IFERROR(IF(OR('Raw Data'!D16="",LEN(TRIM('Raw Data'!D16))=0),"",IF(AND(LEN('Raw Data'!D16) <= 20,LEN('Raw Data'!D16)> 0),"",_xlfn.REGEXEXTRACT(CELL("address",'Raw Data'!D16),"\$([A-Z]+)\$[0-9]+"))),_xlfn.REGEXEXTRACT(CELL("address",'Raw Data'!D16),"\$([A-Z]+)\$[0-9]+"))} | E16: {=IFERROR(IF(OR('Raw Data'!E16="",LEN(TRIM('Raw Data'!E16))=0),"",IF(AND(LEN('Raw Data'!E16) <= 20,LEN('Raw Data'!E16)> 0),"",_xlfn.REGEXEXTRACT(CELL("address",'Raw Data'!E16),"\$([A-Z]+)\$[0-9]+"))),_xlfn.REGEXEXTRACT(CELL("address",'Raw Data'!E16),"\$([A-Z]+)\$[0-9]+"))} | F16: {=IFERROR(IF(OR('Raw Data'!F16="",LEN(TRIM('Raw Data'!F16))=0),"",IF(AND(LEN('Raw Data'!F16) <= 20,LEN('Raw Data'!F16)> 0),"",_xlfn.REGEXEXTRACT(CELL("address",'Raw Data'!F16),"\$([A-Z]+)\$[0-9]+"))),_xlfn.REGEXEXTRACT(CELL("address",'Raw Data'!F16),"\$([A-Z]+)\$[0-9]+"))} | G16: {=IFERROR(IF(OR('Raw Data'!G16="",LEN(TRIM('Raw Data'!G16))=0),"",IF(AND(LEN('Raw Data'!G16) <= 10,LEN('Raw Data'!G16)> 0),"",_xlfn.REGEXEXTRACT(CELL("address",'Raw Data'!G16),"\$([A-Z]+)\$[0-9]+"))),_xlfn.REGEXEXTRACT(CELL("address",'Raw Data'!G16),"\$([A-Z]+)\$[0-9]+"))} | H16: {=IFERROR(IF(OR('Raw Data'!H16="",LEN(TRIM('Raw Data'!H16))=0),"",IF(AND(LEN('Raw Data'!H16) <= 255,LEN('Raw Data'!H16)> 0),"",_xlfn.REGEXEXTRACT(CELL("address",'Raw Data'!H16),"\$([A-Z]+)\$[0-9]+"))),_xlfn.REGEXEXTRACT(CELL("address",'Raw Data'!H16),"\$([A-Z]+)\$[0-9]+"))} | I16: {=IFERROR(IF(OR('Raw Data'!I16="",LEN(TRIM('Raw Data'!I16))=0),"",IF(AND(LEN('Raw Data'!I16) <= 255,LEN('Raw Data'!I16)> 0),"",_xlfn.REGEXEXTRACT(CELL("address",'Raw Data'!I16),"\$([A-Z]+)\$[0-9]+"))),_xlfn.REGEXEXTRACT(CELL("address",'Raw Data'!I16),"\$([A-Z]+)\$[0-9]+"))} | J16: {=IFERROR(IF(OR('Raw Data'!J16="",LEN(TRIM('Raw Data'!J16))=0),"",IF(AND(LEN('Raw Data'!J16) <= 255,LEN('Raw Data'!J16)> 0),"",_xlfn.REGEXEXTRACT(CELL("address",'Raw Data'!J16),"\$([A-Z]+)\$[0-9]+"))),_xlfn.REGEXEXTRACT(CELL("address",'Raw Data'!J16),"\$([A-Z]+)\$[0-9]+"))} | K16: {=IFERROR(IF(OR('Raw Data'!K16="",LEN(TRIM('Raw Data'!K16))=0),"",IF(AND(LEN('Raw Data'!K16) <= 255,LEN('Raw Data'!K16)> 0),"",_xlfn.REGEXEXTRACT(CELL("address",'Raw Data'!K16),"\$([A-Z]+)\$[0-9]+"))),_xlfn.REGEXEXTRACT(CELL("address",'Raw Data'!K16),"\$([A-Z]+)\$[0-9]+"))} | L16: {=IFERROR(IF(OR('Raw Data'!L16="",LEN(TRIM('Raw Data'!L16))=0),"",IF(AND(LEN('Raw Data'!L16) <= 255,LEN('Raw Data'!L16)> 0),"",_xlfn.REGEXEXTRACT(CELL("address",'Raw Data'!L16),"\$([A-Z]+)\$[0-9]+"))),_xlfn.REGEXEXTRACT(CELL("address",'Raw Data'!L16),"\$([A-Z]+)\$[0-9]+"))} | M16: {=IFERROR(IF(OR('Raw Data'!M16="",LEN(TRIM('Raw Data'!M16))=0),"",IF(AND(LEN('Raw Data'!M16) <= 255,LEN('Raw Data'!M16)> 0),"",_xlfn.REGEXEXTRACT(CELL("address",'Raw Data'!M16),"\$([A-Z]+)\$[0-9]+"))),_xlfn.REGEXEXTRACT(CELL("address",'Raw Data'!M16),"\$([A-Z]+)\$[0-9]+"))} | N16: {=IFERROR(IF(OR('Raw Data'!N16="",LEN(TRIM('Raw Data'!N16))=0),"",IF(AND(LEN('Raw Data'!N16) <= 255,LEN('Raw Data'!N16)> 0),"",_xlfn.REGEXEXTRACT(CELL("address",'Raw Data'!N16),"\$([A-Z]+)\$[0-9]+"))),_xlfn.REGEXEXTRACT(CELL("address",'Raw Data'!N16),"\$([A-Z]+)\$[0-9]+"))} | O16: {=IFERROR(IF(OR('Raw Data'!O16="",LEN(TRIM('Raw Data'!O16))=0),"",IF(AND(LEN('Raw Data'!O16) <= 255,LEN('Raw Data'!O16)> 0),"",_xlfn.REGEXEXTRACT(CELL("address",'Raw Data'!O16),"\$([A-Z]+)\$[0-9]+"))),_xlfn.REGEXEXTRACT(CELL("address",'Raw Data'!O16),"\$([A-Z]+)\$[0-9]+"))} | P16: {=IFERROR(IF(OR('Raw Data'!P16="",LEN(TRIM('Raw Data'!P16))=0),"",IF(AND(LEN('Raw Data'!P16) <= 10,LEN('Raw Data'!P16)> 0),"",_xlfn.REGEXEXTRACT(CELL("address",'Raw Data'!P16),"\$([A-Z]+)\$[0-9]+"))),_xlfn.REGEXEXTRACT(CELL("address",'Raw Data'!P16),"\$([A-Z]+)\$[0-9]+"))} | Q16: {=IFERROR(IF(OR('Raw Data'!Q16="",LEN(TRIM('Raw Data'!Q16))=0),"",IF(AND(ISNUMBER('Raw Data'!Q16), IFERROR('Raw Data'!Q16 = ROUND('Raw Data'!Q16, 2),FALSE)),"",_xlfn.REGEXEXTRACT(CELL("address",Q16), "\$([A-Z]+)\$[0-9]+"))),_xlfn.REGEXEXTRACT(CELL("address",Q16), "\$([A-Z]+)\$[0-9]+"))} | R16: {=IFERROR(IF(OR('Raw Data'!R16="",LEN(TRIM('Raw Data'!R16))=0),"",IF(AND(ISNUMBER('Raw Data'!R16), IFERROR('Raw Data'!R16 = ROUND('Raw Data'!R16, 2),FALSE)),"",_xlfn.REGEXEXTRACT(CELL("address",R16), "\$([A-Z]+)\$[0-9]+"))),_xlfn.REGEXEXTRACT(CELL("address",R16), "\$([A-Z]+)\$[0-9]+"))} | S16: {=IFERROR(IF(OR('Raw Data'!S16="",LEN(TRIM('Raw Data'!S16))=0),"",IF(AND(ISNUMBER('Raw Data'!S16), IFERROR('Raw Data'!S16 = ROUND('Raw Data'!S16, 2),FALSE)),"",_xlfn.REGEXEXTRACT(CELL("address",S16), "\$([A-Z]+)\$[0-9]+"))),_xlfn.REGEXEXTRACT(CELL("address",S16), "\$([A-Z]+)\$[0-9]+"))} | T16: {=IFERROR(IF(OR('Raw Data'!T16="",LEN(TRIM('Raw Data'!T16))=0),"",IF(AND(ISNUMBER('Raw Data'!T16), IFERROR('Raw Data'!T16 = ROUND('Raw Data'!T16, 2),FALSE)),"",_xlfn.REGEXEXTRACT(CELL("address",T16), "\$([A-Z]+)\$[0-9]+"))),_xlfn.REGEXEXTRACT(CELL("address",T16), "\$([A-Z]+)\$[0-9]+"))} | U16: {=IFERROR(IF(OR('Raw Data'!U16="",LEN(TRIM('Raw Data'!U16))=0),"",IF(AND(ISNUMBER('Raw Data'!U16), IFERROR('Raw Data'!U16 = ROUND('Raw Data'!U16, 2),FALSE)),"",_xlfn.REGEXEXTRACT(CELL("address",U16), "\$([A-Z]+)\$[0-9]+"))),_xlfn.REGEXEXTRACT(CELL("address",U16), "\$([A-Z]+)\$[0-9]+"))} | V16: {=IFERROR(IF(OR('Raw Data'!V16="",LEN(TRIM('Raw Data'!V16))=0),"",IF(AND(ISNUMBER('Raw Data'!V16), IFERROR('Raw Data'!V16 = ROUND('Raw Data'!V16, 2),FALSE)),"",_xlfn.REGEXEXTRACT(CELL("address",V16), "\$([A-Z]+)\$[0-9]+"))),_xlfn.REGEXEXTRACT(CELL("address",V16), "\$([A-Z]+)\$[0-9]+"))} | W16: {=IFERROR(IF(OR('Raw Data'!W16="",LEN(TRIM('Raw Data'!W16))=0),"",IF(AND(ISNUMBER('Raw Data'!W16), IFERROR('Raw Data'!W16 = ROUND('Raw Data'!W16, 2),FALSE)),"",_xlfn.REGEXEXTRACT(CELL("address",W16), "\$([A-Z]+)\$[0-9]+"))),_xlfn.REGEXEXTRACT(CELL("address",W16), "\$([A-Z]+)\$[0-9]+"))} | X16: {=IFERROR(IF(OR('Raw Data'!X16="",LEN(TRIM('Raw Data'!X16))=0),"",IF(AND(ISNUMBER('Raw Data'!X16), IFERROR('Raw Data'!X16 = ROUND('Raw Data'!X16, 2),FALSE)),"",_xlfn.REGEXEXTRACT(CELL("address",X16), "\$([A-Z]+)\$[0-9]+"))),_xlfn.REGEXEXTRACT(CELL("address",X16), "\$([A-Z]+)\$[0-9]+"))} | Y16: {=IFERROR(IF(OR('Raw Data'!Y16="",LEN(TRIM('Raw Data'!Y16))=0),"",IF(AND(ISNUMBER('Raw Data'!Y16), IFERROR('Raw Data'!Y16 = ROUND('Raw Data'!Y16, 2),FALSE)),"",_xlfn.REGEXEXTRACT(CELL("address",Y16), "\$([A-Z]+)\$[0-9]+"))),_xlfn.REGEXEXTRACT(CELL("address",Y16), "\$([A-Z]+)\$[0-9]+"))}
B17: {=IFERROR(IF(OR('Raw Data'!B17="",LEN(TRIM('Raw Data'!B17))=0),"",IF(AND(LEN('Raw Data'!B17) <= 10,LEN('Raw Data'!B17)> 0),"",_xlfn.REGEXEXTRACT(CELL("address",'Raw Data'!B17),"\$([A-Z]+)\$[0-9]+"))),_xlfn.REGEXEXTRACT(CELL("address",'Raw Data'!B17),"\$([A-Z]+)\$[0-9]+"))} | C17: {=IFERROR(IF(OR('Raw Data'!C17="",LEN(TRIM('Raw Data'!C17))=0),"",IF(AND(LEN('Raw Data'!C17) <= 20,LEN('Raw Data'!C17)> 0),"",_xlfn.REGEXEXTRACT(CELL("address",'Raw Data'!C17),"\$([A-Z]+)\$[0-9]+"))),_xlfn.REGEXEXTRACT(CELL("address",'Raw Data'!C17),"\$([A-Z]+)\$[0-9]+"))} | D17: {=IFERROR(IF(OR('Raw Data'!D17="",LEN(TRIM('Raw Data'!D17))=0),"",IF(AND(LEN('Raw Data'!D17) <= 20,LEN('Raw Data'!D17)> 0),"",_xlfn.REGEXEXTRACT(CELL("address",'Raw Data'!D17),"\$([A-Z]+)\$[0-9]+"))),_xlfn.REGEXEXTRACT(CELL("address",'Raw Data'!D17),"\$([A-Z]+)\$[0-9]+"))} | E17: {=IFERROR(IF(OR('Raw Data'!E17="",LEN(TRIM('Raw Data'!E17))=0),"",IF(AND(LEN('Raw Data'!E17) <= 20,LEN('Raw Data'!E17)> 0),"",_xlfn.REGEXEXTRACT(CELL("address",'Raw Data'!E17),"\$([A-Z]+)\$[0-9]+"))),_xlfn.REGEXEXTRACT(CELL("address",'Raw Data'!E17),"\$([A-Z]+)\$[0-9]+"))} | F17: {=IFERROR(IF(OR('Raw Data'!F17="",LEN(TRIM('Raw Data'!F17))=0),"",IF(AND(LEN('Raw Data'!F17) <= 20,LEN('Raw Data'!F17)> 0),"",_xlfn.REGEXEXTRACT(CELL("address",'Raw Data'!F17),"\$([A-Z]+)\$[0-9]+"))),_xlfn.REGEXEXTRACT(CELL("address",'Raw Data'!F17),"\$([A-Z]+)\$[0-9]+"))} | G17: {=IFERROR(IF(OR('Raw Data'!G17="",LEN(TRIM('Raw Data'!G17))=0),"",IF(AND(LEN('Raw Data'!G17) <= 10,LEN('Raw Data'!G17)> 0),"",_xlfn.REGEXEXTRACT(CELL("address",'Raw Data'!G17),"\$([A-Z]+)\$[0-9]+"))),_xlfn.REGEXEXTRACT(CELL("address",'Raw Data'!G17),"\$([A-Z]+)\$[0-9]+"))} | H17: {=IFERROR(IF(OR('Raw Data'!H17="",LEN(TRIM('Raw Data'!H17))=0),"",IF(AND(LEN('Raw Data'!H17) <= 255,LEN('Raw Data'!H17)> 0),"",_xlfn.REGEXEXTRACT(CELL("address",'Raw Data'!H17),"\$([A-Z]+)\$[0-9]+"))),_xlfn.REGEXEXTRACT(CELL("address",'Raw Data'!H17),"\$([A-Z]+)\$[0-9]+"))} | I17: {=IFERROR(IF(OR('Raw Data'!I17="",LEN(TRIM('Raw Data'!I17))=0),"",IF(AND(LEN('Raw Data'!I17) <= 255,LEN('Raw Data'!I17)> 0),"",_xlfn.REGEXEXTRACT(CELL("address",'Raw Data'!I17),"\$([A-Z]+)\$[0-9]+"))),_xlfn.REGEXEXTRACT(CELL("address",'Raw Data'!I17),"\$([A-Z]+)\$[0-9]+"))} | J17: {=IFERROR(IF(OR('Raw Data'!J17="",LEN(TRIM('Raw Data'!J17))=0),"",IF(AND(LEN('Raw Data'!J17) <= 255,LEN('Raw Data'!J17)> 0),"",_xlfn.REGEXEXTRACT(CELL("address",'Raw Data'!J17),"\$([A-Z]+)\$[0-9]+"))),_xlfn.REGEXEXTRACT(CELL("address",'Raw Data'!J17),"\$([A-Z]+)\$[0-9]+"))} | K17: {=IFERROR(IF(OR('Raw Data'!K17="",LEN(TRIM('Raw Data'!K17))=0),"",IF(AND(LEN('Raw Data'!K17) <= 255,LEN('Raw Data'!K17)> 0),"",_xlfn.REGEXEXTRACT(CELL("address",'Raw Data'!K17),"\$([A-Z]+)\$[0-9]+"))),_xlfn.REGEXEXTRACT(CELL("address",'Raw Data'!K17),"\$([A-Z]+)\$[0-9]+"))} | L17: {=IFERROR(IF(OR('Raw Data'!L17="",LEN(TRIM('Raw Data'!L17))=0),"",IF(AND(LEN('Raw Data'!L17) <= 255,LEN('Raw Data'!L17)> 0),"",_xlfn.REGEXEXTRACT(CELL("address",'Raw Data'!L17),"\$([A-Z]+)\$[0-9]+"))),_xlfn.REGEXEXTRACT(CELL("address",'Raw Data'!L17),"\$([A-Z]+)\$[0-9]+"))} | M17: {=IFERROR(IF(OR('Raw Data'!M17="",LEN(TRIM('Raw Data'!M17))=0),"",IF(AND(LEN('Raw Data'!M17) <= 255,LEN('Raw Data'!M17)> 0),"",_xlfn.REGEXEXTRACT(CELL("address",'Raw Data'!M17),"\$([A-Z]+)\$[0-9]+"))),_xlfn.REGEXEXTRACT(CELL("address",'Raw Data'!M17),"\$([A-Z]+)\$[0-9]+"))} | N17: {=IFERROR(IF(OR('Raw Data'!N17="",LEN(TRIM('Raw Data'!N17))=0),"",IF(AND(LEN('Raw Data'!N17) <= 255,LEN('Raw Data'!N17)> 0),"",_xlfn.REGEXEXTRACT(CELL("address",'Raw Data'!N17),"\$([A-Z]+)\$[0-9]+"))),_xlfn.REGEXEXTRACT(CELL("address",'Raw Data'!N17),"\$([A-Z]+)\$[0-9]+"))} | O17: {=IFERROR(IF(OR('Raw Data'!O17="",LEN(TRIM('Raw Data'!O17))=0),"",IF(AND(LEN('Raw Data'!O17) <= 255,LEN('Raw Data'!O17)> 0),"",_xlfn.REGEXEXTRACT(CELL("address",'Raw Data'!O17),"\$([A-Z]+)\$[0-9]+"))),_xlfn.REGEXEXTRACT(CELL("address",'Raw Data'!O17),"\$([A-Z]+)\$[0-9]+"))} | P17: {=IFERROR(IF(OR('Raw Data'!P17="",LEN(TRIM('Raw Data'!P17))=0),"",IF(AND(LEN('Raw Data'!P17) <= 10,LEN('Raw Data'!P17)> 0),"",_xlfn.REGEXEXTRACT(CELL("address",'Raw Data'!P17),"\$([A-Z]+)\$[0-9]+"))),_xlfn.REGEXEXTRACT(CELL("address",'Raw Data'!P17),"\$([A-Z]+)\$[0-9]+"))} | Q17: {=IFERROR(IF(OR('Raw Data'!Q17="",LEN(TRIM('Raw Data'!Q17))=0),"",IF(AND(ISNUMBER('Raw Data'!Q17), IFERROR('Raw Data'!Q17 = ROUND('Raw Data'!Q17, 2),FALSE)),"",_xlfn.REGEXEXTRACT(CELL("address",Q17), "\$([A-Z]+)\$[0-9]+"))),_xlfn.REGEXEXTRACT(CELL("address",Q17), "\$([A-Z]+)\$[0-9]+"))} | R17: {=IFERROR(IF(OR('Raw Data'!R17="",LEN(TRIM('Raw Data'!R17))=0),"",IF(AND(ISNUMBER('Raw Data'!R17), IFERROR('Raw Data'!R17 = ROUND('Raw Data'!R17, 2),FALSE)),"",_xlfn.REGEXEXTRACT(CELL("address",R17), "\$([A-Z]+)\$[0-9]+"))),_xlfn.REGEXEXTRACT(CELL("address",R17), "\$([A-Z]+)\$[0-9]+"))} | S17: {=IFERROR(IF(OR('Raw Data'!S17="",LEN(TRIM('Raw Data'!S17))=0),"",IF(AND(ISNUMBER('Raw Data'!S17), IFERROR('Raw Data'!S17 = ROUND('Raw Data'!S17, 2),FALSE)),"",_xlfn.REGEXEXTRACT(CELL("address",S17), "\$([A-Z]+)\$[0-9]+"))),_xlfn.REGEXEXTRACT(CELL("address",S17), "\$([A-Z]+)\$[0-9]+"))} | T17: {=IFERROR(IF(OR('Raw Data'!T17="",LEN(TRIM('Raw Data'!T17))=0),"",IF(AND(ISNUMBER('Raw Data'!T17), IFERROR('Raw Data'!T17 = ROUND('Raw Data'!T17, 2),FALSE)),"",_xlfn.REGEXEXTRACT(CELL("address",T17), "\$([A-Z]+)\$[0-9]+"))),_xlfn.REGEXEXTRACT(CELL("address",T17), "\$([A-Z]+)\$[0-9]+"))} | U17: {=IFERROR(IF(OR('Raw Data'!U17="",LEN(TRIM('Raw Data'!U17))=0),"",IF(AND(ISNUMBER('Raw Data'!U17), IFERROR('Raw Data'!U17 = ROUND('Raw Data'!U17, 2),FALSE)),"",_xlfn.REGEXEXTRACT(CELL("address",U17), "\$([A-Z]+)\$[0-9]+"))),_xlfn.REGEXEXTRACT(CELL("address",U17), "\$([A-Z]+)\$[0-9]+"))} | V17: {=IFERROR(IF(OR('Raw Data'!V17="",LEN(TRIM('Raw Data'!V17))=0),"",IF(AND(ISNUMBER('Raw Data'!V17), IFERROR('Raw Data'!V17 = ROUND('Raw Data'!V17, 2),FALSE)),"",_xlfn.REGEXEXTRACT(CELL("address",V17), "\$([A-Z]+)\$[0-9]+"))),_xlfn.REGEXEXTRACT(CELL("address",V17), "\$([A-Z]+)\$[0-9]+"))} | W17: {=IFERROR(IF(OR('Raw Data'!W17="",LEN(TRIM('Raw Data'!W17))=0),"",IF(AND(ISNUMBER('Raw Data'!W17), IFERROR('Raw Data'!W17 = ROUND('Raw Data'!W17, 2),FALSE)),"",_xlfn.REGEXEXTRACT(CELL("address",W17), "\$([A-Z]+)\$[0-9]+"))),_xlfn.REGEXEXTRACT(CELL("address",W17), "\$([A-Z]+)\$[0-9]+"))} | X17: {=IFERROR(IF(OR('Raw Data'!X17="",LEN(TRIM('Raw Data'!X17))=0),"",IF(AND(ISNUMBER('Raw Data'!X17), IFERROR('Raw Data'!X17 = ROUND('Raw Data'!X17, 2),FALSE)),"",_xlfn.REGEXEXTRACT(CELL("address",X17), "\$([A-Z]+)\$[0-9]+"))),_xlfn.REGEXEXTRACT(CELL("address",X17), "\$([A-Z]+)\$[0-9]+"))} | Y17: {=IFERROR(IF(OR('Raw Data'!Y17="",LEN(TRIM('Raw Data'!Y17))=0),"",IF(AND(ISNUMBER('Raw Data'!Y17), IFERROR('Raw Data'!Y17 = ROUND('Raw Data'!Y17, 2),FALSE)),"",_xlfn.REGEXEXTRACT(CELL("address",Y17), "\$([A-Z]+)\$[0-9]+"))),_xlfn.REGEXEXTRACT(CELL("address",Y17), "\$([A-Z]+)\$[0-9]+"))}
B18: {=IFERROR(IF(OR('Raw Data'!B18="",LEN(TRIM('Raw Data'!B18))=0),"",IF(AND(LEN('Raw Data'!B18) <= 10,LEN('Raw Data'!B18)> 0),"",_xlfn.REGEXEXTRACT(CELL("address",'Raw Data'!B18),"\$([A-Z]+)\$[0-9]+"))),_xlfn.REGEXEXTRACT(CELL("address",'Raw Data'!B18),"\$([A-Z]+)\$[0-9]+"))} | C18: {=IFERROR(IF(OR('Raw Data'!C18="",LEN(TRIM('Raw Data'!C18))=0),"",IF(AND(LEN('Raw Data'!C18) <= 20,LEN('Raw Data'!C18)> 0),"",_xlfn.REGEXEXTRACT(CELL("address",'Raw Data'!C18),"\$([A-Z]+)\$[0-9]+"))),_xlfn.REGEXEXTRACT(CELL("address",'Raw Data'!C18),"\$([A-Z]+)\$[0-9]+"))} | D18: {=IFERROR(IF(OR('Raw Data'!D18="",LEN(TRIM('Raw Data'!D18))=0),"",IF(AND(LEN('Raw Data'!D18) <= 20,LEN('Raw Data'!D18)> 0),"",_xlfn.REGEXEXTRACT(CELL("address",'Raw Data'!D18),"\$([A-Z]+)\$[0-9]+"))),_xlfn.REGEXEXTRACT(CELL("address",'Raw Data'!D18),"\$([A-Z]+)\$[0-9]+"))} | E18: {=IFERROR(IF(OR('Raw Data'!E18="",LEN(TRIM('Raw Data'!E18))=0),"",IF(AND(LEN('Raw Data'!E18) <= 20,LEN('Raw Data'!E18)> 0),"",_xlfn.REGEXEXTRACT(CELL("address",'Raw Data'!E18),"\$([A-Z]+)\$[0-9]+"))),_xlfn.REGEXEXTRACT(CELL("address",'Raw Data'!E18),"\$([A-Z]+)\$[0-9]+"))} | F18: {=IFERROR(IF(OR('Raw Data'!F18="",LEN(TRIM('Raw Data'!F18))=0),"",IF(AND(LEN('Raw Data'!F18) <= 20,LEN('Raw Data'!F18)> 0),"",_xlfn.REGEXEXTRACT(CELL("address",'Raw Data'!F18),"\$([A-Z]+)\$[0-9]+"))),_xlfn.REGEXEXTRACT(CELL("address",'Raw Data'!F18),"\$([A-Z]+)\$[0-9]+"))} | G18: {=IFERROR(IF(OR('Raw Data'!G18="",LEN(TRIM('Raw Data'!G18))=0),"",IF(AND(LEN('Raw Data'!G18) <= 10,LEN('Raw Data'!G18)> 0),"",_xlfn.REGEXEXTRACT(CELL("address",'Raw Data'!G18),"\$([A-Z]+)\$[0-9]+"))),_xlfn.REGEXEXTRACT(CELL("address",'Raw Data'!G18),"\$([A-Z]+)\$[0-9]+"))} | H18: {=IFERROR(IF(OR('Raw Data'!H18="",LEN(TRIM('Raw Data'!H18))=0),"",IF(AND(LEN('Raw Data'!H18) <= 255,LEN('Raw Data'!H18)> 0),"",_xlfn.REGEXEXTRACT(CELL("address",'Raw Data'!H18),"\$([A-Z]+)\$[0-9]+"))),_xlfn.REGEXEXTRACT(CELL("address",'Raw Data'!H18),"\$([A-Z]+)\$[0-9]+"))} | I18: {=IFERROR(IF(OR('Raw Data'!I18="",LEN(TRIM('Raw Data'!I18))=0),"",IF(AND(LEN('Raw Data'!I18) <= 255,LEN('Raw Data'!I18)> 0),"",_xlfn.REGEXEXTRACT(CELL("address",'Raw Data'!I18),"\$([A-Z]+)\$[0-9]+"))),_xlfn.REGEXEXTRACT(CELL("address",'Raw Data'!I18),"\$([A-Z]+)\$[0-9]+"))} | J18: {=IFERROR(IF(OR('Raw Data'!J18="",LEN(TRIM('Raw Data'!J18))=0),"",IF(AND(LEN('Raw Data'!J18) <= 255,LEN('Raw Data'!J18)> 0),"",_xlfn.REGEXEXTRACT(CELL("address",'Raw Data'!J18),"\$([A-Z]+)\$[0-9]+"))),_xlfn.REGEXEXTRACT(CELL("address",'Raw Data'!J18),"\$([A-Z]+)\$[0-9]+"))} | K18: {=IFERROR(IF(OR('Raw Data'!K18="",LEN(TRIM('Raw Data'!K18))=0),"",IF(AND(LEN('Raw Data'!K18) <= 255,LEN('Raw Data'!K18)> 0),"",_xlfn.REGEXEXTRACT(CELL("address",'Raw Data'!K18),"\$([A-Z]+)\$[0-9]+"))),_xlfn.REGEXEXTRACT(CELL("address",'Raw Data'!K18),"\$([A-Z]+)\$[0-9]+"))} | L18: {=IFERROR(IF(OR('Raw Data'!L18="",LEN(TRIM('Raw Data'!L18))=0),"",IF(AND(LEN('Raw Data'!L18) <= 255,LEN('Raw Data'!L18)> 0),"",_xlfn.REGEXEXTRACT(CELL("address",'Raw Data'!L18),"\$([A-Z]+)\$[0-9]+"))),_xlfn.REGEXEXTRACT(CELL("address",'Raw Data'!L18),"\$([A-Z]+)\$[0-9]+"))} | M18: {=IFERROR(IF(OR('Raw Data'!M18="",LEN(TRIM('Raw Data'!M18))=0),"",IF(AND(LEN('Raw Data'!M18) <= 255,LEN('Raw Data'!M18)> 0),"",_xlfn.REGEXEXTRACT(CELL("address",'Raw Data'!M18),"\$([A-Z]+)\$[0-9]+"))),_xlfn.REGEXEXTRACT(CELL("address",'Raw Data'!M18),"\$([A-Z]+)\$[0-9]+"))} | N18: {=IFERROR(IF(OR('Raw Data'!N18="",LEN(TRIM('Raw Data'!N18))=0),"",IF(AND(LEN('Raw Data'!N18) <= 255,LEN('Raw Data'!N18)> 0),"",_xlfn.REGEXEXTRACT(CELL("address",'Raw Data'!N18),"\$([A-Z]+)\$[0-9]+"))),_xlfn.REGEXEXTRACT(CELL("address",'Raw Data'!N18),"\$([A-Z]+)\$[0-9]+"))} | O18: {=IFERROR(IF(OR('Raw Data'!O18="",LEN(TRIM('Raw Data'!O18))=0),"",IF(AND(LEN('Raw Data'!O18) <= 255,LEN('Raw Data'!O18)> 0),"",_xlfn.REGEXEXTRACT(CELL("address",'Raw Data'!O18),"\$([A-Z]+)\$[0-9]+"))),_xlfn.REGEXEXTRACT(CELL("address",'Raw Data'!O18),"\$([A-Z]+)\$[0-9]+"))} | P18: {=IFERROR(IF(OR('Raw Data'!P18="",LEN(TRIM('Raw Data'!P18))=0),"",IF(AND(LEN('Raw Data'!P18) <= 10,LEN('Raw Data'!P18)> 0),"",_xlfn.REGEXEXTRACT(CELL("address",'Raw Data'!P18),"\$([A-Z]+)\$[0-9]+"))),_xlfn.REGEXEXTRACT(CELL("address",'Raw Data'!P18),"\$([A-Z]+)\$[0-9]+"))} | Q18: {=IFERROR(IF(OR('Raw Data'!Q18="",LEN(TRIM('Raw Data'!Q18))=0),"",IF(AND(ISNUMBER('Raw Data'!Q18), IFERROR('Raw Data'!Q18 = ROUND('Raw Data'!Q18, 2),FALSE)),"",_xlfn.REGEXEXTRACT(CELL("address",Q18), "\$([A-Z]+)\$[0-9]+"))),_xlfn.REGEXEXTRACT(CELL("address",Q18), "\$([A-Z]+)\$[0-9]+"))} | R18: {=IFERROR(IF(OR('Raw Data'!R18="",LEN(TRIM('Raw Data'!R18))=0),"",IF(AND(ISNUMBER('Raw Data'!R18), IFERROR('Raw Data'!R18 = ROUND('Raw Data'!R18, 2),FALSE)),"",_xlfn.REGEXEXTRACT(CELL("address",R18), "\$([A-Z]+)\$[0-9]+"))),_xlfn.REGEXEXTRACT(CELL("address",R18), "\$([A-Z]+)\$[0-9]+"))} | S18: {=IFERROR(IF(OR('Raw Data'!S18="",LEN(TRIM('Raw Data'!S18))=0),"",IF(AND(ISNUMBER('Raw Data'!S18), IFERROR('Raw Data'!S18 = ROUND('Raw Data'!S18, 2),FALSE)),"",_xlfn.REGEXEXTRACT(CELL("address",S18), "\$([A-Z]+)\$[0-9]+"))),_xlfn.REGEXEXTRACT(CELL("address",S18), "\$([A-Z]+)\$[0-9]+"))} | T18: {=IFERROR(IF(OR('Raw Data'!T18="",LEN(TRIM('Raw Data'!T18))=0),"",IF(AND(ISNUMBER('Raw Data'!T18), IFERROR('Raw Data'!T18 = ROUND('Raw Data'!T18, 2),FALSE)),"",_xlfn.REGEXEXTRACT(CELL("address",T18), "\$([A-Z]+)\$[0-9]+"))),_xlfn.REGEXEXTRACT(CELL("address",T18), "\$([A-Z]+)\$[0-9]+"))} | U18: {=IFERROR(IF(OR('Raw Data'!U18="",LEN(TRIM('Raw Data'!U18))=0),"",IF(AND(ISNUMBER('Raw Data'!U18), IFERROR('Raw Data'!U18 = ROUND('Raw Data'!U18, 2),FALSE)),"",_xlfn.REGEXEXTRACT(CELL("address",U18), "\$([A-Z]+)\$[0-9]+"))),_xlfn.REGEXEXTRACT(CELL("address",U18), "\$([A-Z]+)\$[0-9]+"))} | V18: {=IFERROR(IF(OR('Raw Data'!V18="",LEN(TRIM('Raw Data'!V18))=0),"",IF(AND(ISNUMBER('Raw Data'!V18), IFERROR('Raw Data'!V18 = ROUND('Raw Data'!V18, 2),FALSE)),"",_xlfn.REGEXEXTRACT(CELL("address",V18), "\$([A-Z]+)\$[0-9]+"))),_xlfn.REGEXEXTRACT(CELL("address",V18), "\$([A-Z]+)\$[0-9]+"))} | W18: {=IFERROR(IF(OR('Raw Data'!W18="",LEN(TRIM('Raw Data'!W18))=0),"",IF(AND(ISNUMBER('Raw Data'!W18), IFERROR('Raw Data'!W18 = ROUND('Raw Data'!W18, 2),FALSE)),"",_xlfn.REGEXEXTRACT(CELL("address",W18), "\$([A-Z]+)\$[0-9]+"))),_xlfn.REGEXEXTRACT(CELL("address",W18), "\$([A-Z]+)\$[0-9]+"))} | X18: {=IFERROR(IF(OR('Raw Data'!X18="",LEN(TRIM('Raw Data'!X18))=0),"",IF(AND(ISNUMBER('Raw Data'!X18), IFERROR('Raw Data'!X18 = ROUND('Raw Data'!X18, 2),FALSE)),"",_xlfn.REGEXEXTRACT(CELL("address",X18), "\$([A-Z]+)\$[0-9]+"))),_xlfn.REGEXEXTRACT(CELL("address",X18), "\$([A-Z]+)\$[0-9]+"))} | Y18: {=IFERROR(IF(OR('Raw Data'!Y18="",LEN(TRIM('Raw Data'!Y18))=0),"",IF(AND(ISNUMBER('Raw Data'!Y18), IFERROR('Raw Data'!Y18 = ROUND('Raw Data'!Y18, 2),FALSE)),"",_xlfn.REGEXEXTRACT(CELL("address",Y18), "\$([A-Z]+)\$[0-9]+"))),_xlfn.REGEXEXTRACT(CELL("address",Y18), "\$([A-Z]+)\$[0-9]+"))}
B19: {=IFERROR(IF(OR('Raw Data'!B19="",LEN(TRIM('Raw Data'!B19))=0),"",IF(AND(LEN('Raw Data'!B19) <= 10,LEN('Raw Data'!B19)> 0),"",_xlfn.REGEXEXTRACT(CELL("address",'Raw Data'!B19),"\$([A-Z]+)\$[0-9]+"))),_xlfn.REGEXEXTRACT(CELL("address",'Raw Data'!B19),"\$([A-Z]+)\$[0-9]+"))} | C19: {=IFERROR(IF(OR('Raw Data'!C19="",LEN(TRIM('Raw Data'!C19))=0),"",IF(AND(LEN('Raw Data'!C19) <= 20,LEN('Raw Data'!C19)> 0),"",_xlfn.REGEXEXTRACT(CELL("address",'Raw Data'!C19),"\$([A-Z]+)\$[0-9]+"))),_xlfn.REGEXEXTRACT(CELL("address",'Raw Data'!C19),"\$([A-Z]+)\$[0-9]+"))} | D19: {=IFERROR(IF(OR('Raw Data'!D19="",LEN(TRIM('Raw Data'!D19))=0),"",IF(AND(LEN('Raw Data'!D19) <= 20,LEN('Raw Data'!D19)> 0),"",_xlfn.REGEXEXTRACT(CELL("address",'Raw Data'!D19),"\$([A-Z]+)\$[0-9]+"))),_xlfn.REGEXEXTRACT(CELL("address",'Raw Data'!D19),"\$([A-Z]+)\$[0-9]+"))} | E19: {=IFERROR(IF(OR('Raw Data'!E19="",LEN(TRIM('Raw Data'!E19))=0),"",IF(AND(LEN('Raw Data'!E19) <= 20,LEN('Raw Data'!E19)> 0),"",_xlfn.REGEXEXTRACT(CELL("address",'Raw Data'!E19),"\$([A-Z]+)\$[0-9]+"))),_xlfn.REGEXEXTRACT(CELL("address",'Raw Data'!E19),"\$([A-Z]+)\$[0-9]+"))} | F19: {=IFERROR(IF(OR('Raw Data'!F19="",LEN(TRIM('Raw Data'!F19))=0),"",IF(AND(LEN('Raw Data'!F19) <= 20,LEN('Raw Data'!F19)> 0),"",_xlfn.REGEXEXTRACT(CELL("address",'Raw Data'!F19),"\$([A-Z]+)\$[0-9]+"))),_xlfn.REGEXEXTRACT(CELL("address",'Raw Data'!F19),"\$([A-Z]+)\$[0-9]+"))} | G19: {=IFERROR(IF(OR('Raw Data'!G19="",LEN(TRIM('Raw Data'!G19))=0),"",IF(AND(LEN('Raw Data'!G19) <= 10,LEN('Raw Data'!G19)> 0),"",_xlfn.REGEXEXTRACT(CELL("address",'Raw Data'!G19),"\$([A-Z]+)\$[0-9]+"))),_xlfn.REGEXEXTRACT(CELL("address",'Raw Data'!G19),"\$([A-Z]+)\$[0-9]+"))} | H19: {=IFERROR(IF(OR('Raw Data'!H19="",LEN(TRIM('Raw Data'!H19))=0),"",IF(AND(LEN('Raw Data'!H19) <= 255,LEN('Raw Data'!H19)> 0),"",_xlfn.REGEXEXTRACT(CELL("address",'Raw Data'!H19),"\$([A-Z]+)\$[0-9]+"))),_xlfn.REGEXEXTRACT(CELL("address",'Raw Data'!H19),"\$([A-Z]+)\$[0-9]+"))} | I19: {=IFERROR(IF(OR('Raw Data'!I19="",LEN(TRIM('Raw Data'!I19))=0),"",IF(AND(LEN('Raw Data'!I19) <= 255,LEN('Raw Data'!I19)> 0),"",_xlfn.REGEXEXTRACT(CELL("address",'Raw Data'!I19),"\$([A-Z]+)\$[0-9]+"))),_xlfn.REGEXEXTRACT(CELL("address",'Raw Data'!I19),"\$([A-Z]+)\$[0-9]+"))} | J19: {=IFERROR(IF(OR('Raw Data'!J19="",LEN(TRIM('Raw Data'!J19))=0),"",IF(AND(LEN('Raw Data'!J19) <= 255,LEN('Raw Data'!J19)> 0),"",_xlfn.REGEXEXTRACT(CELL("address",'Raw Data'!J19),"\$([A-Z]+)\$[0-9]+"))),_xlfn.REGEXEXTRACT(CELL("address",'Raw Data'!J19),"\$([A-Z]+)\$[0-9]+"))} | K19: {=IFERROR(IF(OR('Raw Data'!K19="",LEN(TRIM('Raw Data'!K19))=0),"",IF(AND(LEN('Raw Data'!K19) <= 255,LEN('Raw Data'!K19)> 0),"",_xlfn.REGEXEXTRACT(CELL("address",'Raw Data'!K19),"\$([A-Z]+)\$[0-9]+"))),_xlfn.REGEXEXTRACT(CELL("address",'Raw Data'!K19),"\$([A-Z]+)\$[0-9]+"))} | L19: {=IFERROR(IF(OR('Raw Data'!L19="",LEN(TRIM('Raw Data'!L19))=0),"",IF(AND(LEN('Raw Data'!L19) <= 255,LEN('Raw Data'!L19)> 0),"",_xlfn.REGEXEXTRACT(CELL("address",'Raw Data'!L19),"\$([A-Z]+)\$[0-9]+"))),_xlfn.REGEXEXTRACT(CELL("address",'Raw Data'!L19),"\$([A-Z]+)\$[0-9]+"))} | M19: {=IFERROR(IF(OR('Raw Data'!M19="",LEN(TRIM('Raw Data'!M19))=0),"",IF(AND(LEN('Raw Data'!M19) <= 255,LEN('Raw Data'!M19)> 0),"",_xlfn.REGEXEXTRACT(CELL("address",'Raw Data'!M19),"\$([A-Z]+)\$[0-9]+"))),_xlfn.REGEXEXTRACT(CELL("address",'Raw Data'!M19),"\$([A-Z]+)\$[0-9]+"))} | N19: {=IFERROR(IF(OR('Raw Data'!N19="",LEN(TRIM('Raw Data'!N19))=0),"",IF(AND(LEN('Raw Data'!N19) <= 255,LEN('Raw Data'!N19)> 0),"",_xlfn.REGEXEXTRACT(CELL("address",'Raw Data'!N19),"\$([A-Z]+)\$[0-9]+"))),_xlfn.REGEXEXTRACT(CELL("address",'Raw Data'!N19),"\$([A-Z]+)\$[0-9]+"))} | O19: {=IFERROR(IF(OR('Raw Data'!O19="",LEN(TRIM('Raw Data'!O19))=0),"",IF(AND(LEN('Raw Data'!O19) <= 255,LEN('Raw Data'!O19)> 0),"",_xlfn.REGEXEXTRACT(CELL("address",'Raw Data'!O19),"\$([A-Z]+)\$[0-9]+"))),_xlfn.REGEXEXTRACT(CELL("address",'Raw Data'!O19),"\$([A-Z]+)\$[0-9]+"))} | P19: {=IFERROR(IF(OR('Raw Data'!P19="",LEN(TRIM('Raw Data'!P19))=0),"",IF(AND(LEN('Raw Data'!P19) <= 10,LEN('Raw Data'!P19)> 0),"",_xlfn.REGEXEXTRACT(CELL("address",'Raw Data'!P19),"\$([A-Z]+)\$[0-9]+"))),_xlfn.REGEXEXTRACT(CELL("address",'Raw Data'!P19),"\$([A-Z]+)\$[0-9]+"))} | Q19: {=IFERROR(IF(OR('Raw Data'!Q19="",LEN(TRIM('Raw Data'!Q19))=0),"",IF(AND(ISNUMBER('Raw Data'!Q19), IFERROR('Raw Data'!Q19 = ROUND('Raw Data'!Q19, 2),FALSE)),"",_xlfn.REGEXEXTRACT(CELL("address",Q19), "\$([A-Z]+)\$[0-9]+"))),_xlfn.REGEXEXTRACT(CELL("address",Q19), "\$([A-Z]+)\$[0-9]+"))} | R19: {=IFERROR(IF(OR('Raw Data'!R19="",LEN(TRIM('Raw Data'!R19))=0),"",IF(AND(ISNUMBER('Raw Data'!R19), IFERROR('Raw Data'!R19 = ROUND('Raw Data'!R19, 2),FALSE)),"",_xlfn.REGEXEXTRACT(CELL("address",R19), "\$([A-Z]+)\$[0-9]+"))),_xlfn.REGEXEXTRACT(CELL("address",R19), "\$([A-Z]+)\$[0-9]+"))} | S19: {=IFERROR(IF(OR('Raw Data'!S19="",LEN(TRIM('Raw Data'!S19))=0),"",IF(AND(ISNUMBER('Raw Data'!S19), IFERROR('Raw Data'!S19 = ROUND('Raw Data'!S19, 2),FALSE)),"",_xlfn.REGEXEXTRACT(CELL("address",S19), "\$([A-Z]+)\$[0-9]+"))),_xlfn.REGEXEXTRACT(CELL("address",S19), "\$([A-Z]+)\$[0-9]+"))} | T19: {=IFERROR(IF(OR('Raw Data'!T19="",LEN(TRIM('Raw Data'!T19))=0),"",IF(AND(ISNUMBER('Raw Data'!T19), IFERROR('Raw Data'!T19 = ROUND('Raw Data'!T19, 2),FALSE)),"",_xlfn.REGEXEXTRACT(CELL("address",T19), "\$([A-Z]+)\$[0-9]+"))),_xlfn.REGEXEXTRACT(CELL("address",T19), "\$([A-Z]+)\$[0-9]+"))} | U19: {=IFERROR(IF(OR('Raw Data'!U19="",LEN(TRIM('Raw Data'!U19))=0),"",IF(AND(ISNUMBER('Raw Data'!U19), IFERROR('Raw Data'!U19 = ROUND('Raw Data'!U19, 2),FALSE)),"",_xlfn.REGEXEXTRACT(CELL("address",U19), "\$([A-Z]+)\$[0-9]+"))),_xlfn.REGEXEXTRACT(CELL("address",U19), "\$([A-Z]+)\$[0-9]+"))} | V19: {=IFERROR(IF(OR('Raw Data'!V19="",LEN(TRIM('Raw Data'!V19))=0),"",IF(AND(ISNUMBER('Raw Data'!V19), IFERROR('Raw Data'!V19 = ROUND('Raw Data'!V19, 2),FALSE)),"",_xlfn.REGEXEXTRACT(CELL("address",V19), "\$([A-Z]+)\$[0-9]+"))),_xlfn.REGEXEXTRACT(CELL("address",V19), "\$([A-Z]+)\$[0-9]+"))} | W19: {=IFERROR(IF(OR('Raw Data'!W19="",LEN(TRIM('Raw Data'!W19))=0),"",IF(AND(ISNUMBER('Raw Data'!W19), IFERROR('Raw Data'!W19 = ROUND('Raw Data'!W19, 2),FALSE)),"",_xlfn.REGEXEXTRACT(CELL("address",W19), "\$([A-Z]+)\$[0-9]+"))),_xlfn.REGEXEXTRACT(CELL("address",W19), "\$([A-Z]+)\$[0-9]+"))} | X19: {=IFERROR(IF(OR('Raw Data'!X19="",LEN(TRIM('Raw Data'!X19))=0),"",IF(AND(ISNUMBER('Raw Data'!X19), IFERROR('Raw Data'!X19 = ROUND('Raw Data'!X19, 2),FALSE)),"",_xlfn.REGEXEXTRACT(CELL("address",X19), "\$([A-Z]+)\$[0-9]+"))),_xlfn.REGEXEXTRACT(CELL("address",X19), "\$([A-Z]+)\$[0-9]+"))} | Y19: {=IFERROR(IF(OR('Raw Data'!Y19="",LEN(TRIM('Raw Data'!Y19))=0),"",IF(AND(ISNUMBER('Raw Data'!Y19), IFERROR('Raw Data'!Y19 = ROUND('Raw Data'!Y19, 2),FALSE)),"",_xlfn.REGEXEXTRACT(CELL("address",Y19), "\$([A-Z]+)\$[0-9]+"))),_xlfn.REGEXEXTRACT(CELL("address",Y19), "\$([A-Z]+)\$[0-9]+"))}
B20: {=IFERROR(IF(OR('Raw Data'!B20="",LEN(TRIM('Raw Data'!B20))=0),"",IF(AND(LEN('Raw Data'!B20) <= 10,LEN('Raw Data'!B20)> 0),"",_xlfn.REGEXEXTRACT(CELL("address",'Raw Data'!B20),"\$([A-Z]+)\$[0-9]+"))),_xlfn.REGEXEXTRACT(CELL("address",'Raw Data'!B20),"\$([A-Z]+)\$[0-9]+"))} | C20: {=IFERROR(IF(OR('Raw Data'!C20="",LEN(TRIM('Raw Data'!C20))=0),"",IF(AND(LEN('Raw Data'!C20) <= 20,LEN('Raw Data'!C20)> 0),"",_xlfn.REGEXEXTRACT(CELL("address",'Raw Data'!C20),"\$([A-Z]+)\$[0-9]+"))),_xlfn.REGEXEXTRACT(CELL("address",'Raw Data'!C20),"\$([A-Z]+)\$[0-9]+"))} | D20: {=IFERROR(IF(OR('Raw Data'!D20="",LEN(TRIM('Raw Data'!D20))=0),"",IF(AND(LEN('Raw Data'!D20) <= 20,LEN('Raw Data'!D20)> 0),"",_xlfn.REGEXEXTRACT(CELL("address",'Raw Data'!D20),"\$([A-Z]+)\$[0-9]+"))),_xlfn.REGEXEXTRACT(CELL("address",'Raw Data'!D20),"\$([A-Z]+)\$[0-9]+"))} | E20: {=IFERROR(IF(OR('Raw Data'!E20="",LEN(TRIM('Raw Data'!E20))=0),"",IF(AND(LEN('Raw Data'!E20) <= 20,LEN('Raw Data'!E20)> 0),"",_xlfn.REGEXEXTRACT(CELL("address",'Raw Data'!E20),"\$([A-Z]+)\$[0-9]+"))),_xlfn.REGEXEXTRACT(CELL("address",'Raw Data'!E20),"\$([A-Z]+)\$[0-9]+"))} | F20: {=IFERROR(IF(OR('Raw Data'!F20="",LEN(TRIM('Raw Data'!F20))=0),"",IF(AND(LEN('Raw Data'!F20) <= 20,LEN('Raw Data'!F20)> 0),"",_xlfn.REGEXEXTRACT(CELL("address",'Raw Data'!F20),"\$([A-Z]+)\$[0-9]+"))),_xlfn.REGEXEXTRACT(CELL("address",'Raw Data'!F20),"\$([A-Z]+)\$[0-9]+"))} | G20: {=IFERROR(IF(OR('Raw Data'!G20="",LEN(TRIM('Raw Data'!G20))=0),"",IF(AND(LEN('Raw Data'!G20) <= 10,LEN('Raw Data'!G20)> 0),"",_xlfn.REGEXEXTRACT(CELL("address",'Raw Data'!G20),"\$([A-Z]+)\$[0-9]+"))),_xlfn.REGEXEXTRACT(CELL("address",'Raw Data'!G20),"\$([A-Z]+)\$[0-9]+"))} | H20: {=IFERROR(IF(OR('Raw Data'!H20="",LEN(TRIM('Raw Data'!H20))=0),"",IF(AND(LEN('Raw Data'!H20) <= 255,LEN('Raw Data'!H20)> 0),"",_xlfn.REGEXEXTRACT(CELL("address",'Raw Data'!H20),"\$([A-Z]+)\$[0-9]+"))),_xlfn.REGEXEXTRACT(CELL("address",'Raw Data'!H20),"\$([A-Z]+)\$[0-9]+"))} | I20: {=IFERROR(IF(OR('Raw Data'!I20="",LEN(TRIM('Raw Data'!I20))=0),"",IF(AND(LEN('Raw Data'!I20) <= 255,LEN('Raw Data'!I20)> 0),"",_xlfn.REGEXEXTRACT(CELL("address",'Raw Data'!I20),"\$([A-Z]+)\$[0-9]+"))),_xlfn.REGEXEXTRACT(CELL("address",'Raw Data'!I20),"\$([A-Z]+)\$[0-9]+"))} | J20: {=IFERROR(IF(OR('Raw Data'!J20="",LEN(TRIM('Raw Data'!J20))=0),"",IF(AND(LEN('Raw Data'!J20) <= 255,LEN('Raw Data'!J20)> 0),"",_xlfn.REGEXEXTRACT(CELL("address",'Raw Data'!J20),"\$([A-Z]+)\$[0-9]+"))),_xlfn.REGEXEXTRACT(CELL("address",'Raw Data'!J20),"\$([A-Z]+)\$[0-9]+"))} | K20: {=IFERROR(IF(OR('Raw Data'!K20="",LEN(TRIM('Raw Data'!K20))=0),"",IF(AND(LEN('Raw Data'!K20) <= 255,LEN('Raw Data'!K20)> 0),"",_xlfn.REGEXEXTRACT(CELL("address",'Raw Data'!K20),"\$([A-Z]+)\$[0-9]+"))),_xlfn.REGEXEXTRACT(CELL("address",'Raw Data'!K20),"\$([A-Z]+)\$[0-9]+"))} | L20: {=IFERROR(IF(OR('Raw Data'!L20="",LEN(TRIM('Raw Data'!L20))=0),"",IF(AND(LEN('Raw Data'!L20) <= 255,LEN('Raw Data'!L20)> 0),"",_xlfn.REGEXEXTRACT(CELL("address",'Raw Data'!L20),"\$([A-Z]+)\$[0-9]+"))),_xlfn.REGEXEXTRACT(CELL("address",'Raw Data'!L20),"\$([A-Z]+)\$[0-9]+"))} | M20: {=IFERROR(IF(OR('Raw Data'!M20="",LEN(TRIM('Raw Data'!M20))=0),"",IF(AND(LEN('Raw Data'!M20) <= 255,LEN('Raw Data'!M20)> 0),"",_xlfn.REGEXEXTRACT(CELL("address",'Raw Data'!M20),"\$([A-Z]+)\$[0-9]+"))),_xlfn.REGEXEXTRACT(CELL("address",'Raw Data'!M20),"\$([A-Z]+)\$[0-9]+"))} | N20: {=IFERROR(IF(OR('Raw Data'!N20="",LEN(TRIM('Raw Data'!N20))=0),"",IF(AND(LEN('Raw Data'!N20) <= 255,LEN('Raw Data'!N20)> 0),"",_xlfn.REGEXEXTRACT(CELL("address",'Raw Data'!N20),"\$([A-Z]+)\$[0-9]+"))),_xlfn.REGEXEXTRACT(CELL("address",'Raw Data'!N20),"\$([A-Z]+)\$[0-9]+"))} | O20: {=IFERROR(IF(OR('Raw Data'!O20="",LEN(TRIM('Raw Data'!O20))=0),"",IF(AND(LEN('Raw Data'!O20) <= 255,LEN('Raw Data'!O20)> 0),"",_xlfn.REGEXEXTRACT(CELL("address",'Raw Data'!O20),"\$([A-Z]+)\$[0-9]+"))),_xlfn.REGEXEXTRACT(CELL("address",'Raw Data'!O20),"\$([A-Z]+)\$[0-9]+"))} | P20: {=IFERROR(IF(OR('Raw Data'!P20="",LEN(TRIM('Raw Data'!P20))=0),"",IF(AND(LEN('Raw Data'!P20) <= 10,LEN('Raw Data'!P20)> 0),"",_xlfn.REGEXEXTRACT(CELL("address",'Raw Data'!P20),"\$([A-Z]+)\$[0-9]+"))),_xlfn.REGEXEXTRACT(CELL("address",'Raw Data'!P20),"\$([A-Z]+)\$[0-9]+"))} | Q20: {=IFERROR(IF(OR('Raw Data'!Q20="",LEN(TRIM('Raw Data'!Q20))=0),"",IF(AND(ISNUMBER('Raw Data'!Q20), IFERROR('Raw Data'!Q20 = ROUND('Raw Data'!Q20, 2),FALSE)),"",_xlfn.REGEXEXTRACT(CELL("address",Q20), "\$([A-Z]+)\$[0-9]+"))),_xlfn.REGEXEXTRACT(CELL("address",Q20), "\$([A-Z]+)\$[0-9]+"))} | R20: {=IFERROR(IF(OR('Raw Data'!R20="",LEN(TRIM('Raw Data'!R20))=0),"",IF(AND(ISNUMBER('Raw Data'!R20), IFERROR('Raw Data'!R20 = ROUND('Raw Data'!R20, 2),FALSE)),"",_xlfn.REGEXEXTRACT(CELL("address",R20), "\$([A-Z]+)\$[0-9]+"))),_xlfn.REGEXEXTRACT(CELL("address",R20), "\$([A-Z]+)\$[0-9]+"))} | S20: {=IFERROR(IF(OR('Raw Data'!S20="",LEN(TRIM('Raw Data'!S20))=0),"",IF(AND(ISNUMBER('Raw Data'!S20), IFERROR('Raw Data'!S20 = ROUND('Raw Data'!S20, 2),FALSE)),"",_xlfn.REGEXEXTRACT(CELL("address",S20), "\$([A-Z]+)\$[0-9]+"))),_xlfn.REGEXEXTRACT(CELL("address",S20), "\$([A-Z]+)\$[0-9]+"))} | T20: {=IFERROR(IF(OR('Raw Data'!T20="",LEN(TRIM('Raw Data'!T20))=0),"",IF(AND(ISNUMBER('Raw Data'!T20), IFERROR('Raw Data'!T20 = ROUND('Raw Data'!T20, 2),FALSE)),"",_xlfn.REGEXEXTRACT(CELL("address",T20), "\$([A-Z]+)\$[0-9]+"))),_xlfn.REGEXEXTRACT(CELL("address",T20), "\$([A-Z]+)\$[0-9]+"))} | U20: {=IFERROR(IF(OR('Raw Data'!U20="",LEN(TRIM('Raw Data'!U20))=0),"",IF(AND(ISNUMBER('Raw Data'!U20), IFERROR('Raw Data'!U20 = ROUND('Raw Data'!U20, 2),FALSE)),"",_xlfn.REGEXEXTRACT(CELL("address",U20), "\$([A-Z]+)\$[0-9]+"))),_xlfn.REGEXEXTRACT(CELL("address",U20), "\$([A-Z]+)\$[0-9]+"))} | V20: {=IFERROR(IF(OR('Raw Data'!V20="",LEN(TRIM('Raw Data'!V20))=0),"",IF(AND(ISNUMBER('Raw Data'!V20), IFERROR('Raw Data'!V20 = ROUND('Raw Data'!V20, 2),FALSE)),"",_xlfn.REGEXEXTRACT(CELL("address",V20), "\$([A-Z]+)\$[0-9]+"))),_xlfn.REGEXEXTRACT(CELL("address",V20), "\$([A-Z]+)\$[0-9]+"))} | W20: {=IFERROR(IF(OR('Raw Data'!W20="",LEN(TRIM('Raw Data'!W20))=0),"",IF(AND(ISNUMBER('Raw Data'!W20), IFERROR('Raw Data'!W20 = ROUND('Raw Data'!W20, 2),FALSE)),"",_xlfn.REGEXEXTRACT(CELL("address",W20), "\$([A-Z]+)\$[0-9]+"))),_xlfn.REGEXEXTRACT(CELL("address",W20), "\$([A-Z]+)\$[0-9]+"))} | X20: {=IFERROR(IF(OR('Raw Data'!X20="",LEN(TRIM('Raw Data'!X20))=0),"",IF(AND(ISNUMBER('Raw Data'!X20), IFERROR('Raw Data'!X20 = ROUND('Raw Data'!X20, 2),FALSE)),"",_xlfn.REGEXEXTRACT(CELL("address",X20), "\$([A-Z]+)\$[0-9]+"))),_xlfn.REGEXEXTRACT(CELL("address",X20), "\$([A-Z]+)\$[0-9]+"))} | Y20: {=IFERROR(IF(OR('Raw Data'!Y20="",LEN(TRIM('Raw Data'!Y20))=0),"",IF(AND(ISNUMBER('Raw Data'!Y20), IFERROR('Raw Data'!Y20 = ROUND('Raw Data'!Y20, 2),FALSE)),"",_xlfn.REGEXEXTRACT(CELL("address",Y20), "\$([A-Z]+)\$[0-9]+"))),_xlfn.REGEXEXTRACT(CELL("address",Y20), "\$([A-Z]+)\$[0-9]+"))}
B21: {=IFERROR(IF(OR('Raw Data'!B21="",LEN(TRIM('Raw Data'!B21))=0),"",IF(AND(LEN('Raw Data'!B21) <= 10,LEN('Raw Data'!B21)> 0),"",_xlfn.REGEXEXTRACT(CELL("address",'Raw Data'!B21),"\$([A-Z]+)\$[0-9]+"))),_xlfn.REGEXEXTRACT(CELL("address",'Raw Data'!B21),"\$([A-Z]+)\$[0-9]+"))} | C21: {=IFERROR(IF(OR('Raw Data'!C21="",LEN(TRIM('Raw Data'!C21))=0),"",IF(AND(LEN('Raw Data'!C21) <= 20,LEN('Raw Data'!C21)> 0),"",_xlfn.REGEXEXTRACT(CELL("address",'Raw Data'!C21),"\$([A-Z]+)\$[0-9]+"))),_xlfn.REGEXEXTRACT(CELL("address",'Raw Data'!C21),"\$([A-Z]+)\$[0-9]+"))} | D21: {=IFERROR(IF(OR('Raw Data'!D21="",LEN(TRIM('Raw Data'!D21))=0),"",IF(AND(LEN('Raw Data'!D21) <= 20,LEN('Raw Data'!D21)> 0),"",_xlfn.REGEXEXTRACT(CELL("address",'Raw Data'!D21),"\$([A-Z]+)\$[0-9]+"))),_xlfn.REGEXEXTRACT(CELL("address",'Raw Data'!D21),"\$([A-Z]+)\$[0-9]+"))} | E21: {=IFERROR(IF(OR('Raw Data'!E21="",LEN(TRIM('Raw Data'!E21))=0),"",IF(AND(LEN('Raw Data'!E21) <= 20,LEN('Raw Data'!E21)> 0),"",_xlfn.REGEXEXTRACT(CELL("address",'Raw Data'!E21),"\$([A-Z]+)\$[0-9]+"))),_xlfn.REGEXEXTRACT(CELL("address",'Raw Data'!E21),"\$([A-Z]+)\$[0-9]+"))} | F21: {=IFERROR(IF(OR('Raw Data'!F21="",LEN(TRIM('Raw Data'!F21))=0),"",IF(AND(LEN('Raw Data'!F21) <= 20,LEN('Raw Data'!F21)> 0),"",_xlfn.REGEXEXTRACT(CELL("address",'Raw Data'!F21),"\$([A-Z]+)\$[0-9]+"))),_xlfn.REGEXEXTRACT(CELL("address",'Raw Data'!F21),"\$([A-Z]+)\$[0-9]+"))} | G21: {=IFERROR(IF(OR('Raw Data'!G21="",LEN(TRIM('Raw Data'!G21))=0),"",IF(AND(LEN('Raw Data'!G21) <= 10,LEN('Raw Data'!G21)> 0),"",_xlfn.REGEXEXTRACT(CELL("address",'Raw Data'!G21),"\$([A-Z]+)\$[0-9]+"))),_xlfn.REGEXEXTRACT(CELL("address",'Raw Data'!G21),"\$([A-Z]+)\$[0-9]+"))} | H21: {=IFERROR(IF(OR('Raw Data'!H21="",LEN(TRIM('Raw Data'!H21))=0),"",IF(AND(LEN('Raw Data'!H21) <= 255,LEN('Raw Data'!H21)> 0),"",_xlfn.REGEXEXTRACT(CELL("address",'Raw Data'!H21),"\$([A-Z]+)\$[0-9]+"))),_xlfn.REGEXEXTRACT(CELL("address",'Raw Data'!H21),"\$([A-Z]+)\$[0-9]+"))} | I21: {=IFERROR(IF(OR('Raw Data'!I21="",LEN(TRIM('Raw Data'!I21))=0),"",IF(AND(LEN('Raw Data'!I21) <= 255,LEN('Raw Data'!I21)> 0),"",_xlfn.REGEXEXTRACT(CELL("address",'Raw Data'!I21),"\$([A-Z]+)\$[0-9]+"))),_xlfn.REGEXEXTRACT(CELL("address",'Raw Data'!I21),"\$([A-Z]+)\$[0-9]+"))} | J21: {=IFERROR(IF(OR('Raw Data'!J21="",LEN(TRIM('Raw Data'!J21))=0),"",IF(AND(LEN('Raw Data'!J21) <= 255,LEN('Raw Data'!J21)> 0),"",_xlfn.REGEXEXTRACT(CELL("address",'Raw Data'!J21),"\$([A-Z]+)\$[0-9]+"))),_xlfn.REGEXEXTRACT(CELL("address",'Raw Data'!J21),"\$([A-Z]+)\$[0-9]+"))} | K21: {=IFERROR(IF(OR('Raw Data'!K21="",LEN(TRIM('Raw Data'!K21))=0),"",IF(AND(LEN('Raw Data'!K21) <= 255,LEN('Raw Data'!K21)> 0),"",_xlfn.REGEXEXTRACT(CELL("address",'Raw Data'!K21),"\$([A-Z]+)\$[0-9]+"))),_xlfn.REGEXEXTRACT(CELL("address",'Raw Data'!K21),"\$([A-Z]+)\$[0-9]+"))} | L21: {=IFERROR(IF(OR('Raw Data'!L21="",LEN(TRIM('Raw Data'!L21))=0),"",IF(AND(LEN('Raw Data'!L21) <= 255,LEN('Raw Data'!L21)> 0),"",_xlfn.REGEXEXTRACT(CELL("address",'Raw Data'!L21),"\$([A-Z]+)\$[0-9]+"))),_xlfn.REGEXEXTRACT(CELL("address",'Raw Data'!L21),"\$([A-Z]+)\$[0-9]+"))} | M21: {=IFERROR(IF(OR('Raw Data'!M21="",LEN(TRIM('Raw Data'!M21))=0),"",IF(AND(LEN('Raw Data'!M21) <= 255,LEN('Raw Data'!M21)> 0),"",_xlfn.REGEXEXTRACT(CELL("address",'Raw Data'!M21),"\$([A-Z]+)\$[0-9]+"))),_xlfn.REGEXEXTRACT(CELL("address",'Raw Data'!M21),"\$([A-Z]+)\$[0-9]+"))} | N21: {=IFERROR(IF(OR('Raw Data'!N21="",LEN(TRIM('Raw Data'!N21))=0),"",IF(AND(LEN('Raw Data'!N21) <= 255,LEN('Raw Data'!N21)> 0),"",_xlfn.REGEXEXTRACT(CELL("address",'Raw Data'!N21),"\$([A-Z]+)\$[0-9]+"))),_xlfn.REGEXEXTRACT(CELL("address",'Raw Data'!N21),"\$([A-Z]+)\$[0-9]+"))} | O21: {=IFERROR(IF(OR('Raw Data'!O21="",LEN(TRIM('Raw Data'!O21))=0),"",IF(AND(LEN('Raw Data'!O21) <= 255,LEN('Raw Data'!O21)> 0),"",_xlfn.REGEXEXTRACT(CELL("address",'Raw Data'!O21),"\$([A-Z]+)\$[0-9]+"))),_xlfn.REGEXEXTRACT(CELL("address",'Raw Data'!O21),"\$([A-Z]+)\$[0-9]+"))} | P21: {=IFERROR(IF(OR('Raw Data'!P21="",LEN(TRIM('Raw Data'!P21))=0),"",IF(AND(LEN('Raw Data'!P21) <= 10,LEN('Raw Data'!P21)> 0),"",_xlfn.REGEXEXTRACT(CELL("address",'Raw Data'!P21),"\$([A-Z]+)\$[0-9]+"))),_xlfn.REGEXEXTRACT(CELL("address",'Raw Data'!P21),"\$([A-Z]+)\$[0-9]+"))} | Q21: {=IFERROR(IF(OR('Raw Data'!Q21="",LEN(TRIM('Raw Data'!Q21))=0),"",IF(AND(ISNUMBER('Raw Data'!Q21), IFERROR('Raw Data'!Q21 = ROUND('Raw Data'!Q21, 2),FALSE)),"",_xlfn.REGEXEXTRACT(CELL("address",Q21), "\$([A-Z]+)\$[0-9]+"))),_xlfn.REGEXEXTRACT(CELL("address",Q21), "\$([A-Z]+)\$[0-9]+"))} | R21: {=IFERROR(IF(OR('Raw Data'!R21="",LEN(TRIM('Raw Data'!R21))=0),"",IF(AND(ISNUMBER('Raw Data'!R21), IFERROR('Raw Data'!R21 = ROUND('Raw Data'!R21, 2),FALSE)),"",_xlfn.REGEXEXTRACT(CELL("address",R21), "\$([A-Z]+)\$[0-9]+"))),_xlfn.REGEXEXTRACT(CELL("address",R21), "\$([A-Z]+)\$[0-9]+"))} | S21: {=IFERROR(IF(OR('Raw Data'!S21="",LEN(TRIM('Raw Data'!S21))=0),"",IF(AND(ISNUMBER('Raw Data'!S21), IFERROR('Raw Data'!S21 = ROUND('Raw Data'!S21, 2),FALSE)),"",_xlfn.REGEXEXTRACT(CELL("address",S21), "\$([A-Z]+)\$[0-9]+"))),_xlfn.REGEXEXTRACT(CELL("address",S21), "\$([A-Z]+)\$[0-9]+"))} | T21: {=IFERROR(IF(OR('Raw Data'!T21="",LEN(TRIM('Raw Data'!T21))=0),"",IF(AND(ISNUMBER('Raw Data'!T21), IFERROR('Raw Data'!T21 = ROUND('Raw Data'!T21, 2),FALSE)),"",_xlfn.REGEXEXTRACT(CELL("address",T21), "\$([A-Z]+)\$[0-9]+"))),_xlfn.REGEXEXTRACT(CELL("address",T21), "\$([A-Z]+)\$[0-9]+"))} | U21: {=IFERROR(IF(OR('Raw Data'!U21="",LEN(TRIM('Raw Data'!U21))=0),"",IF(AND(ISNUMBER('Raw Data'!U21), IFERROR('Raw Data'!U21 = ROUND('Raw Data'!U21, 2),FALSE)),"",_xlfn.REGEXEXTRACT(CELL("address",U21), "\$([A-Z]+)\$[0-9]+"))),_xlfn.REGEXEXTRACT(CELL("address",U21), "\$([A-Z]+)\$[0-9]+"))} | V21: {=IFERROR(IF(OR('Raw Data'!V21="",LEN(TRIM('Raw Data'!V21))=0),"",IF(AND(ISNUMBER('Raw Data'!V21), IFERROR('Raw Data'!V21 = ROUND('Raw Data'!V21, 2),FALSE)),"",_xlfn.REGEXEXTRACT(CELL("address",V21), "\$([A-Z]+)\$[0-9]+"))),_xlfn.REGEXEXTRACT(CELL("address",V21), "\$([A-Z]+)\$[0-9]+"))} | W21: {=IFERROR(IF(OR('Raw Data'!W21="",LEN(TRIM('Raw Data'!W21))=0),"",IF(AND(ISNUMBER('Raw Data'!W21), IFERROR('Raw Data'!W21 = ROUND('Raw Data'!W21, 2),FALSE)),"",_xlfn.REGEXEXTRACT(CELL("address",W21), "\$([A-Z]+)\$[0-9]+"))),_xlfn.REGEXEXTRACT(CELL("address",W21), "\$([A-Z]+)\$[0-9]+"))} | X21: {=IFERROR(IF(OR('Raw Data'!X21="",LEN(TRIM('Raw Data'!X21))=0),"",IF(AND(ISNUMBER('Raw Data'!X21), IFERROR('Raw Data'!X21 = ROUND('Raw Data'!X21, 2),FALSE)),"",_xlfn.REGEXEXTRACT(CELL("address",X21), "\$([A-Z]+)\$[0-9]+"))),_xlfn.REGEXEXTRACT(CELL("address",X21), "\$([A-Z]+)\$[0-9]+"))} | Y21: {=IFERROR(IF(OR('Raw Data'!Y21="",LEN(TRIM('Raw Data'!Y21))=0),"",IF(AND(ISNUMBER('Raw Data'!Y21), IFERROR('Raw Data'!Y21 = ROUND('Raw Data'!Y21, 2),FALSE)),"",_xlfn.REGEXEXTRACT(CELL("address",Y21), "\$([A-Z]+)\$[0-9]+"))),_xlfn.REGEXEXTRACT(CELL("address",Y21), "\$([A-Z]+)\$[0-9]+"))}
... B1647: {=IFERROR(IF(OR('Raw Data'!B1647="",LEN(TRIM('Raw Data'!B1647))=0),"",IF(AND(LEN('Raw Data'!B1647) <= 10,LEN('Raw Data'!B1647)> 0),"",_xlfn.REGEXEXTRACT(CELL("address",'Raw Data'!B1647),"\$([A-Z]+)\$[0-9]+"))),_xlfn.REGEXEXTRACT(CELL("address",'Raw Data'!B1647),"\$([A-Z]+)\$[0-9]+"))} | C1647: {=IFERROR(IF(OR('Raw Data'!C1647="",LEN(TRIM('Raw Data'!C1647))=0),"",IF(AND(LEN('Raw Data'!C1647) <= 20,LEN('Raw Data'!C1647)> 0),"",_xlfn.REGEXEXTRACT(CELL("address",'Raw Data'!C1647),"\$([A-Z]+)\$[0-9]+"))),_xlfn.REGEXEXTRACT(CELL("address",'Raw Data'!C1647),"\$([A-Z]+)\$[0-9]+"))} | D1647: {=IFERROR(IF(OR('Raw Data'!D1647="",LEN(TRIM('Raw Data'!D1647))=0),"",IF(AND(LEN('Raw Data'!D1647) <= 20,LEN('Raw Data'!D1647)> 0),"",_xlfn.REGEXEXTRACT(CELL("address",'Raw Data'!D1647),"\$([A-Z]+)\$[0-9]+"))),_xlfn.REGEXEXTRACT(CELL("address",'Raw Data'!D1647),"\$([A-Z]+)\$[0-9]+"))} | E1647: {=IFERROR(IF(OR('Raw Data'!E1647="",LEN(TRIM('Raw Data'!E1647))=0),"",IF(AND(LEN('Raw Data'!E1647) <= 20,LEN('Raw Data'!E1647)> 0),"",_xlfn.REGEXEXTRACT(CELL("address",'Raw Data'!E1647),"\$([A-Z]+)\$[0-9]+"))),_xlfn.REGEXEXTRACT(CELL("address",'Raw Data'!E1647),"\$([A-Z]+)\$[0-9]+"))} | F1647: {=IFERROR(IF(OR('Raw Data'!F1647="",LEN(TRIM('Raw Data'!F1647))=0),"",IF(AND(LEN('Raw Data'!F1647) <= 20,LEN('Raw Data'!F1647)> 0),"",_xlfn.REGEXEXTRACT(CELL("address",'Raw Data'!F1647),"\$([A-Z]+)\$[0-9]+"))),_xlfn.REGEXEXTRACT(CELL("address",'Raw Data'!F1647),"\$([A-Z]+)\$[0-9]+"))} | G1647: {=IFERROR(IF(OR('Raw Data'!G1647="",LEN(TRIM('Raw Data'!G1647))=0),"",IF(AND(LEN('Raw Data'!G1647) <= 10,LEN('Raw Data'!G1647)> 0),"",_xlfn.REGEXEXTRACT(CELL("address",'Raw Data'!G1647),"\$([A-Z]+)\$[0-9]+"))),_xlfn.REGEXEXTRACT(CELL("address",'Raw Data'!G1647),"\$([A-Z]+)\$[0-9]+"))} | H1647: {=IFERROR(IF(OR('Raw Data'!H1647="",LEN(TRIM('Raw Data'!H1647))=0),"",IF(AND(LEN('Raw Data'!H1647) <= 255,LEN('Raw Data'!H1647)> 0),"",_xlfn.REGEXEXTRACT(CELL("address",'Raw Data'!H1647),"\$([A-Z]+)\$[0-9]+"))),_xlfn.REGEXEXTRACT(CELL("address",'Raw Data'!H1647),"\$([A-Z]+)\$[0-9]+"))} | I1647: {=IFERROR(IF(OR('Raw Data'!I1647="",LEN(TRIM('Raw Data'!I1647))=0),"",IF(AND(LEN('Raw Data'!I1647) <= 255,LEN('Raw Data'!I1647)> 0),"",_xlfn.REGEXEXTRACT(CELL("address",'Raw Data'!I1647),"\$([A-Z]+)\$[0-9]+"))),_xlfn.REGEXEXTRACT(CELL("address",'Raw Data'!I1647),"\$([A-Z]+)\$[0-9]+"))} | J1647: {=IFERROR(IF(OR('Raw Data'!J1647="",LEN(TRIM('Raw Data'!J1647))=0),"",IF(AND(LEN('Raw Data'!J1647) <= 255,LEN('Raw Data'!J1647)> 0),"",_xlfn.REGEXEXTRACT(CELL("address",'Raw Data'!J1647),"\$([A-Z]+)\$[0-9]+"))),_xlfn.REGEXEXTRACT(CELL("address",'Raw Data'!J1647),"\$([A-Z]+)\$[0-9]+"))} | K1647: {=IFERROR(IF(OR('Raw Data'!K1647="",LEN(TRIM('Raw Data'!K1647))=0),"",IF(AND(LEN('Raw Data'!K1647) <= 255,LEN('Raw Data'!K1647)> 0),"",_xlfn.REGEXEXTRACT(CELL("address",'Raw Data'!K1647),"\$([A-Z]+)\$[0-9]+"))),_xlfn.REGEXEXTRACT(CELL("address",'Raw Data'!K1647),"\$([A-Z]+)\$[0-9]+"))} | L1647: {=IFERROR(IF(OR('Raw Data'!L1647="",LEN(TRIM('Raw Data'!L1647))=0),"",IF(AND(LEN('Raw Data'!L1647) <= 255,LEN('Raw Data'!L1647)> 0),"",_xlfn.REGEXEXTRACT(CELL("address",'Raw Data'!L1647),"\$([A-Z]+)\$[0-9]+"))),_xlfn.REGEXEXTRACT(CELL("address",'Raw Data'!L1647),"\$([A-Z]+)\$[0-9]+"))} | M1647: {=IFERROR(IF(OR('Raw Data'!M1647="",LEN(TRIM('Raw Data'!M1647))=0),"",IF(AND(LEN('Raw Data'!M1647) <= 255,LEN('Raw Data'!M1647)> 0),"",_xlfn.REGEXEXTRACT(CELL("address",'Raw Data'!M1647),"\$([A-Z]+)\$[0-9]+"))),_xlfn.REGEXEXTRACT(CELL("address",'Raw Data'!M1647),"\$([A-Z]+)\$[0-9]+"))} | N1647: {=IFERROR(IF(OR('Raw Data'!N1647="",LEN(TRIM('Raw Data'!N1647))=0),"",IF(AND(LEN('Raw Data'!N1647) <= 255,LEN('Raw Data'!N1647)> 0),"",_xlfn.REGEXEXTRACT(CELL("address",'Raw Data'!N1647),"\$([A-Z]+)\$[0-9]+"))),_xlfn.REGEXEXTRACT(CELL("address",'Raw Data'!N1647),"\$([A-Z]+)\$[0-9]+"))} | O1647: {=IFERROR(IF(OR('Raw Data'!O1647="",LEN(TRIM('Raw Data'!O1647))=0),"",IF(AND(LEN('Raw Data'!O1647) <= 255,LEN('Raw Data'!O1647)> 0),"",_xlfn.REGEXEXTRACT(CELL("address",'Raw Data'!O1647),"\$([A-Z]+)\$[0-9]+"))),_xlfn.REGEXEXTRACT(CELL("address",'Raw Data'!O1647),"\$([A-Z]+)\$[0-9]+"))} | P1647: {=IFERROR(IF(OR('Raw Data'!P1647="",LEN(TRIM('Raw Data'!P1647))=0),"",IF(AND(LEN('Raw Data'!P1647) <= 10,LEN('Raw Data'!P1647)> 0),"",_xlfn.REGEXEXTRACT(CELL("address",'Raw Data'!P1647),"\$([A-Z]+)\$[0-9]+"))),_xlfn.REGEXEXTRACT(CELL("address",'Raw Data'!P1647),"\$([A-Z]+)\$[0-9]+"))} | Q1647: {=IFERROR(IF(OR('Raw Data'!Q1647="",LEN(TRIM('Raw Data'!Q1647))=0),"",IF(AND(ISNUMBER('Raw Data'!Q1647), IFERROR('Raw Data'!Q1647 = ROUND('Raw Data'!Q1647, 2),FALSE)),"",_xlfn.REGEXEXTRACT(CELL("address",Q1647), "\$([A-Z]+)\$[0-9]+"))),_xlfn.REGEXEXTRACT(CELL("address",Q1647), "\$([A-Z]+)\$[0-9]+"))} | R1647: {=IFERROR(IF(OR('Raw Data'!R1647="",LEN(TRIM('Raw Data'!R1647))=0),"",IF(AND(ISNUMBER('Raw Data'!R1647), IFERROR('Raw Data'!R1647 = ROUND('Raw Data'!R1647, 2),FALSE)),"",_xlfn.REGEXEXTRACT(CELL("address",R1647), "\$([A-Z]+)\$[0-9]+"))),_xlfn.REGEXEXTRACT(CELL("address",R1647), "\$([A-Z]+)\$[0-9]+"))} | S1647: {=IFERROR(IF(OR('Raw Data'!S1647="",LEN(TRIM('Raw Data'!S1647))=0),"",IF(AND(ISNUMBER('Raw Data'!S1647), IFERROR('Raw Data'!S1647 = ROUND('Raw Data'!S1647, 2),FALSE)),"",_xlfn.REGEXEXTRACT(CELL("address",S1647), "\$([A-Z]+)\$[0-9]+"))),_xlfn.REGEXEXTRACT(CELL("address",S1647), "\$([A-Z]+)\$[0-9]+"))} | T1647: {=IFERROR(IF(OR('Raw Data'!T1647="",LEN(TRIM('Raw Data'!T1647))=0),"",IF(AND(ISNUMBER('Raw Data'!T1647), IFERROR('Raw Data'!T1647 = ROUND('Raw Data'!T1647, 2),FALSE)),"",_xlfn.REGEXEXTRACT(CELL("address",T1647), "\$([A-Z]+)\$[0-9]+"))),_xlfn.REGEXEXTRACT(CELL("address",T1647), "\$([A-Z]+)\$[0-9]+"))} | U1647: {=IFERROR(IF(OR('Raw Data'!U1647="",LEN(TRIM('Raw Data'!U1647))=0),"",IF(AND(ISNUMBER('Raw Data'!U1647), IFERROR('Raw Data'!U1647 = ROUND('Raw Data'!U1647, 2),FALSE)),"",_xlfn.REGEXEXTRACT(CELL("address",U1647), "\$([A-Z]+)\$[0-9]+"))),_xlfn.REGEXEXTRACT(CELL("address",U1647), "\$([A-Z]+)\$[0-9]+"))} | V1647: {=IFERROR(IF(OR('Raw Data'!V1647="",LEN(TRIM('Raw Data'!V1647))=0),"",IF(AND(ISNUMBER('Raw Data'!V1647), IFERROR('Raw Data'!V1647 = ROUND('Raw Data'!V1647, 2),FALSE)),"",_xlfn.REGEXEXTRACT(CELL("address",V1647), "\$([A-Z]+)\$[0-9]+"))),_xlfn.REGEXEXTRACT(CELL("address",V1647), "\$([A-Z]+)\$[0-9]+"))} | W1647: {=IFERROR(IF(OR('Raw Data'!W1647="",LEN(TRIM('Raw Data'!W1647))=0),"",IF(AND(ISNUMBER('Raw Data'!W1647), IFERROR('Raw Data'!W1647 = ROUND('Raw Data'!W1647, 2),FALSE)),"",_xlfn.REGEXEXTRACT(CELL("address",W1647), "\$([A-Z]+)\$[0-9]+"))),_xlfn.REGEXEXTRACT(CELL("address",W1647), "\$([A-Z]+)\$[0-9]+"))} | X1647: {=IFERROR(IF(OR('Raw Data'!X1647="",LEN(TRIM('Raw Data'!X1647))=0),"",IF(AND(ISNUMBER('Raw Data'!X1647), IFERROR('Raw Data'!X1647 = ROUND('Raw Data'!X1647, 2),FALSE)),"",_xlfn.REGEXEXTRACT(CELL("address",X1647), "\$([A-Z]+)\$[0-9]+"))),_xlfn.REGEXEXTRACT(CELL("address",X1647), "\$([A-Z]+)\$[0-9]+"))} | Y1647: {=IFERROR(IF(OR('Raw Data'!Y1647="",LEN(TRIM('Raw Data'!Y1647))=0),"",IF(AND(ISNUMBER('Raw Data'!Y1647), IFERROR('Raw Data'!Y1647 = ROUND('Raw Data'!Y1647, 2),FALSE)),"",_xlfn.REGEXEXTRACT(CELL("address",Y1647), "\$([A-Z]+)\$[0-9]+"))),_xlfn.REGEXEXTRACT(CELL("address",Y1647), "\$([A-Z]+)\$[0-9]+"))}

Sheet Configuration
A1: col_number | B1: range_start | C1: range_stop | D1: project_active_Start | E1: project_inactive_end | F1: relate_document
A2: 2 | B2: B10 | C2: Y? | D2: 45292 | E2: 46388

Sheet Validate_Type
B1: C1 | C1: C2 | D1: C3 | E1: C4 | F1: C5 | G1: C6 | H1: C7 | I1: C8
B2: {=IF('Raw Data'!B1="",_xlfn.REGEXEXTRACT(CELL("address",'Raw Data'!B1),"\$([A-Z]+)\$[0-9]+"),"")} -> $B$1 | C2: {=IF('Raw Data'!C1="",_xlfn.REGEXEXTRACT(CELL("address",'Raw Data'!C1),"\$([A-Z]+)\$[0-9]+"),"")} -> $C$1 | D2: {=IF('Raw Data'!D1="",_xlfn.REGEXEXTRACT(CELL("address",'Raw Data'!D1),"\$([A-Z]+)\$[0-9]+"),"")} -> $D$1 | E2: {=IF('Raw Data'!E1="",_xlfn.REGEXEXTRACT(CELL("address",'Raw Data'!E1),"\$([A-Z]+)\$[0-9]+"),"")} -> $E$1 | F2: {=IF('Raw Data'!F1="",_xlfn.REGEXEXTRACT(CELL("address",'Raw Data'!F1),"\$([A-Z]+)\$[0-9]+"),"")} -> $F$1 | G2: {=IF('Raw Data'!G1="",_xlfn.REGEXEXTRACT(CELL("address",'Raw Data'!G1),"\$([A-Z]+)\$[0-9]+"),"")} -> $G$1 | H2: {=IF('Raw Data'!H1="",_xlfn.REGEXEXTRACT(CELL("address",'Raw Data'!H1),"\$([A-Z]+)\$[0-9]+"),"")} -> $H$1 | I2: {=IF('Raw Data'!I1="",_xlfn.REGEXEXTRACT(CELL("address",'Raw Data'!I1),"\$([A-Z]+)\$[0-9]+"),"")} -> $I$1
B3: {=IF('Raw Data'!B3="",_xlfn.REGEXEXTRACT(CELL("address",'Raw Data'!B3),"\$([A-Z]+)\$[0-9]+"),"")} -> $B$3 | C3: {=IF('Raw Data'!C3="",_xlfn.REGEXEXTRACT(CELL("address",'Raw Data'!C3),"\$([A-Z]+)\$[0-9]+"),"")} -> $C$3 | D3: {=IF('Raw Data'!D3="",_xlfn.REGEXEXTRACT(CELL("address",'Raw Data'!D3),"\$([A-Z]+)\$[0-9]+"),"")} -> $D$3 | E3: {=IF('Raw Data'!E3="",_xlfn.REGEXEXTRACT(CELL("address",'Raw Data'!E3),"\$([A-Z]+)\$[0-9]+"),"")} -> $E$3 | F3: {=IF('Raw Data'!F3="",_xlfn.REGEXEXTRACT(CELL("address",'Raw Data'!F3),"\$([A-Z]+)\$[0-9]+"),"")} -> $F$3 | G3: {=IF('Raw Data'!G3="",_xlfn.REGEXEXTRACT(CELL("address",'Raw Data'!G3),"\$([A-Z]+)\$[0-9]+"),"")} -> $G$3 | H3: {=IF('Raw Data'!H3="",_xlfn.REGEXEXTRACT(CELL("address",'Raw Data'!H3),"\$([A-Z]+)\$[0-9]+"),"")} -> $H$3 | I3: {=IF('Raw Data'!I3="",_xlfn.REGEXEXTRACT(CELL("address",'Raw Data'!I3),"\$([A-Z]+)\$[0-9]+"),"")} -> $I$3
B4: {=IF('Raw Data'!B4="",_xlfn.REGEXEXTRACT(CELL("address",'Raw Data'!B4),"\$([A-Z]+)\$[0-9]+"),"")} -> $B$4 | C4: {=IF('Raw Data'!C4="",_xlfn.REGEXEXTRACT(CELL("address",'Raw Data'!C4),"\$([A-Z]+)\$[0-9]+"),"")} -> $C$4 | D4: {=IF('Raw Data'!D4="",_xlfn.REGEXEXTRACT(CELL("address",'Raw Data'!D4),"\$([A-Z]+)\$[0-9]+"),"")} -> $D$4 | E4: {=IF('Raw Data'!E4="",_xlfn.REGEXEXTRACT(CELL("address",'Raw Data'!E4),"\$([A-Z]+)\$[0-9]+"),"")} -> $E$4 | F4: {=IF('Raw Data'!F4="",_xlfn.REGEXEXTRACT(CELL("address",'Raw Data'!F4),"\$([A-Z]+)\$[0-9]+"),"")} -> $F$4 | G4: {=IF('Raw Data'!G4="",_xlfn.REGEXEXTRACT(CELL("address",'Raw Data'!G4),"\$([A-Z]+)\$[0-9]+"),"")} -> $G$4 | H4: {=IF('Raw Data'!H4="",_xlfn.REGEXEXTRACT(CELL("address",'Raw Data'!H4),"\$([A-Z]+)\$[0-9]+"),"")} -> $H$4 | I4: {=IF('Raw Data'!I4="",_xlfn.REGEXEXTRACT(CELL("address",'Raw Data'!I4),"\$([A-Z]+)\$[0-9]+"),"")} -> $I$4
B5: {=IF('Raw Data'!B5="",_xlfn.REGEXEXTRACT(CELL("address",'Raw Data'!B5),"\$([A-Z]+)\$[0-9]+"),"")} -> $B$5 | C5: {=IF('Raw Data'!C5="",_xlfn.REGEXEXTRACT(CELL("address",'Raw Data'!C5),"\$([A-Z]+)\$[0-9]+"),"")} -> $C$5 | D5: {=IF('Raw Data'!D5="",_xlfn.REGEXEXTRACT(CELL("address",'Raw Data'!D5),"\$([A-Z]+)\$[0-9]+"),"")} -> $D$5 | E5: {=IF('Raw Data'!E5="",_xlfn.REGEXEXTRACT(CELL("address",'Raw Data'!E5),"\$([A-Z]+)\$[0-9]+"),"")} -> $E$5 | F5: {=IF('Raw Data'!F5="",_xlfn.REGEXEXTRACT(CELL("address",'Raw Data'!F5),"\$([A-Z]+)\$[0-9]+"),"")} -> $F$5 | G5: {=IF('Raw Data'!G5="",_xlfn.REGEXEXTRACT(CELL("address",'Raw Data'!G5),"\$([A-Z]+)\$[0-9]+"),"")} -> $G$5 | H5: {=IF('Raw Data'!H5="",_xlfn.REGEXEXTRACT(CELL("address",'Raw Data'!H5),"\$([A-Z]+)\$[0-9]+"),"")} -> $H$5 | I5: {=IF('Raw Data'!I5="",_xlfn.REGEXEXTRACT(CELL("address",'Raw Data'!I5),"\$([A-Z]+)\$[0-9]+"),"")} -> $I$5
B6: {=IF('Raw Data'!B6="",_xlfn.REGEXEXTRACT(CELL("address",'Raw Data'!B6),"\$([A-Z]+)\$[0-9]+"),"")} -> $B$6 | C6: {=IF('Raw Data'!C6="",_xlfn.REGEXEXTRACT(CELL("address",'Raw Data'!C6),"\$([A-Z]+)\$[0-9]+"),"")} -> $C$6 | D6: {=IF('Raw Data'!D6="",_xlfn.REGEXEXTRACT(CELL("address",'Raw Data'!D6),"\$([A-Z]+)\$[0-9]+"),"")} -> $D$6 | E6: {=IF('Raw Data'!E6="",_xlfn.REGEXEXTRACT(CELL("address",'Raw Data'!E6),"\$([A-Z]+)\$[0-9]+"),"")} -> $E$6 | F6: {=IF('Raw Data'!F6="",_xlfn.REGEXEXTRACT(CELL("address",'Raw Data'!F6),"\$([A-Z]+)\$[0-9]+"),"")} -> $F$6 | G6: {=IF('Raw Data'!G6="",_xlfn.REGEXEXTRACT(CELL("address",'Raw Data'!G6),"\$([A-Z]+)\$[0-9]+"),"")} -> $G$6 | H6: {=IF('Raw Data'!H6="",_xlfn.REGEXEXTRACT(CELL("address",'Raw Data'!H6),"\$([A-Z]+)\$[0-9]+"),"")} -> $H$6 | I6: {=IF('Raw Data'!I6="",_xlfn.REGEXEXTRACT(CELL("address",'Raw Data'!I6),"\$([A-Z]+)\$[0-9]+"),"")} -> $I$6
B7: {=IF('Raw Data'!B7="",_xlfn.REGEXEXTRACT(CELL("address",'Raw Data'!B7),"\$([A-Z]+)\$[0-9]+"),"")} -> $B$7 | C7: {=IF('Raw Data'!C7="",_xlfn.REGEXEXTRACT(CELL("address",'Raw Data'!C7),"\$([A-Z]+)\$[0-9]+"),"")} -> $C$7 | D7: {=IF('Raw Data'!D7="",_xlfn.REGEXEXTRACT(CELL("address",'Raw Data'!D7),"\$([A-Z]+)\$[0-9]+"),"")} -> $D$7 | E7: {=IF('Raw Data'!E7="",_xlfn.REGEXEXTRACT(CELL("address",'Raw Data'!E7),"\$([A-Z]+)\$[0-9]+"),"")} -> $E$7 | F7: {=IF('Raw Data'!F7="",_xlfn.REGEXEXTRACT(CELL("address",'Raw Data'!F7),"\$([A-Z]+)\$[0-9]+"),"")} -> $F$7 | G7: {=IF('Raw Data'!G7="",_xlfn.REGEXEXTRACT(CELL("address",'Raw Data'!G7),"\$([A-Z]+)\$[0-9]+"),"")} -> $G$7 | H7: {=IF('Raw Data'!H7="",_xlfn.REGEXEXTRACT(CELL("address",'Raw Data'!H7),"\$([A-Z]+)\$[0-9]+"),"")} -> $H$7 | I7: {=IF('Raw Data'!I7="",_xlfn.REGEXEXTRACT(CELL("address",'Raw Data'!I7),"\$([A-Z]+)\$[0-9]+"),"")} -> $I$7
B8: {=IF('Raw Data'!B8="",_xlfn.REGEXEXTRACT(CELL("address",'Raw Data'!B8),"\$([A-Z]+)\$[0-9]+"),"")} -> $B$8 | C8: {=IF('Raw Data'!C8="",_xlfn.REGEXEXTRACT(CELL("address",'Raw Data'!C8),"\$([A-Z]+)\$[0-9]+"),"")} -> $C$8 | D8: {=IF('Raw Data'!D8="",_xlfn.REGEXEXTRACT(CELL("address",'Raw Data'!D8),"\$([A-Z]+)\$[0-9]+"),"")} -> $D$8 | E8: {=IF('Raw Data'!E8="",_xlfn.REGEXEXTRACT(CELL("address",'Raw Data'!E8),"\$([A-Z]+)\$[0-9]+"),"")} -> $E$8 | F8: {=IF('Raw Data'!F8="",_xlfn.REGEXEXTRACT(CELL("address",'Raw Data'!F8),"\$([A-Z]+)\$[0-9]+"),"")} -> $F$8 | G8: {=IF('Raw Data'!G8="",_xlfn.REGEXEXTRACT(CELL("address",'Raw Data'!G8),"\$([A-Z]+)\$[0-9]+"),"")} -> $G$8 | H8: {=IF('Raw Data'!H8="",_xlfn.REGEXEXTRACT(CELL("address",'Raw Data'!H8),"\$([A-Z]+)\$[0-9]+"),"")} -> $H$8 | I8: {=IF('Raw Data'!I8="",_xlfn.REGEXEXTRACT(CELL("address",'Raw Data'!I8),"\$([A-Z]+)\$[0-9]+"),"")} -> $I$8
B9: {=IF('Raw Data'!#REF!="",_xlfn.REGEXEXTRACT(CELL("address",'Raw Data'!#REF!),"\$([A-Z]+)\$[0-9]+"),"")} -> #REF! | C9: {=IF('Raw Data'!#REF!="",_xlfn.REGEXEXTRACT(CELL("address",'Raw Data'!#REF!),"\$([A-Z]+)\$[0-9]+"),"")} -> #REF! | D9: {=IF('Raw Data'!#REF!="",_xlfn.REGEXEXTRACT(CELL("address",'Raw Data'!#REF!),"\$([A-Z]+)\$[0-9]+"),"")} -> #REF! | E9: {=IF('Raw Data'!#REF!="",_xlfn.REGEXEXTRACT(CELL("address",'Raw Data'!#REF!),"\$([A-Z]+)\$[0-9]+"),"")} -> #REF! | F9: {=IF('Raw Data'!#REF!="",_xlfn.REGEXEXTRACT(CELL("address",'Raw Data'!#REF!),"\$([A-Z]+)\$[0-9]+"),"")} -> #REF! | G9: {=IF('Raw Data'!#REF!="",_xlfn.REGEXEXTRACT(CELL("address",'Raw Data'!#REF!),"\$([A-Z]+)\$[0-9]+"),"")} -> #REF! | H9: {=IF('Raw Data'!#REF!="",_xlfn.REGEXEXTRACT(CELL("address",'Raw Data'!#REF!),"\$([A-Z]+)\$[0-9]+"),"")} -> #REF! | I9: {=IF('Raw Data'!#REF!="",_xlfn.REGEXEXTRACT(CELL("address",'Raw Data'!#REF!),"\$([A-Z]+)\$[0-9]+"),"")} -> #REF!
B10: {=IF('Raw Data'!B10="",_xlfn.REGEXEXTRACT(CELL("address",'Raw Data'!B10),"\$([A-Z]+)\$[0-9]+"),"")} | C10: {=IF('Raw Data'!C10="",_xlfn.REGEXEXTRACT(CELL("address",'Raw Data'!C10),"\$([A-Z]+)\$[0-9]+"),"")} | D10: {=IF('Raw Data'!D10="",_xlfn.REGEXEXTRACT(CELL("address",'Raw Data'!D10),"\$([A-Z]+)\$[0-9]+"),"")} | E10: {=IF('Raw Data'!E10="",_xlfn.REGEXEXTRACT(CELL("address",'Raw Data'!E10),"\$([A-Z]+)\$[0-9]+"),"")} | F10: {=IF('Raw Data'!F10="",_xlfn.REGEXEXTRACT(CELL("address",'Raw Data'!F10),"\$([A-Z]+)\$[0-9]+"),"")} | G10: {=IF('Raw Data'!G10="",_xlfn.REGEXEXTRACT(CELL("address",'Raw Data'!G10),"\$([A-Z]+)\$[0-9]+"),"")} | H10: {=IF('Raw Data'!H10="",_xlfn.REGEXEXTRACT(CELL("address",'Raw Data'!H10),"\$([A-Z]+)\$[0-9]+"),"")} | I10: {=IF('Raw Data'!I10="",_xlfn.REGEXEXTRACT(CELL("address",'Raw Data'!I10),"\$([A-Z]+)\$[0-9]+"),"")}
B11: {=IF('Raw Data'!B11="",_xlfn.REGEXEXTRACT(CELL("address",'Raw Data'!B11),"\$([A-Z]+)\$[0-9]+"),"")} | C11: {=IF('Raw Data'!C11="",_xlfn.REGEXEXTRACT(CELL("address",'Raw Data'!C11),"\$([A-Z]+)\$[0-9]+"),"")} | D11: {=IF('Raw Data'!D11="",_xlfn.REGEXEXTRACT(CELL("address",'Raw Data'!D11),"\$([A-Z]+)\$[0-9]+"),"")} | E11: {=IF('Raw Data'!E11="",_xlfn.REGEXEXTRACT(CELL("address",'Raw Data'!E11),"\$([A-Z]+)\$[0-9]+"),"")} | F11: {=IF('Raw Data'!F11="",_xlfn.REGEXEXTRACT(CELL("address",'Raw Data'!F11),"\$([A-Z]+)\$[0-9]+"),"")} | G11: {=IF('Raw Data'!G11="",_xlfn.REGEXEXTRACT(CELL("address",'Raw Data'!G11),"\$([A-Z]+)\$[0-9]+"),"")} | H11: {=IF('Raw Data'!H11="",_xlfn.REGEXEXTRACT(CELL("address",'Raw Data'!H11),"\$([A-Z]+)\$[0-9]+"),"")} | I11: {=IF('Raw Data'!I11="",_xlfn.REGEXEXTRACT(CELL("address",'Raw Data'!I11),"\$([A-Z]+)\$[0-9]+"),"")}
B12: {=IF('Raw Data'!B12="",_xlfn.REGEXEXTRACT(CELL("address",'Raw Data'!B12),"\$([A-Z]+)\$[0-9]+"),"")} | C12: {=IF('Raw Data'!C12="",_xlfn.REGEXEXTRACT(CELL("address",'Raw Data'!C12),"\$([A-Z]+)\$[0-9]+"),"")} | D12: {=IF('Raw Data'!D12="",_xlfn.REGEXEXTRACT(CELL("address",'Raw Data'!D12),"\$([A-Z]+)\$[0-9]+"),"")} | E12: {=IF('Raw Data'!E12="",_xlfn.REGEXEXTRACT(CELL("address",'Raw Data'!E12),"\$([A-Z]+)\$[0-9]+"),"")} | F12: {=IF('Raw Data'!F12="",_xlfn.REGEXEXTRACT(CELL("address",'Raw Data'!F12),"\$([A-Z]+)\$[0-9]+"),"")} | G12: {=IF('Raw Data'!G12="",_xlfn.REGEXEXTRACT(CELL("address",'Raw Data'!G12),"\$([A-Z]+)\$[0-9]+"),"")} | H12: {=IF('Raw Data'!H12="",_xlfn.REGEXEXTRACT(CELL("address",'Raw Data'!H12),"\$([A-Z]+)\$[0-9]+"),"")} | I12: {=IF('Raw Data'!I12="",_xlfn.REGEXEXTRACT(CELL("address",'Raw Data'!I12),"\$([A-Z]+)\$[0-9]+"),"")}
B13: {=IF('Raw Data'!B13="",_xlfn.REGEXEXTRACT(CELL("address",'Raw Data'!B13),"\$([A-Z]+)\$[0-9]+"),"")} | C13: {=IF('Raw Data'!C13="",_xlfn.REGEXEXTRACT(CELL("address",'Raw Data'!C13),"\$([A-Z]+)\$[0-9]+"),"")} | D13: {=IF('Raw Data'!D13="",_xlfn.REGEXEXTRACT(CELL("address",'Raw Data'!D13),"\$([A-Z]+)\$[0-9]+"),"")} | E13: {=IF('Raw Data'!E13="",_xlfn.REGEXEXTRACT(CELL("address",'Raw Data'!E13),"\$([A-Z]+)\$[0-9]+"),"")} | F13: {=IF('Raw Data'!F13="",_xlfn.REGEXEXTRACT(CELL("address",'Raw Data'!F13),"\$([A-Z]+)\$[0-9]+"),"")} | G13: {=IF('Raw Data'!G13="",_xlfn.REGEXEXTRACT(CELL("address",'Raw Data'!G13),"\$([A-Z]+)\$[0-9]+"),"")} | H13: {=IF('Raw Data'!H13="",_xlfn.REGEXEXTRACT(CELL("address",'Raw Data'!H13),"\$([A-Z]+)\$[0-9]+"),"")} | I13: {=IF('Raw Data'!I13="",_xlfn.REGEXEXTRACT(CELL("address",'Raw Data'!I13),"\$([A-Z]+)\$[0-9]+"),"")}
B14: {=IF('Raw Data'!B14="",_xlfn.REGEXEXTRACT(CELL("address",'Raw Data'!B14),"\$([A-Z]+)\$[0-9]+"),"")} | C14: {=IF('Raw Data'!C14="",_xlfn.REGEXEXTRACT(CELL("address",'Raw Data'!C14),"\$([A-Z]+)\$[0-9]+"),"")} | D14: {=IF('Raw Data'!D14="",_xlfn.REGEXEXTRACT(CELL("address",'Raw Data'!D14),"\$([A-Z]+)\$[0-9]+"),"")} | E14: {=IF('Raw Data'!E14="",_xlfn.REGEXEXTRACT(CELL("address",'Raw Data'!E14),"\$([A-Z]+)\$[0-9]+"),"")} | F14: {=IF('Raw Data'!F14="",_xlfn.REGEXEXTRACT(CELL("address",'Raw Data'!F14),"\$([A-Z]+)\$[0-9]+"),"")} | G14: {=IF('Raw Data'!G14="",_xlfn.REGEXEXTRACT(CELL("address",'Raw Data'!G14),"\$([A-Z]+)\$[0-9]+"),"")} | H14: {=IF('Raw Data'!H14="",_xlfn.REGEXEXTRACT(CELL("address",'Raw Data'!H14),"\$([A-Z]+)\$[0-9]+"),"")} | I14: {=IF('Raw Data'!I14="",_xlfn.REGEXEXTRACT(CELL("address",'Raw Data'!I14),"\$([A-Z]+)\$[0-9]+"),"")}
B15: {=IF('Raw Data'!B15="",_xlfn.REGEXEXTRACT(CELL("address",'Raw Data'!B15),"\$([A-Z]+)\$[0-9]+"),"")} | C15: {=IF('Raw Data'!C15="",_xlfn.REGEXEXTRACT(CELL("address",'Raw Data'!C15),"\$([A-Z]+)\$[0-9]+"),"")} | D15: {=IF('Raw Data'!D15="",_xlfn.REGEXEXTRACT(CELL("address",'Raw Data'!D15),"\$([A-Z]+)\$[0-9]+"),"")} | E15: {=IF('Raw Data'!E15="",_xlfn.REGEXEXTRACT(CELL("address",'Raw Data'!E15),"\$([A-Z]+)\$[0-9]+"),"")} | F15: {=IF('Raw Data'!F15="",_xlfn.REGEXEXTRACT(CELL("address",'Raw Data'!F15),"\$([A-Z]+)\$[0-9]+"),"")} | G15: {=IF('Raw Data'!G15="",_xlfn.REGEXEXTRACT(CELL("address",'Raw Data'!G15),"\$([A-Z]+)\$[0-9]+"),"")} | H15: {=IF('Raw Data'!H15="",_xlfn.REGEXEXTRACT(CELL("address",'Raw Data'!H15),"\$([A-Z]+)\$[0-9]+"),"")} | I15: {=IF('Raw Data'!I15="",_xlfn.REGEXEXTRACT(CELL("address",'Raw Data'!I15),"\$([A-Z]+)\$[0-9]+"),"")}
B16: {=IF('Raw Data'!B16="",_xlfn.REGEXEXTRACT(CELL("address",'Raw Data'!B16),"\$([A-Z]+)\$[0-9]+"),"")} | C16: {=IF('Raw Data'!C16="",_xlfn.REGEXEXTRACT(CELL("address",'Raw Data'!C16),"\$([A-Z]+)\$[0-9]+"),"")} | D16: {=IF('Raw Data'!D16="",_xlfn.REGEXEXTRACT(CELL("address",'Raw Data'!D16),"\$([A-Z]+)\$[0-9]+"),"")} | E16: {=IF('Raw Data'!E16="",_xlfn.REGEXEXTRACT(CELL("address",'Raw Data'!E16),"\$([A-Z]+)\$[0-9]+"),"")} | F16: {=IF('Raw Data'!F16="",_xlfn.REGEXEXTRACT(CELL("address",'Raw Data'!F16),"\$([A-Z]+)\$[0-9]+"),"")} | G16: {=IF('Raw Data'!G16="",_xlfn.REGEXEXTRACT(CELL("address",'Raw Data'!G16),"\$([A-Z]+)\$[0-9]+"),"")} | H16: {=IF('Raw Data'!H16="",_xlfn.REGEXEXTRACT(CELL("address",'Raw Data'!H16),"\$([A-Z]+)\$[0-9]+"),"")} | I16: {=IF('Raw Data'!I16="",_xlfn.REGEXEXTRACT(CELL("address",'Raw Data'!I16),"\$([A-Z]+)\$[0-9]+"),"")}
B17: {=IF('Raw Data'!B17="",_xlfn.REGEXEXTRACT(CELL("address",'Raw Data'!B17),"\$([A-Z]+)\$[0-9]+"),"")} | C17: {=IF('Raw Data'!C17="",_xlfn.REGEXEXTRACT(CELL("address",'Raw Data'!C17),"\$([A-Z]+)\$[0-9]+"),"")} | D17: {=IF('Raw Data'!D17="",_xlfn.REGEXEXTRACT(CELL("address",'Raw Data'!D17),"\$([A-Z]+)\$[0-9]+"),"")} | E17: {=IF('Raw Data'!E17="",_xlfn.REGEXEXTRACT(CELL("address",'Raw Data'!E17),"\$([A-Z]+)\$[0-9]+"),"")} | F17: {=IF('Raw Data'!F17="",_xlfn.REGEXEXTRACT(CELL("address",'Raw Data'!F17),"\$([A-Z]+)\$[0-9]+"),"")} | G17: {=IF('Raw Data'!G17="",_xlfn.REGEXEXTRACT(CELL("address",'Raw Data'!G17),"\$([A-Z]+)\$[0-9]+"),"")} | H17: {=IF('Raw Data'!H17="",_xlfn.REGEXEXTRACT(CELL("address",'Raw Data'!H17),"\$([A-Z]+)\$[0-9]+"),"")} | I17: {=IF('Raw Data'!I17="",_xlfn.REGEXEXTRACT(CELL("address",'Raw Data'!I17),"\$([A-Z]+)\$[0-9]+"),"")}
B18: {=IF('Raw Data'!B18="",_xlfn.REGEXEXTRACT(CELL("address",'Raw Data'!B18),"\$([A-Z]+)\$[0-9]+"),"")} | C18: {=IF('Raw Data'!C18="",_xlfn.REGEXEXTRACT(CELL("address",'Raw Data'!C18),"\$([A-Z]+)\$[0-9]+"),"")} | D18: {=IF('Raw Data'!D18="",_xlfn.REGEXEXTRACT(CELL("address",'Raw Data'!D18),"\$([A-Z]+)\$[0-9]+"),"")} | E18: {=IF('Raw Data'!E18="",_xlfn.REGEXEXTRACT(CELL("address",'Raw Data'!E18),"\$([A-Z]+)\$[0-9]+"),"")} | F18: {=IF('Raw Data'!F18="",_xlfn.REGEXEXTRACT(CELL("address",'Raw Data'!F18),"\$([A-Z]+)\$[0-9]+"),"")} | G18: {=IF('Raw Data'!G18="",_xlfn.REGEXEXTRACT(CELL("address",'Raw Data'!G18),"\$([A-Z]+)\$[0-9]+"),"")} | H18: {=IF('Raw Data'!H18="",_xlfn.REGEXEXTRACT(CELL("address",'Raw Data'!H18),"\$([A-Z]+)\$[0-9]+"),"")} | I18: {=IF('Raw Data'!I18="",_xlfn.REGEXEXTRACT(CELL("address",'Raw Data'!I18),"\$([A-Z]+)\$[0-9]+"),"")}
B19: {=IF('Raw Data'!B19="",_xlfn.REGEXEXTRACT(CELL("address",'Raw Data'!B19),"\$([A-Z]+)\$[0-9]+"),"")} | C19: {=IF('Raw Data'!C19="",_xlfn.REGEXEXTRACT(CELL("address",'Raw Data'!C19),"\$([A-Z]+)\$[0-9]+"),"")} | D19: {=IF('Raw Data'!D19="",_xlfn.REGEXEXTRACT(CELL("address",'Raw Data'!D19),"\$([A-Z]+)\$[0-9]+"),"")} | E19: {=IF('Raw Data'!E19="",_xlfn.REGEXEXTRACT(CELL("address",'Raw Data'!E19),"\$([A-Z]+)\$[0-9]+"),"")} | F19: {=IF('Raw Data'!F19="",_xlfn.REGEXEXTRACT(CELL("address",'Raw Data'!F19),"\$([A-Z]+)\$[0-9]+"),"")} | G19: {=IF('Raw Data'!G19="",_xlfn.REGEXEXTRACT(CELL("address",'Raw Data'!G19),"\$([A-Z]+)\$[0-9]+"),"")} | H19: {=IF('Raw Data'!H19="",_xlfn.REGEXEXTRACT(CELL("address",'Raw Data'!H19),"\$([A-Z]+)\$[0-9]+"),"")} | I19: {=IF('Raw Data'!I19="",_xlfn.REGEXEXTRACT(CELL("address",'Raw Data'!I19),"\$([A-Z]+)\$[0-9]+"),"")}
B20: {=IF('Raw Data'!B20="",_xlfn.REGEXEXTRACT(CELL("address",'Raw Data'!B20),"\$([A-Z]+)\$[0-9]+"),"")} | C20: {=IF('Raw Data'!C20="",_xlfn.REGEXEXTRACT(CELL("address",'Raw Data'!C20),"\$([A-Z]+)\$[0-9]+"),"")} | D20: {=IF('Raw Data'!D20="",_xlfn.REGEXEXTRACT(CELL("address",'Raw Data'!D20),"\$([A-Z]+)\$[0-9]+"),"")} | E20: {=IF('Raw Data'!E20="",_xlfn.REGEXEXTRACT(CELL("address",'Raw Data'!E20),"\$([A-Z]+)\$[0-9]+"),"")} | F20: {=IF('Raw Data'!F20="",_xlfn.REGEXEXTRACT(CELL("address",'Raw Data'!F20),"\$([A-Z]+)\$[0-9]+"),"")} | G20: {=IF('Raw Data'!G20="",_xlfn.REGEXEXTRACT(CELL("address",'Raw Data'!G20),"\$([A-Z]+)\$[0-9]+"),"")} | H20: {=IF('Raw Data'!H20="",_xlfn.REGEXEXTRACT(CELL("address",'Raw Data'!H20),"\$([A-Z]+)\$[0-9]+"),"")} | I20: {=IF('Raw Data'!I20="",_xlfn.REGEXEXTRACT(CELL("address",'Raw Data'!I20),"\$([A-Z]+)\$[0-9]+"),"")}
B21: {=IF('Raw Data'!B21="",_xlfn.REGEXEXTRACT(CELL("address",'Raw Data'!B21),"\$([A-Z]+)\$[0-9]+"),"")} | C21: {=IF('Raw Data'!C21="",_xlfn.REGEXEXTRACT(CELL("address",'Raw Data'!C21),"\$([A-Z]+)\$[0-9]+"),"")} | D21: {=IF('Raw Data'!D21="",_xlfn.REGEXEXTRACT(CELL("address",'Raw Data'!D21),"\$([A-Z]+)\$[0-9]+"),"")} | E21: {=IF('Raw Data'!E21="",_xlfn.REGEXEXTRACT(CELL("address",'Raw Data'!E21),"\$([A-Z]+)\$[0-9]+"),"")} | F21: {=IF('Raw Data'!F21="",_xlfn.REGEXEXTRACT(CELL("address",'Raw Data'!F21),"\$([A-Z]+)\$[0-9]+"),"")} | G21: {=IF('Raw Data'!G21="",_xlfn.REGEXEXTRACT(CELL("address",'Raw Data'!G21),"\$([A-Z]+)\$[0-9]+"),"")} | H21: {=IF('Raw Data'!H21="",_xlfn.REGEXEXTRACT(CELL("address",'Raw Data'!H21),"\$([A-Z]+)\$[0-9]+"),"")} | I21: {=IF('Raw Data'!I21="",_xlfn.REGEXEXTRACT(CELL("address",'Raw Data'!I21),"\$([A-Z]+)\$[0-9]+"),"")}
... B300: {=IF('Raw Data'!B300="",_xlfn.REGEXEXTRACT(CELL("address",'Raw Data'!B300),"\$([A-Z]+)\$[0-9]+"),"")} | C300: {=IF('Raw Data'!C300="",_xlfn.REGEXEXTRACT(CELL("address",'Raw Data'!C300),"\$([A-Z]+)\$[0-9]+"),"")} | D300: {=IF('Raw Data'!D300="",_xlfn.REGEXEXTRACT(CELL("address",'Raw Data'!D300),"\$([A-Z]+)\$[0-9]+"),"")} | E300: {=IF('Raw Data'!E300="",_xlfn.REGEXEXTRACT(CELL("address",'Raw Data'!E300),"\$([A-Z]+)\$[0-9]+"),"")} | F300: {=IF('Raw Data'!F300="",_xlfn.REGEXEXTRACT(CELL("address",'Raw Data'!F300),"\$([A-Z]+)\$[0-9]+"),"")} | G300: {=IF('Raw Data'!G300="",_xlfn.REGEXEXTRACT(CELL("address",'Raw Data'!G300),"\$([A-Z]+)\$[0-9]+"),"")} | H300: {=IF('Raw Data'!H300="",_xlfn.REGEXEXTRACT(CELL("address",'Raw Data'!H300),"\$([A-Z]+)\$[0-9]+"),"")} | I300: {=IF('Raw Data'!I300="",_xlfn.REGEXEXTRACT(CELL("address",'Raw Data'!I300),"\$([A-Z]+)\$[0-9]+"),"")}
